time,ticker,start_time,price,ticker_id,charm_per_one_percent_move_dir,charm_per_one_percent_move_oi,charm_per_one_percent_move_vol,gamma_per_one_percent_move_dir,gamma_per_one_percent_move_oi,gamma_per_one_percent_move_vol,vanna_per_one_percent_move_dir,vanna_per_one_percent_move_oi,vanna_per_one_percent_move_vol
2026-06-25T10:30:51.276000Z,COIN,2026-06-25T10:30:00.000000Z,153.9517,5333,0,-20602877.17,0,0,-428238.44,0,0.00,332597.91,0.00
2026-06-25T10:38:51.338000Z,COIN,2026-06-25T10:38:00.000000Z,153.9517,5333,0,-18836774706.28,0,0,-5441039.08,0,0.00,12606903.17,0.00
2026-06-25T10:39:51.682000Z,COIN,2026-06-25T10:39:00.000000Z,153.9517,5333,0,-18836774706.28,0,0,-5441039.08,0,0.00,12606903.17,0.00
2026-06-25T10:40:52.220000Z,COIN,2026-06-25T10:40:00.000000Z,153.9517,5333,0,-18840782298.19,0,0,-5947649.29,0,0.00,12568197.80,0.00
2026-06-25T10:41:52.963000Z,COIN,2026-06-25T10:41:00.000000Z,153.9517,5333,0,-18840782298.19,0,0,-5947649.29,0,0.00,12568197.80,0.00
2026-06-25T10:42:23.035000Z,COIN,2026-06-25T10:42:00.000000Z,153.9517,5333,0,-18840782298.19,0,0,-5947649.29,0,0.00,12568197.80,0.00
2026-06-25T10:43:51.186000Z,COIN,2026-06-25T10:43:00.000000Z,153.4,5333,0,-18773264631.32,0,0,-5905097.78,0,0.00,12523158.52,0.00
2026-06-25T10:44:52.270000Z,COIN,2026-06-25T10:44:00.000000Z,153.4,5333,0,-18752123391.54,0,0,-6459960.95,0,0.00,12494288.13,0.00
2026-06-25T10:47:51.231000Z,COIN,2026-06-25T10:47:00.000000Z,153.4,5333,0,-18752123229.95,0,0,-6459960.92,0,0.00,12494288.13,0.00
2026-06-25T10:50:51.230000Z,COIN,2026-06-25T10:50:00.000000Z,153.4,5333,0,-18760095225.36,0,0,-7081208.17,0,0.00,12452451.03,0.00
2026-06-25T10:51:51.153000Z,COIN,2026-06-25T10:51:00.000000Z,153.4,5333,0,-18757879530.86,0,0,-7017115.89,0,0.00,12454968.08,0.00
2026-06-25T10:55:51.164000Z,COIN,2026-06-25T10:55:00.000000Z,153.4,5333,0,-18758376165.18,0,0,-7081208.16,0,0.00,12450059.85,0.00
2026-06-25T10:58:51.241000Z,COIN,2026-06-25T10:58:00.000000Z,153.15,5333,0,-18716015684.34,0,0,-6374638.32,0,0.00,12471346.00,0.00
2026-06-25T11:00:51.237000Z,COIN,2026-06-25T11:00:00.000000Z,153.6,5333,0,-18763879660.67,0,0,-6949256.18,0,0.00,12478535.25,0.00
2026-06-25T11:01:51.253000Z,COIN,2026-06-25T11:01:00.000000Z,153.4799,5333,0,-18768347959.78,0,0,-6681571.48,0,0.00,12472126.23,0.00
2026-06-25T11:02:51.196000Z,COIN,2026-06-25T11:02:00.000000Z,153.4799,5333,0,-18752723638.02,0,0,-6212683.58,0,0.00,12502905.58,0.00
2026-06-25T11:03:51.161000Z,COIN,2026-06-25T11:03:00.000000Z,153.4799,5333,0,-18760618251.66,0,0,-6617155.54,0,0.00,12478374.23,0.00
2026-06-25T11:04:51.156000Z,COIN,2026-06-25T11:04:00.000000Z,153.0134,5333,0,-18707079965.1,0,0,-6853713.23,0,0.00,12421600.47,0.00
2026-06-25T11:05:51.173000Z,COIN,2026-06-25T11:05:00.000000Z,153.16,5333,0,-18704157331.18,0,0,-7200735.37,0,0.00,12424024.28,0.00
2026-06-25T11:06:51.173000Z,COIN,2026-06-25T11:06:00.000000Z,152.7,5333,0,-18651294993.74,0,0,-6846863.95,0,0.00,12402420.03,0.00
2026-06-25T11:07:51.166000Z,COIN,2026-06-25T11:07:00.000000Z,152.76,5333,0,-18645244816.53,0,0,-7821764.56,0,0.00,12372014.24,0.00
2026-06-25T11:08:51.173000Z,COIN,2026-06-25T11:08:00.000000Z,152.77,5333,0,-18648101461.24,0,0,-7699116.19,0,0.00,12362735.54,0.00
2026-06-25T11:09:51.260000Z,COIN,2026-06-25T11:09:00.000000Z,152.66,5333,0,-18634583756.16,0,0,-7666858.28,0,0.00,12354484.10,0.00
2026-06-25T11:12:51.183000Z,COIN,2026-06-25T11:12:00.000000Z,152.66,5333,0,-18636002109.92,0,0,-8234052.3,0,0.00,12320644.82,0.00
2026-06-25T11:14:51.155000Z,COIN,2026-06-25T11:14:00.000000Z,152.66,5333,0,-18633224050.1,0,0,-8129693.55,0,0.00,12325601.60,0.00
2026-06-25T11:15:51.154000Z,COIN,2026-06-25T11:15:00.000000Z,152.71,5333,0,-18631402202.08,0,0,-7671881.28,0,0.00,12357821.93,0.00
2026-06-25T11:17:51.141000Z,COIN,2026-06-25T11:17:00.000000Z,152.9,5333,0,-18659320725,0,0,-7818123.64,0,0.00,12363359.26,0.00
2026-06-25T11:18:51.239000Z,COIN,2026-06-25T11:18:00.000000Z,152.9,5333,0,-18663981648.21,0,0,-7416410.3,0,0.00,12382850.44,0.00
2026-06-25T11:20:51.238000Z,COIN,2026-06-25T11:20:00.000000Z,152.8523,5333,0,-18660558615.42,0,0,-7601708.9,0,0.00,12366125.41,0.00
2026-06-25T11:21:51.224000Z,COIN,2026-06-25T11:21:00.000000Z,152.8523,5333,0,-18655586312.96,0,0,-7512499.85,0,0.00,12371966.68,0.00
2026-06-25T11:22:51.144000Z,COIN,2026-06-25T11:22:00.000000Z,152.8523,5333,0,-18656182077.97,0,0,-7580622.48,0,0.00,12366964.74,0.00
2026-06-25T11:23:51.149000Z,COIN,2026-06-25T11:23:00.000000Z,152.67,5333,0,-18635379765.74,0,0,-7689040.13,0,0.00,12343372.48,0.00
2026-06-25T11:26:51.159000Z,COIN,2026-06-25T11:26:00.000000Z,152.85,5333,0,-18648588126.15,0,0,-7893902.92,0,0.00,12365795.38,0.00
2026-06-25T11:27:51.146000Z,COIN,2026-06-25T11:27:00.000000Z,152.77,5333,0,-18642950522.39,0,0,-7509259.57,0,0.00,12361488.81,0.00
2026-06-25T11:33:51.242000Z,COIN,2026-06-25T11:33:00.000000Z,152.6776,5333,0,-18629015469.08,0,0,-7668626.19,0,0.00,12344671.86,0.00
2026-06-25T11:35:51.153000Z,COIN,2026-06-25T11:35:00.000000Z,152.9322,5333,0,-18652605597.94,0,0,-7736707.15,0,0.00,12361461.09,0.00
2026-06-25T11:36:51.161000Z,COIN,2026-06-25T11:36:00.000000Z,152.99,5333,0,-18668054953.65,0,0,-7356958.1,0,0.00,12382925.32,0.00
2026-06-25T11:38:51.158000Z,COIN,2026-06-25T11:38:00.000000Z,153.08,5333,0,-18680040094.98,0,0,-7242930.62,0,0.00,12395892.24,0.00
2026-06-25T11:39:51.163000Z,COIN,2026-06-25T11:39:00.000000Z,153,5333,0,-18671502796.77,0,0,-7044326.94,0,0.00,12398307.99,0.00
2026-06-25T11:41:51.162000Z,COIN,2026-06-25T11:41:00.000000Z,153.1,5333,0,-18681357734.67,0,0,-7223574.7,0,0.00,12396794.19,0.00
2026-06-25T11:42:51.206000Z,COIN,2026-06-25T11:42:00.000000Z,152.99,5333,0,-18669337314.11,0,0,-7000909.85,0,0.00,12398007.56,0.00
2026-06-25T11:44:51.240000Z,COIN,2026-06-25T11:44:00.000000Z,153,5333,0,-18667531546.72,0,0,-7235362.25,0,0.00,12385813.37,0.00
2026-06-25T11:50:51.155000Z,COIN,2026-06-25T11:50:00.000000Z,153.006,5333,0,-18667575214.37,0,0,-7214707.19,0,0.00,12386178.60,0.00
2026-06-25T11:51:51.167000Z,COIN,2026-06-25T11:51:00.000000Z,153.006,5333,0,-18664890004.46,0,0,-7201971.6,0,0.00,12383216.88,0.00
2026-06-25T11:52:51.151000Z,COIN,2026-06-25T11:52:00.000000Z,153.006,5333,0,-18664591237.79,0,0,-7214707.19,0,0.00,12381801.94,0.00
2026-06-25T11:53:51.147000Z,COIN,2026-06-25T11:53:00.000000Z,152.8,5333,0,-18638806068.27,0,0,-7182591.85,0,0.00,12365341.22,0.00
2026-06-25T11:54:51.163000Z,COIN,2026-06-25T11:54:00.000000Z,152.66,5333,0,-18616190968.05,0,0,-7603620.59,0,0.00,12331000.64,0.00
2026-06-25T11:55:51.246000Z,COIN,2026-06-25T11:55:00.000000Z,152.71,5333,0,-18617879316.49,0,0,-7900366.76,0,0.00,12334908.60,0.00
2026-06-25T12:00:51.247000Z,COIN,2026-06-25T12:00:00.000000Z,153,5333,0,-18654345772.63,0,0,-7828353.44,0,0.00,12347643.38,0.00
2026-06-25T12:02:51.167000Z,COIN,2026-06-25T12:02:00.000000Z,153.184,5333,0,-18681620115.96,0,0,-7231503.48,0,0.00,12390934.08,0.00
2026-06-25T12:03:51.140000Z,COIN,2026-06-25T12:03:00.000000Z,153.184,5333,0,-18684476449.16,0,0,-6839132.98,0,0.00,12410201.16,0.00
2026-06-25T12:04:51.161000Z,COIN,2026-06-25T12:04:00.000000Z,153.04,5333,0,-18673892529.11,0,0,-7387626.11,0,0.00,12361512.14,0.00
2026-06-25T12:05:51.280000Z,COIN,2026-06-25T12:05:00.000000Z,153.04,5333,0,-18662954820.33,0,0,-7133006.67,0,0.00,12381239.29,0.00
2026-06-25T12:09:51.300000Z,COIN,2026-06-25T12:09:00.000000Z,153.12,5333,0,-18675937622.94,0,0,-7416563.02,0,0.00,12369410.94,0.00
2026-06-25T12:10:51.286000Z,COIN,2026-06-25T12:10:00.000000Z,153.1,5333,0,-18669383799.57,0,0,-6968386,0,0.00,12392098.06,0.00
2026-06-25T12:12:51.209000Z,COIN,2026-06-25T12:12:00.000000Z,153.1,5333,0,-18668469277.89,0,0,-7010980.8,0,0.00,12389369.46,0.00
2026-06-25T12:13:51.209000Z,COIN,2026-06-25T12:13:00.000000Z,153.1,5333,0,-18668007210.56,0,0,-7053538.22,0,0.00,12385285.56,0.00
2026-06-25T12:14:51.227000Z,COIN,2026-06-25T12:14:00.000000Z,152.65,5333,0,-18620889244.98,0,0,-7644654.31,0,0.00,12307285.04,0.00
2026-06-25T12:15:51.308000Z,COIN,2026-06-25T12:15:00.000000Z,152.65,5333,0,-18600903226.13,0,0,-7915052.95,0,0.00,12316947.10,0.00
2026-06-25T12:17:51.204000Z,COIN,2026-06-25T12:17:00.000000Z,152.65,5333,0,-18599834462.84,0,0,-7873258.53,0,0.00,12319161.76,0.00
2026-06-25T12:23:51.156000Z,COIN,2026-06-25T12:23:00.000000Z,152.51,5333,0,-18582382915.79,0,0,-7900541.31,0,0.00,12303852.06,0.00
2026-06-25T12:24:51.240000Z,COIN,2026-06-25T12:24:00.000000Z,152.935,5333,0,-18627682130.85,0,0,-8242828.41,0,0.00,12304007.31,0.00
2026-06-25T12:25:51.240000Z,COIN,2026-06-25T12:25:00.000000Z,152.935,5333,0,-18645012741.29,0,0,-7923664.4,0,0.00,12327828.43,0.00
2026-06-25T12:26:51.251000Z,COIN,2026-06-25T12:26:00.000000Z,152.935,5333,0,-18640833216.36,0,0,-7631039.41,0,0.00,12330250.14,0.00
2026-06-25T12:27:51.146000Z,COIN,2026-06-25T12:27:00.000000Z,152.2343,5333,0,-18560280254.6,0,0,-7980273.31,0,0.00,12246618.36,0.00
2026-06-25T12:28:51.155000Z,COIN,2026-06-25T12:28:00.000000Z,152.1676,5333,0,-18524196092.15,0,0,-8723392.38,0,0.00,12209331.10,0.00
2026-06-25T12:30:51.213000Z,COIN,2026-06-25T12:30:00.000000Z,154.4,5333,0,-18793308823.81,0,0,-9117681.23,0,0.00,12379941.36,0.00
2026-06-25T12:31:51.180000Z,COIN,2026-06-25T12:31:00.000000Z,154.4,5333,0,-18836169131.98,0,0,-4914475.52,0,0.00,12593624.93,0.00
2026-06-25T12:32:51.269000Z,COIN,2026-06-25T12:32:00.000000Z,153.2,5333,0,-18700566753.06,0,0,-5950327.47,0,0.00,12419993.28,0.00
2026-06-25T12:34:51.167000Z,COIN,2026-06-25T12:34:00.000000Z,153.2,5333,0,-18670671512.2,0,0,-6806383.62,0,0.00,12394887.01,0.00
2026-06-25T12:35:51.251000Z,COIN,2026-06-25T12:35:00.000000Z,153.27,5333,0,-18679180871.81,0,0,-6898075.43,0,0.00,12393662.87,0.00
2026-06-25T12:49:51.330000Z,COIN,2026-06-25T12:49:00.000000Z,152.7,5333,0,-18599577773.64,0,0,-7291517.9,0,0.00,12320928.87,0.00
2026-06-25T12:50:51.334000Z,COIN,2026-06-25T12:50:00.000000Z,153,5333,0,-18626700608.41,0,0,-7846361.29,0,0.00,12329754.07,0.00
2026-06-25T12:52:51.320000Z,COIN,2026-06-25T12:52:00.000000Z,153.0955,5333,0,-18644196193.47,0,0,-7223150.07,0,0.00,12353309.60,0.00
2026-06-25T12:53:51.405000Z,COIN,2026-06-25T12:53:00.000000Z,153.0955,5333,0,-18644729265.82,0,0,-7020145.55,0,0.00,12362793.17,0.00
2026-06-25T12:54:51.413000Z,COIN,2026-06-25T12:54:00.000000Z,153.0955,5333,0,-18646408882.99,0,0,-7201898.4,0,0.00,12350104.31,0.00
2026-06-25T12:55:55.290000Z,COIN,2026-06-25T12:55:00.000000Z,152.6,5333,0,-18584682829.87,0,0,-7092049.86,0,0.00,12313626.81,0.00
2026-06-25T12:56:55.316000Z,COIN,2026-06-25T12:56:00.000000Z,152.6,5333,0,-18575246606.88,0,0,-8227580.3,0,0.00,12254014.03,0.00
2026-06-25T12:57:55.245000Z,COIN,2026-06-25T12:57:00.000000Z,152.29,5333,0,-18540353140.24,0,0,-8462083.95,0,0.00,12210808.35,0.00
2026-06-25T12:58:55.240000Z,COIN,2026-06-25T12:58:00.000000Z,152.47,5333,0,-18547380036.99,0,0,-8625104.17,0,0.00,12223157.99,0.00
2026-06-25T12:59:55.232000Z,COIN,2026-06-25T12:59:00.000000Z,152.1,5333,0,-18507442485,0,0,-8276944.27,0,0.00,12208750.64,0.00
2026-06-25T13:00:55.649000Z,COIN,2026-06-25T13:00:00.000000Z,152.41,5333,0,-18533653579.64,0,0,-9017524.52,0,0.00,12192856.03,0.00
2026-06-25T13:02:55.321000Z,COIN,2026-06-25T13:02:00.000000Z,152.1507,5333,0,-18509903502.33,0,0,-8323634.33,0,0.00,12210474.87,0.00
2026-06-25T13:06:06.603000Z,COIN,2026-06-25T13:06:00.000000Z,152.5,5333,0,-18544600665.31,0,0,-8928294.37,0,0.00,12205324.66,0.00
2026-06-25T13:09:06.665000Z,COIN,2026-06-25T13:09:00.000000Z,152.2639,5333,0,-18523634362.52,0,0,-8191377.88,0,0.00,12223491.02,0.00
2026-06-25T13:10:06.630000Z,COIN,2026-06-25T13:10:00.000000Z,152.4315,5333,0,-18536250741.87,0,0,-8693945.67,0,0.00,12209070.14,0.00
2026-06-25T13:11:06.665000Z,COIN,2026-06-25T13:11:00.000000Z,152.4315,5333,0,-18540365353,0,0,-8375366.24,0,0.00,12227590.14,0.00
2026-06-25T13:12:06.589000Z,COIN,2026-06-25T13:12:00.000000Z,152.4315,5333,0,-18540331432.93,0,0,-8416561.62,0,0.00,12224273.93,0.00
2026-06-25T13:17:25.485000Z,COIN,2026-06-25T13:17:00.000000Z,152.4315,5333,0,-18538989403.38,0,0,-8351289.45,0,0.00,12225880.38,0.00
2026-06-25T13:19:25.427000Z,COIN,2026-06-25T13:19:00.000000Z,152.4315,5333,0,-18544365643.45,0,0,-8942802.08,0,0.00,12183758.68,0.00
2026-06-25T13:24:25.499000Z,COIN,2026-06-25T13:24:00.000000Z,152.32,5333,0,-18518398571.55,0,0,-8383696.87,0,0.00,12209774.89,0.00
2026-06-25T13:25:25.450000Z,COIN,2026-06-25T13:25:00.000000Z,152.15,5333,0,-18494963503.79,0,0,-8548380.33,0,0.00,12183457.62,0.00
2026-06-25T13:28:36.956000Z,COIN,2026-06-25T13:28:00.000000Z,150.57,5333,0,-18301405133.88,0,0,-8991022.44,0,0.00,12015627.51,0.00
2026-06-25T13:30:58.000000Z,COIN,2026-06-25T13:30:00.000000Z,151.44,5333,-6662014.65,-17568507666.34,-31366323.13,32232.67,-7038433.09,-25088.18,-3547.69,12381906.59,19348.06
2026-06-25T13:31:30.000000Z,COIN,2026-06-25T13:31:00.000000Z,149.71,5333,-11041360.5,-17675538198.22,-42191583.14,-27496.45,-10555875.86,-83377.39,-3249.26,11735129.83,21314.87
2026-06-25T13:32:30.000000Z,COIN,2026-06-25T13:32:00.000000Z,149.33,5333,-7112807.88,-17462308008.22,-49064830.56,-84925.09,-12665438.64,-286099.85,-3761.05,9402359.06,22403.71
2026-06-25T13:33:30.000000Z,COIN,2026-06-25T13:33:00.000000Z,149.54,5333,-9847791.16,-17703175061.7,-64930701.49,-135121.21,-13900049.06,-519757.47,-3764.43,9869309.53,26879.72
2026-06-25T13:34:30.000000Z,COIN,2026-06-25T13:34:00.000000Z,150.05,5333,-56283810.31,-18108454497.46,-143020503,-128192.09,-15096071.9,-630620.55,2885.74,11662035.52,43061.69
2026-06-25T13:35:30.000000Z,COIN,2026-06-25T13:35:00.000000Z,150.095,5333,-49297709.43,-18042427873.89,-212914011.43,-89440.27,-15308063.76,-712766.61,2590.97,12098192.27,56238.20
2026-06-25T13:36:30.000000Z,COIN,2026-06-25T13:36:00.000000Z,150.03,5333,-50940906.81,-18222663086.02,-225402555.44,-27634.81,-15231523,-700254.23,3295.29,12026107.50,58933.16
2026-06-25T13:37:30.000000Z,COIN,2026-06-25T13:37:00.000000Z,150.08,5333,-50542762.67,-18244119226.05,-252963169.51,199278.85,-16549361.85,-980665.92,3343.81,12164024.16,64688.26
2026-06-25T13:38:30.000000Z,COIN,2026-06-25T13:38:00.000000Z,149.52,5333,47008649.58,-17956882799.5,-407650837.34,558181.32,-15503058.89,-1020747.51,-6994.08,11878497.60,84721.96
2026-06-25T13:39:30.000000Z,COIN,2026-06-25T13:39:00.000000Z,148.525,5333,35036344.32,-17829243525.38,-399344666.13,588124.92,-14924817,-1236859.27,-14652.06,10323887.51,78560.13
2026-06-25T13:40:30.000000Z,COIN,2026-06-25T13:40:00.000000Z,147.345,5333,5617544.5,-17514383492.13,-407098241.29,289438.23,-15029938.16,-1852318.32,-9256.78,9133014.45,85967.66
2026-06-25T13:41:30.000000Z,COIN,2026-06-25T13:41:00.000000Z,146.77,5333,-5002651.02,-17400694346.72,-398139955.73,313436.26,-15577590.22,-2232301.48,-7417.44,8866156.03,86422.72
2026-06-25T13:42:30.000000Z,COIN,2026-06-25T13:42:00.000000Z,146.73,5333,-11184120.22,-17458182333.52,-408563520.6,288180.23,-15831206.56,-2437736.44,-5459.94,8773385.50,92172.79
2026-06-25T13:43:30.000000Z,COIN,2026-06-25T13:43:00.000000Z,146.65,5333,-7828786.32,-17450091193.53,-432275724.74,457682.19,-16466678.12,-2616256.9,-4980.48,9083263.27,96745.70
2026-06-25T13:44:30.000000Z,COIN,2026-06-25T13:44:00.000000Z,146.549,5333,-10046479.61,-17407532025.72,-434293458.59,440679.27,-16112827.25,-2618652.47,-3442.04,8997913.72,99487.23
2026-06-25T13:45:30.000000Z,COIN,2026-06-25T13:45:00.000000Z,146.97,5333,-27061459.41,-17492897665.44,-437156909.59,324337.51,-16740889.8,-2942978.65,-1071.57,9025754.74,101107.33
2026-06-25T13:46:30.000000Z,COIN,2026-06-25T13:46:00.000000Z,145.93,5333,-42482592.64,-17231740270.03,-441151660.91,154520.46,-17681578.68,-3463573.95,2773.97,8868176.48,103208.05
2026-06-25T13:47:30.000000Z,COIN,2026-06-25T13:47:00.000000Z,145.905,5333,-40627882.36,-17213716680.24,-438497451.61,99835.59,-16646741.05,-3860728.81,1728.94,8495180.50,103169.28
2026-06-25T13:48:30.000000Z,COIN,2026-06-25T13:48:00.000000Z,146,5333,-33759269.76,-17154861828.27,-451476792.62,84388.17,-17049697.51,-4246454.02,2624.89,8690684.35,107337.02
2026-06-25T13:49:30.000000Z,COIN,2026-06-25T13:49:00.000000Z,145.66,5333,-45205402.29,-17138542226.8,-399824938.46,181831.8,-16816111.39,-4497616.87,4037.74,8616019.34,103554.35
2026-06-25T13:50:30.000000Z,COIN,2026-06-25T13:50:00.000000Z,146.105,5333,-46722274.36,-17327445052.39,-442850683.58,601502.7,-17553601.52,-5047178.22,7873.99,9260879.12,115674.15
2026-06-25T13:51:30.000000Z,COIN,2026-06-25T13:51:00.000000Z,145.96,5333,-39881844.68,-17160034128.68,-487180274.07,695420.37,-18129288.6,-5420226.38,6265.20,10206064.40,122505.55
2026-06-25T13:52:30.000000Z,COIN,2026-06-25T13:52:00.000000Z,145.83,5333,-38246219.48,-17132603709.4,-477293011.73,838910.07,-17112213.27,-5786323.84,8058.29,9481044.05,122495.92
2026-06-25T13:53:30.000000Z,COIN,2026-06-25T13:53:00.000000Z,145.29,5333,-46378598.54,-17033846069.51,-444342210.98,975837.27,-17562740.55,-6154863.27,9694.29,8865453.65,119299.53
2026-06-25T13:54:30.000000Z,COIN,2026-06-25T13:54:00.000000Z,144.66,5333,-47458433.44,-16989641821.7,-446975076.55,830497.49,-17625897.44,-5726932.83,17886.27,8766383.03,149528.31
2026-06-25T13:55:30.000000Z,COIN,2026-06-25T13:55:00.000000Z,144.5,5333,-56209875.3,-16958535984.16,-412946814.13,773405.84,-18148525.33,-5905958.51,20474.38,8890143.53,144570.19
2026-06-25T13:56:30.000000Z,COIN,2026-06-25T13:56:00.000000Z,144.405,5333,-56915684.15,-16971333346.18,-413978916.32,815699.07,-18015854.61,-5998311.73,21041.27,9127433.03,150148.62
2026-06-25T13:57:30.000000Z,COIN,2026-06-25T13:57:00.000000Z,144.55,5333,-50803864.43,-16938521573.02,-447241290.53,907505.34,-18113754.45,-6273477.73,23629.19,9087372.40,157891.83
2026-06-25T13:58:30.000000Z,COIN,2026-06-25T13:58:00.000000Z,144.33,5333,-58871308.42,-16714309589.96,-455695678.33,1081414.45,-17298129.3,-6419097.11,25635.05,8951481.97,159226.07
2026-06-25T13:59:30.000000Z,COIN,2026-06-25T13:59:00.000000Z,144.39,5333,-60420668.06,-16931155629.68,-491904650.8,1076599.24,-17822293.82,-6179457.12,34471.34,9087262.00,175794.69
2026-06-25T14:00:30.000000Z,COIN,2026-06-25T14:00:00.000000Z,145.09,5333,-16395832.4,-16897533472.46,-537382700.56,1166699.38,-18721831.61,-6832989.45,26844.27,8969329.26,176687.36
2026-06-25T14:01:30.000000Z,COIN,2026-06-25T14:01:00.000000Z,145.791,5333,-6598432.71,-17364635489.25,-660257758,1265932.94,-20512879.25,-6227599.81,25612.49,11245330.98,200512.93
2026-06-25T14:02:30.000000Z,COIN,2026-06-25T14:02:00.000000Z,147.04,5333,10089316.31,-17518499856.82,-734431045.91,1436888.12,-21254212.85,-5980133.1,28573.09,11927240.76,217934.78
2026-06-25T14:03:30.000000Z,COIN,2026-06-25T14:03:00.000000Z,147.43,5333,51833595.52,-17739903446,-859411202.25,1331679.16,-20156053.96,-5540594.36,17503.98,12486471.57,224200.22
2026-06-25T14:04:30.000000Z,COIN,2026-06-25T14:04:00.000000Z,147.31,5333,50565544.92,-17869940744.33,-874606619.24,1374408.39,-20734297.97,-5537400.45,17867.08,12524100.18,230876.51
2026-06-25T14:05:30.000000Z,COIN,2026-06-25T14:05:00.000000Z,148.005,5333,45956587.85,-17657695871.31,-888164412.54,1525621.58,-20014157.52,-5836964.09,20365.86,12378925.60,234803.40
2026-06-25T14:06:30.000000Z,COIN,2026-06-25T14:06:00.000000Z,147.51,5333,49213751.15,-17268659152.05,-923930565.02,1523944.46,-17506633.07,-5775458.17,17445.96,11935935.23,239389.72
2026-06-25T14:07:30.000000Z,COIN,2026-06-25T14:07:00.000000Z,148.165,5333,48827010.84,-18037248405.53,-968544109.89,1519618.25,-20856362.01,-5569410.7,18398.29,12674896.18,245847.60
2026-06-25T14:08:32.000000Z,COIN,2026-06-25T14:08:00.000000Z,148.6415,5333,59123686.87,-18085876838.26,-1024166027.56,1503562.92,-19359213.67,-5101361.65,18438.60,12987633.36,259792.39
2026-06-25T14:09:32.000000Z,COIN,2026-06-25T14:09:00.000000Z,148.52,5333,68911091.03,-17984215308.87,-1068280359.33,1503944.31,-19278219.91,-4920864.27,17861.22,12835571.31,270497.35
2026-06-25T14:10:32.000000Z,COIN,2026-06-25T14:10:00.000000Z,149.11,5333,102381243.06,-18162203073.74,-1142571343.5,1600798.83,-19531395.27,-5006347.54,13714.28,12884046.67,282744.26
2026-06-25T14:11:32.000000Z,COIN,2026-06-25T14:11:00.000000Z,148.92,5333,107618881.88,-18129476645.4,-1142530054.9,1549041.83,-19417822.58,-4723169.6,9710.88,12957714.56,279296.60
2026-06-25T14:12:32.000000Z,COIN,2026-06-25T14:12:00.000000Z,148.5,5333,104087715.03,-17927849882.11,-1148483674.69,1571430.71,-19050448.43,-5007163.62,12165.11,12747690.49,287083.41
2026-06-25T14:13:32.000000Z,COIN,2026-06-25T14:13:00.000000Z,148.51,5333,91761529.23,-17993653442.77,-1167995982.4,1576185.12,-19023521.6,-5074769.2,14801.37,12793459.68,290620.34
2026-06-25T14:14:32.000000Z,COIN,2026-06-25T14:14:00.000000Z,148.165,5333,71146295.16,-17432007917.01,-1157424577.7,1569509.56,-16640274.51,-5489851.52,17066.23,12223301.87,290711.31
2026-06-25T14:15:32.000000Z,COIN,2026-06-25T14:15:00.000000Z,148.52,5333,66535023.59,-17446127313.73,-1156826428.14,1698819.65,-15817014.84,-5529301.71,14985.18,12050736.77,288160.58
2026-06-25T14:16:32.000000Z,COIN,2026-06-25T14:16:00.000000Z,147.27,5333,63774835.63,-17406187266.35,-1162650760.19,1657996.01,-16810975.74,-5811063.46,14711.14,11927170.17,285982.03
2026-06-25T14:17:32.000000Z,COIN,2026-06-25T14:17:00.000000Z,147.67,5333,45937954.44,-17305713185.98,-1131138670.92,1746913.38,-16061839.25,-6638441.71,16789.96,11193443.90,280699.19
2026-06-25T14:18:32.000000Z,COIN,2026-06-25T14:18:00.000000Z,147.27,5333,44167452.11,-17262276168.42,-1179051517.49,1803617.47,-15863500,-7043600.73,16656.74,10868413.09,292918.10
2026-06-25T14:19:32.000000Z,COIN,2026-06-25T14:19:00.000000Z,147.34,5333,38203330.22,-17220241285.02,-1162788032.02,1778729.87,-15564511.09,-6919249.28,18126.37,10912121.15,291011.24
2026-06-25T14:20:34.000000Z,COIN,2026-06-25T14:20:00.000000Z,148.96,5333,79306664.7,-17907168754.31,-1299310411.56,1816867.96,-18268215.57,-6404932.78,14504.94,12530854.34,319227.07
2026-06-25T14:21:34.000000Z,COIN,2026-06-25T14:21:00.000000Z,148.35,5333,74615353.62,-17480524647.46,-1278549671.97,1768467.31,-16733662.61,-6247031.26,15720.73,12282723.85,314612.98
2026-06-25T14:22:34.000000Z,COIN,2026-06-25T14:22:00.000000Z,148.32,5333,76237872.72,-17084198574.39,-1286217030.44,1910917.5,-17173082.13,-6185240.93,18692.33,12571069.47,309248.41
2026-06-25T14:23:36.000000Z,COIN,2026-06-25T14:23:00.000000Z,148.2099,5333,62822761.89,-16947113697.07,-1270235231.37,1916653.5,-16698919.43,-6506660.31,24831.22,12144575.86,310511.62
2026-06-25T14:24:40.000000Z,COIN,2026-06-25T14:24:00.000000Z,148.04,5333,75449071.51,-16565452579.07,-1305309726.1,1950360.48,-17354325.09,-6677040.08,21253.93,12314263.40,315806.26
2026-06-25T14:25:44.000000Z,COIN,2026-06-25T14:25:00.000000Z,148.285,5333,65199671.41,-16433157723.54,-1308009426.84,1955596.87,-16307580.08,-6606275.65,23771.20,12124389.86,316998.36
2026-06-25T14:26:46.000000Z,COIN,2026-06-25T14:26:00.000000Z,148.83,5333,74060635.29,-16802439339.03,-1335585850.42,1950768.25,-18071949.04,-6372660.37,19275.11,12611681.41,327075.23
2026-06-25T14:27:46.000000Z,COIN,2026-06-25T14:27:00.000000Z,148.6,5333,77366763.27,-17112925131.61,-1355792102.3,1949369.23,-19987127.56,-6223794.99,19594.80,12888804.94,331214.72
2026-06-25T14:28:46.000000Z,COIN,2026-06-25T14:28:00.000000Z,148.66,5333,72931681.23,-16897578186.09,-1352291383.97,1972910.64,-19407421.29,-6356133.88,20397.79,12650296.03,331399.84
2026-06-25T14:29:48.000000Z,COIN,2026-06-25T14:29:00.000000Z,148.555,5333,85823211.65,-16970169033.05,-1377518858.61,1913899.04,-19010242.77,-6217662.32,11507.27,12799673.98,340475.67
2026-06-25T14:30:48.000000Z,COIN,2026-06-25T14:30:00.000000Z,148.842,5333,85347431.18,-16968968456.31,-1392888923.34,1934563.42,-18730339.75,-6328877.03,13028.26,12661932.63,345624.96
2026-06-25T14:31:52.000000Z,COIN,2026-06-25T14:31:00.000000Z,148.71,5333,87264664.79,-17059587553.3,-1396713568.58,1918375.03,-18741526.23,-6123423.91,13380.60,12714041.79,347177.57
2026-06-25T14:32:54.000000Z,COIN,2026-06-25T14:32:00.000000Z,149.27,5333,102555967.9,-17310321792.65,-1433808820.54,1800398.56,-19328246.8,-6255251.46,10055.84,12981009.56,351605.14
2026-06-25T14:33:54.000000Z,COIN,2026-06-25T14:33:00.000000Z,149.925,5333,120096618.65,-17509178795.01,-1488204567.04,1734058.35,-18230222.22,-5058256.19,4197.25,13368543.16,348979.54
2026-06-25T14:34:54.000000Z,COIN,2026-06-25T14:34:00.000000Z,149.32,5333,103760082.38,-16873528587.42,-1471369926.59,1777684.61,-16726645.1,-5560201.39,15154.88,12689265.97,363536.75
2026-06-25T14:35:54.000000Z,COIN,2026-06-25T14:35:00.000000Z,149.2662,5333,116320567.26,-17243186968.89,-1507323002.55,1758388.07,-18469950.37,-5365379.34,13772.89,12972067.00,372553.48
2026-06-25T14:36:54.000000Z,COIN,2026-06-25T14:36:00.000000Z,148.845,5333,99878053.97,-16743533195.46,-1494635353.06,1850348.95,-16260092.88,-5711469.82,17539.12,12065976.44,368271.93
2026-06-25T14:37:54.000000Z,COIN,2026-06-25T14:37:00.000000Z,148.165,5333,90333872.08,-16613179871.12,-1474849625.93,1842703.49,-16054078.23,-6170972.25,20506.69,11478301.38,365731.01
2026-06-25T14:38:54.000000Z,COIN,2026-06-25T14:38:00.000000Z,148.4599,5333,94336453.98,-16795449241.36,-1493071560.67,1871589.17,-15440175.85,-6032691.08,18585.31,11628704.12,373490.40
2026-06-25T14:39:54.000000Z,COIN,2026-06-25T14:39:00.000000Z,148.9,5333,103404140.01,-16902624086.5,-1512379211.34,1869805.14,-16713613.33,-5601069.09,20043.70,12365719.37,378267.34
2026-06-25T14:40:56.000000Z,COIN,2026-06-25T14:40:00.000000Z,148.575,5333,98460405.05,-16796528108.18,-1506893677.73,1884733.78,-16564462.37,-5754225.2,18463.84,12187794.98,380009.88
2026-06-25T14:41:56.000000Z,COIN,2026-06-25T14:41:00.000000Z,148.175,5333,85844506.79,-17342661538.01,-1502231619.99,1930293.12,-15924322.59,-6609164.68,20627.28,11159531.77,377104.61
2026-06-25T14:42:56.000000Z,COIN,2026-06-25T14:42:00.000000Z,148.07,5333,66140064.86,-17432176324.06,-1524213109.97,1922550.23,-15192056.62,-6221014.13,24158.15,11417230.42,385091.49
2026-06-25T14:43:56.000000Z,COIN,2026-06-25T14:43:00.000000Z,147.78,5333,50408697.79,-17338884950.73,-1501661328.21,1976596.66,-15579618.63,-6989565.56,26539.14,10333556.44,381090.60
2026-06-25T14:44:58.000000Z,COIN,2026-06-25T14:44:00.000000Z,148,5333,38951853.96,-17324442149.15,-1503116831.83,1996752.17,-15421141.04,-6870543.5,26047.97,10392776.40,384444.45
2026-06-25T14:45:28.000000Z,COIN,2026-06-25T14:45:00.000000Z,147.69,5333,38834797,-17288154466.27,-1503636708.41,1981018.31,-15356606.62,-6844009.63,25923.49,10371007.75,384596.91
2026-06-25T14:46:30.605000Z,COIN,2026-06-25T14:46:00.000000Z,147.74,5333,42280868.74,-17423504114.12,-1528957993.77,2007883.18,-16523226.21,-7064886.23,26113.33,10694437.74,391124.80
2026-06-25T14:47:34.000000Z,COIN,2026-06-25T14:47:00.000000Z,147.56,5333,35438514.68,-17313245595.98,-1507837842.58,2019266.83,-15437233.05,-6965476.68,27716.82,10253327.78,391494.62
2026-06-25T14:48:34.000000Z,COIN,2026-06-25T14:48:00.000000Z,147.41,5333,35628855.31,-17314541547.3,-1519148803.38,2001391.24,-16238815.07,-7051147.53,30190.30,10560778.29,395536.00
2026-06-25T14:49:36.000000Z,COIN,2026-06-25T14:49:00.000000Z,147.7,5333,50426810.77,-17442177005.66,-1553862421.98,2037493.95,-15807784.68,-7156876.45,27072.34,10317581.95,399149.64
2026-06-25T14:50:36.000000Z,COIN,2026-06-25T14:50:00.000000Z,147.67,5333,54577227.12,-17614927060.53,-1561738756.74,2024458.6,-16324527.22,-7024774.59,26521.60,10721508.96,399207.93
2026-06-25T14:51:40.000000Z,COIN,2026-06-25T14:51:00.000000Z,148.005,5333,67021165.65,-17879696491.79,-1582684894.8,2065939.94,-17827160,-6785867.42,25436.09,11380628.67,406975.50
2026-06-25T14:52:42.000000Z,COIN,2026-06-25T14:52:00.000000Z,148.23,5333,69534797.6,-17930294549.43,-1606911587.1,2122245.96,-17949033.32,-6760560.62,24770.72,11840117.76,414872.47
2026-06-25T14:53:42.000000Z,COIN,2026-06-25T14:53:00.000000Z,148.35,5333,74532322.78,-17985596914.83,-1625785352.88,2153900.16,-18106650.53,-6698985.83,23121.33,12003939.89,416954.71
2026-06-25T14:54:44.000000Z,COIN,2026-06-25T14:54:00.000000Z,148.5,5333,66610021.37,-18111241485.53,-1645954932.48,2156361.54,-18618649.11,-6597656.1,24566.65,12152384.92,421995.10
2026-06-25T14:55:46.000000Z,COIN,2026-06-25T14:55:00.000000Z,148.45,5333,52033920.74,-17955503842.04,-1646483209.51,2197760.12,-18375625.91,-6851317.08,31202.52,12157773.92,425112.22
2026-06-25T14:56:46.000000Z,COIN,2026-06-25T14:56:00.000000Z,148.46,5333,59290163.16,-18082522819.82,-1654427345.86,2155096.79,-18545894.81,-6411267.02,28480.30,12463439.01,421881.91
2026-06-25T14:57:52.000000Z,COIN,2026-06-25T14:57:00.000000Z,147.86,5333,36362708.39,-17535603902.81,-1624691854.34,2354489.46,-17048845.1,-7060254.02,50336.01,11671659.00,438472.51
2026-06-25T14:58:58.000000Z,COIN,2026-06-25T14:58:00.000000Z,147.655,5333,25571933.13,-17577616223.6,-1603484988.16,2388958.34,-17094701.52,-7489971.08,53904.71,11200411.78,436000.31
2026-06-25T14:59:28.768000Z,COIN,2026-06-25T14:59:00.000000Z,147.61,5333,25775509.99,-17572259190.45,-1605178474.89,2397329.13,-17084283.4,-7477024.8,53680.20,11196998.29,437221.05
2026-06-25T15:00:32.000000Z,COIN,2026-06-25T15:00:00.000000Z,147.385,5333,19388870.32,-17405867176.19,-1591690218.23,2419717.36,-16218759.39,-7962917.28,55639.30,10169190.46,434208.42
2026-06-25T15:01:34.000000Z,COIN,2026-06-25T15:01:00.000000Z,147.39,5333,19136181.6,-17490824752.58,-1582237433.31,2401018.49,-16747601.73,-7770501.63,56423.64,10782744.05,438856.02
2026-06-25T15:02:34.000000Z,COIN,2026-06-25T15:02:00.000000Z,147.17,5333,15147636.05,-17338588274.33,-1568774060.44,2451662.89,-16485465.44,-8165425.85,57074.03,10310475.58,434871.04
2026-06-25T15:03:40.000000Z,COIN,2026-06-25T15:03:00.000000Z,147.19,5333,12481112.6,-17492093662.33,-1580472980.77,2553569.22,-17229668.99,-8017642.35,69189.68,10342478.75,446857.42
2026-06-25T15:04:40.000000Z,COIN,2026-06-25T15:04:00.000000Z,147.5,5333,17519186.14,-17526353069.24,-1596170524.99,2607181.79,-17158210.44,-8219961.53,67530.78,10484128.62,452210.64
2026-06-25T15:05:40.000000Z,COIN,2026-06-25T15:05:00.000000Z,147.27,5333,34879478.68,-17741880789.59,-1634299179.58,2555529.13,-18924490.22,-7587010.53,62991.74,11771777.48,466224.14
2026-06-25T15:06:40.000000Z,COIN,2026-06-25T15:06:00.000000Z,147.13,5333,11295711.94,-17408471638.68,-1597255387.47,2575436.8,-16452386.28,-8192369.55,72161.24,9990044.37,453144.23
2026-06-25T15:07:42.000000Z,COIN,2026-06-25T15:07:00.000000Z,147.115,5333,9432726.53,-17461455517.97,-1595587854.31,2536726.76,-16825788.19,-8174062.16,73624.49,10148364.71,455424.43
2026-06-25T15:08:42.000000Z,COIN,2026-06-25T15:08:00.000000Z,146.84,5333,10758420.06,-17481060917.42,-1616018958.94,2563201.6,-16942187.3,-8111167.45,72447.08,10408006.94,458310.04
2026-06-25T15:09:42.000000Z,COIN,2026-06-25T15:09:00.000000Z,146.72,5333,-13820433.06,-17540270401.2,-1588694581.03,2789243.71,-17591955.56,-8414933.66,115900.38,10061070.35,497603.34
2026-06-25T15:10:42.000000Z,COIN,2026-06-25T15:10:00.000000Z,146.5,5333,-14129862.17,-17421664284.84,-1591985013.53,2784274.76,-17551696.55,-8696598.31,114934.71,9974938.38,504533.52
2026-06-25T15:11:42.000000Z,COIN,2026-06-25T15:11:00.000000Z,146.04,5333,-31648754.72,-17194259639.08,-1555361913.06,2774934.11,-17015029.39,-9256211.89,108400.60,9523259.52,511479.18
2026-06-25T15:12:42.000000Z,COIN,2026-06-25T15:12:00.000000Z,145.8,5333,-38017708.95,-17152875524.36,-1509245079.89,2443809.3,-17385709.49,-9848687.64,108169.73,9298806.00,502084.55
2026-06-25T15:13:42.000000Z,COIN,2026-06-25T15:13:00.000000Z,145.74,5333,-41838676.43,-17243219051.29,-1505387948.71,2444963.06,-17659897.88,-9926264.92,106789.48,9341075.05,502157.37
2026-06-25T15:14:42.000000Z,COIN,2026-06-25T15:14:00.000000Z,145.61,5333,-51470792.92,-17159987438.15,-1503651922.28,2281525.47,-17873639.81,-10177061.53,109783.02,9533718.58,505626.33
2026-06-25T15:15:42.000000Z,COIN,2026-06-25T15:15:00.000000Z,144.895,5333,-77721119.26,-17001738919.83,-1420494384.94,2264211.85,-18343738.13,-10933964.92,112764.65,9198940.58,487359.59
2026-06-25T15:16:42.000000Z,COIN,2026-06-25T15:16:00.000000Z,144.99,5333,-76411039.47,-17087096970.46,-1451797145.25,2313323.86,-18027963.4,-10486574.53,112622.39,9620526.13,498246.04
2026-06-25T15:17:42.000000Z,COIN,2026-06-25T15:17:00.000000Z,145.28,5333,-77901537.92,-17151344194.08,-1470930152.32,2401786.29,-18958979.9,-11157946.16,114238.32,9648867.97,502904.06
2026-06-25T15:18:44.000000Z,COIN,2026-06-25T15:18:00.000000Z,145.52,5333,-65536309.13,-17253660822.85,-1508809551.76,2316174.52,-18775449.2,-10472501.11,118746.47,9994414.14,533243.45
2026-06-25T15:19:44.000000Z,COIN,2026-06-25T15:19:00.000000Z,145.69,5333,-48875420.1,-17492554711.67,-1569395504.73,2319321.41,-19646725.75,-10017722.43,103832.06,10882145.02,569204.17
2026-06-25T15:20:46.000000Z,COIN,2026-06-25T15:20:00.000000Z,145.581,5333,-41346060.04,-17195617528.53,-1555470941.53,2379054.37,-18766865.42,-10831968.46,102686.54,10174162.52,559197.42
2026-06-25T15:21:46.000000Z,COIN,2026-06-25T15:21:00.000000Z,145.59,5333,-3075445.94,-17137616524.39,-1594902574.64,2329732.04,-18441758.65,-10879899.84,98240.14,10094216.08,565324.12
2026-06-25T15:22:50.000000Z,COIN,2026-06-25T15:22:00.000000Z,145.77,5333,-121538.53,-17349720775.31,-1615038616.93,2344883.25,-19698873.61,-10639215.16,96949.77,10627986.79,575554.08
2026-06-25T15:23:54.000000Z,COIN,2026-06-25T15:23:00.000000Z,145.945,5333,6544744.96,-17370549485.85,-1625849640.24,2502313.42,-19746199.84,-10820749.25,95865.66,10640745.92,579746.98
2026-06-25T15:24:54.000000Z,COIN,2026-06-25T15:24:00.000000Z,146.05,5333,14833632.03,-17499029730.72,-1644238531.63,2544508.75,-20770264.65,-10604425.46,95909.43,11449138.66,594694.12
2026-06-25T15:25:28.000000Z,COIN,2026-06-25T15:25:00.000000Z,145.94,5333,16766416.86,-17555757833.23,-1667939832.38,2589176.14,-21358848.09,-10564634.66,96629.05,11799461.43,601803.00
2026-06-25T15:26:30.000000Z,COIN,2026-06-25T15:26:00.000000Z,145.8,5333,9672968,-17245772039.66,-1631488112.59,2564854.81,-19675678.57,-10586993.41,97027.01,11440253.68,591260.07
2026-06-25T15:27:30.000000Z,COIN,2026-06-25T15:27:00.000000Z,146.06,5333,21388268.43,-17765263918.82,-1686643738.05,2596223.91,-21982290.74,-10286570.57,95721.92,12007569.18,609399.18
2026-06-25T15:28:34.000000Z,COIN,2026-06-25T15:28:00.000000Z,145.86,5333,17927370.39,-17258248495.31,-1656453767.13,2708391.77,-19375014.97,-10906779.37,105139.32,11233577.07,585356.40
2026-06-25T15:29:36.000000Z,COIN,2026-06-25T15:29:00.000000Z,146.0329,5333,22465536.13,-17546391738.71,-1684378269.84,2698919.5,-20987716.9,-10853554.19,104689.91,11565043.23,595767.59
2026-06-25T15:30:40.000000Z,COIN,2026-06-25T15:30:00.000000Z,146.365,5333,52705637.04,-17826033462.96,-1758931972.17,2746281.52,-22086542.39,-10332883.04,99175.05,12211203.89,622703.35
2026-06-25T15:31:40.000000Z,COIN,2026-06-25T15:31:00.000000Z,146.17,5333,49416671,-17709240994.86,-1756572553.15,2763930.94,-21818361.34,-10375399.4,98300.64,12066483.82,627037.65
2026-06-25T15:32:42.000000Z,COIN,2026-06-25T15:32:00.000000Z,146.19,5333,45329920.89,-17589435296.29,-1738430282.47,2803266.43,-21576506.58,-10601644.45,95959.07,11926858.17,622279.90
2026-06-25T15:33:44.000000Z,COIN,2026-06-25T15:33:00.000000Z,146.06,5333,43147443.1,-17610161383.41,-1740425935.46,2798584.38,-21546342.61,-10502741.3,96925.82,11957198.88,626921.63
2026-06-25T15:34:48.000000Z,COIN,2026-06-25T15:34:00.000000Z,145.96,5333,75377268.41,-17342725175.95,-1767271534.63,2796047.14,-19672636.96,-10618928.99,93155.39,11638678.77,625119.28
2026-06-25T15:35:48.000000Z,COIN,2026-06-25T15:35:00.000000Z,146.03,5333,78199606.15,-17691951200.63,-1783164766.44,2774463,-21611797.47,-10457867.31,93404.40,11986111.35,636427.94
2026-06-25T15:36:52.000000Z,COIN,2026-06-25T15:36:00.000000Z,145.9,5333,74345012.87,-17408099426.68,-1758798707.13,2775856.98,-20565551.98,-10877399.44,93921.64,11601651.77,629317.91
2026-06-25T15:37:52.000000Z,COIN,2026-06-25T15:37:00.000000Z,145.88,5333,66713393.28,-17231331743.83,-1737235820.99,2821625.21,-19660884.67,-10988992.65,97113.52,11410729.64,626335.14
2026-06-25T15:38:56.000000Z,COIN,2026-06-25T15:38:00.000000Z,145.5501,5333,65861964.49,-17083157474.17,-1731893422.42,2788382.41,-19672396.09,-11149988.79,96672.55,11314129.64,622778.45
2026-06-25T15:39:58.000000Z,COIN,2026-06-25T15:39:00.000000Z,145.63,5333,60173426.14,-16999827612.1,-1724792018.67,2749817.83,-18375113.68,-11394225.64,98331.22,10472674.14,612877.08
2026-06-25T15:40:28.000000Z,COIN,2026-06-25T15:40:00.000000Z,145.6,5333,49961852.8,-17187846908.88,-1754862886.74,2805144.98,-19714135.24,-11023182.9,117432.43,11224784.82,643329.57
2026-06-25T15:41:30.000000Z,COIN,2026-06-25T15:41:00.000000Z,145.45,5333,44582389.39,-15499647984.6,-1726754163.99,2813727.14,-18971697.49,-11514328.89,115676.41,10324112.74,637448.97
2026-06-25T15:42:32.000000Z,COIN,2026-06-25T15:42:00.000000Z,145.6,5333,49388241.74,-15444027828.32,-1757211128.66,2822340.15,-20059015.59,-11143449.65,118747.27,11319112.09,654618.83
2026-06-25T15:43:32.000000Z,COIN,2026-06-25T15:43:00.000000Z,145.475,5333,42599151.76,-15395779951.49,-1741624361.27,2856853.94,-18634930.29,-10973291.19,125841.92,10518588.92,657249.25
2026-06-25T15:44:38.000000Z,COIN,2026-06-25T15:44:00.000000Z,145.73,5333,31197024.01,-15422766883.18,-1758647934.06,2933527.38,-18700317.09,-10994568.26,127610.12,10537026.73,660311.35
2026-06-25T15:45:46.000000Z,COIN,2026-06-25T15:45:00.000000Z,146.08,5333,50612004.86,-16859085942.34,-1846703842.98,2986034.65,-22290786.01,-10851552.98,127070.37,12247039.41,688423.67
2026-06-25T15:46:46.000000Z,COIN,2026-06-25T15:46:00.000000Z,146.31,5333,56293041.66,-16952313201.35,-1877171308.5,3007894.5,-22118430.01,-10593189.91,126287.73,12417058.18,695676.13
2026-06-25T15:47:46.000000Z,COIN,2026-06-25T15:47:00.000000Z,146.18,5333,54828123.12,-16915049690.98,-1876588641.88,3003600.95,-22031823.53,-10453115.88,127146.85,12460059.43,697674.50
2026-06-25T15:48:46.000000Z,COIN,2026-06-25T15:48:00.000000Z,146.07,5333,43943927,-17153822908.83,-1870082280.14,2990544.74,-23504081.13,-11007424.78,128428.28,12332267.93,697388.39
2026-06-25T15:49:46.000000Z,COIN,2026-06-25T15:49:00.000000Z,145.69,5333,31062800.8,-16580932246.95,-1799369401.17,2939747.93,-20433939.75,-10850652.87,131510.35,11710749.83,683788.21
2026-06-25T15:50:48.000000Z,COIN,2026-06-25T15:50:00.000000Z,145.85,5333,45352631.75,-16571425427.3,-1822627581.09,2997811.68,-19649400.66,-11297220.2,125578.57,11288291.13,675286.87
2026-06-25T15:51:48.000000Z,COIN,2026-06-25T15:51:00.000000Z,145.91,5333,53104643.19,-16585844886.38,-1846779705.55,3028255.99,-19851511.84,-11027133.75,126105.55,11697072.77,682818.03
2026-06-25T15:52:30.000000Z,COIN,2026-06-25T15:52:00.000000Z,145.78,5333,47476645.65,-16571067559.02,-1858164971.32,3015242.26,-19816153.79,-11011291.05,125171.79,11686651.14,684754.84
2026-06-25T15:53:34.000000Z,COIN,2026-06-25T15:53:00.000000Z,145.66,5333,45187683.33,-16468341838.99,-1848287162.07,3050602.07,-19520603.4,-11364721.53,125150.29,11486829.92,679984.96
2026-06-25T15:54:38.000000Z,COIN,2026-06-25T15:54:00.000000Z,145.9753,5333,39214616.9,-16511345596.45,-1839146330.09,3026789.65,-19589415.78,-11432901.57,124766.86,11318289.84,677205.59
2026-06-25T15:55:48.000000Z,COIN,2026-06-25T15:55:00.000000Z,145.84,5333,43300642.58,-16831929456.43,-1886184648.77,3027840.93,-21290181.96,-10922149.58,127149.10,12057550.42,700765.04
2026-06-25T15:56:52.000000Z,COIN,2026-06-25T15:56:00.000000Z,146.275,5333,48682534.33,-16631752517.38,-1885555320.4,3047708.69,-20114225.4,-11350098.61,124816.26,11649556.52,693382.48
2026-06-25T15:57:54.757000Z,COIN,2026-06-25T15:57:00.000000Z,145.86,5333,55843735.35,-16873781338.5,-1924262689.02,2981867.11,-22325138.76,-10828981.92,122860.91,12402048.55,709552.25
2026-06-25T15:58:26.000000Z,COIN,2026-06-25T15:58:00.000000Z,145.82,5333,41073972.9,-16800419190.77,-1869901727.34,2975375.98,-21858782.28,-10690402.13,126014.77,12245932.00,701824.55
2026-06-25T15:59:42.000000Z,COIN,2026-06-25T15:59:00.000000Z,145.975,5333,49553796.04,-16528101996.74,-1877803920.98,2984436.4,-19608391.02,-10905594.45,122242.06,11698414.44,691315.45
2026-06-25T16:00:44.000000Z,COIN,2026-06-25T16:00:00.000000Z,146.25,5333,46659574.84,-16685710551.1,-1893320633.84,3008133.43,-20469275.39,-11113875.27,125845.79,11817619.97,700406.40
2026-06-25T16:01:52.000000Z,COIN,2026-06-25T16:01:00.000000Z,146.14,5333,49643637.92,-17104969151.28,-1951591386.09,3083958.59,-22913912.16,-10708500.17,124751.24,12551079.08,722807.95
2026-06-25T16:02:30.000000Z,COIN,2026-06-25T16:02:00.000000Z,146.0946,5333,31635684.05,-16802889189.76,-1950011622.8,3090658.67,-22079063.09,-11282178.17,126079.03,12233043.44,717323.75
2026-06-25T16:03:30.000000Z,COIN,2026-06-25T16:03:00.000000Z,145.81,5333,26849940.13,-16522909944.79,-1926234378.53,3092736.3,-19620445.34,-10986375.94,128627.86,11804857.13,708375.60
2026-06-25T16:04:36.000000Z,COIN,2026-06-25T16:04:00.000000Z,145.96,5333,23268046.84,-16542439099.27,-1920107220.47,3143461.94,-19587337.04,-11791469.09,127631.92,11307044.15,701428.96
2026-06-25T16:05:54.000000Z,COIN,2026-06-25T16:05:00.000000Z,146.1,5333,24692121.67,-16904309063.59,-1951744784.08,3118707.48,-21792109.29,-11007858.4,131949.63,12184721.47,724429.23
2026-06-25T16:06:56.000000Z,COIN,2026-06-25T16:06:00.000000Z,146.565,5333,24576630.31,-16971890315.96,-1958384787.01,3090092.09,-21636004.19,-10698267.19,132210.55,12272700.06,729201.78
2026-06-25T16:07:56.000000Z,COIN,2026-06-25T16:07:00.000000Z,146.495,5333,41082741.96,-17197179723.24,-2012733091.66,3115723.54,-23039312.37,-10316776.55,128752.16,12747710.60,739911.29
2026-06-25T16:08:28.000000Z,COIN,2026-06-25T16:08:00.000000Z,146.68,5333,41729992.43,-17129506770.2,-2012533837.36,3186304.5,-23284496.68,-10822681.41,127970.90,12633499.09,737760.22
2026-06-25T16:09:30.000000Z,COIN,2026-06-25T16:09:00.000000Z,146.85,5333,52975362.67,-17343188190.95,-2048099472.54,3246033.88,-23374465.8,-10178240.81,125337.58,12913557.93,747956.63
2026-06-25T16:10:30.000000Z,COIN,2026-06-25T16:10:00.000000Z,147.47,5333,65239884.99,-17401915071.67,-2093787693.21,3245381.41,-23760621.65,-10225538.25,121416.72,13001342.25,758252.80
2026-06-25T16:11:34.000000Z,COIN,2026-06-25T16:11:00.000000Z,147.47,5333,77919695.18,-17550813657,-2159656349.07,3207706.4,-22790063.67,-8981481.36,118700.59,13149730.53,767410.66
2026-06-25T16:12:38.000000Z,COIN,2026-06-25T16:12:00.000000Z,146.94,5333,70201144.29,-17235386838.41,-2124071239.53,3202299.91,-22589498.39,-9634193.54,119423.77,12707646.09,760106.71
2026-06-25T16:13:44.000000Z,COIN,2026-06-25T16:13:00.000000Z,147.168,5333,63804636.13,-16808758962.2,-2087020641.21,3213451.56,-19583304.8,-9671904.37,120389.83,12277753.60,747879.15
2026-06-25T16:14:48.000000Z,COIN,2026-06-25T16:14:00.000000Z,147.24,5333,64691004.54,-17071052376.51,-2108748181.46,3212459.68,-21146920.29,-9758189.28,120498.89,12521622.40,761291.99
2026-06-25T16:15:54.000000Z,COIN,2026-06-25T16:15:00.000000Z,147.135,5333,68154814.49,-17063867461.58,-2114129973.28,3225081.19,-21260253.36,-9714843,119452.62,12586442.03,761977.49
2026-06-25T16:16:30.000000Z,COIN,2026-06-25T16:16:00.000000Z,147.02,5333,70051455.97,-17073983093.84,-2120946926.93,3246796.55,-21227303.34,-9632000.87,119484.71,12560604.12,763840.16
2026-06-25T16:17:32.000000Z,COIN,2026-06-25T16:17:00.000000Z,146.915,5333,78712498.61,-16779898799.98,-2115321744.09,3382480.92,-19497436.48,-9706939.18,119448.40,12195405.94,755851.50
2026-06-25T16:18:36.000000Z,COIN,2026-06-25T16:18:00.000000Z,147.235,5333,77436293.14,-17083602209.81,-2141712529.09,3357573.52,-21163057.38,-9405882.46,122014.64,12628736.32,772489.85
2026-06-25T16:19:36.000000Z,COIN,2026-06-25T16:19:00.000000Z,146.92,5333,80015184.43,-16752562293.69,-2133032606.89,3396594.73,-19895360.77,-9825200.04,120566.11,12270122.98,761164.97
2026-06-25T16:20:38.000000Z,COIN,2026-06-25T16:20:00.000000Z,147.12,5333,81409854.7,-17061041410.05,-2160228850.15,3398200.12,-21163806.63,-9598461.34,122838.58,12600053.34,778592.09
2026-06-25T16:21:40.000000Z,COIN,2026-06-25T16:21:00.000000Z,146.76,5333,59365348.48,-16716376505.54,-2090101066.35,3374031.28,-19631955.61,-9978514.68,127412.73,12067564.49,755926.57
2026-06-25T16:22:42.000000Z,COIN,2026-06-25T16:22:00.000000Z,146.81,5333,72352799.54,-16712321903.48,-2122860979.49,3383676.61,-19501622.07,-9746339.51,123967.98,12171469.58,761101.26
2026-06-25T16:23:42.000000Z,COIN,2026-06-25T16:23:00.000000Z,146.87,5333,66216019.08,-16657063842.31,-2103448431.6,3424904.82,-19232101.67,-9770414.18,125336.37,12149355.61,758479.31
2026-06-25T16:24:48.000000Z,COIN,2026-06-25T16:24:00.000000Z,146.81,5333,62583686.23,-16607423916.07,-2102701495.1,3431038.17,-19166107.74,-10328531.94,127218.79,11847199.90,752360.42
2026-06-25T16:25:56.000000Z,COIN,2026-06-25T16:25:00.000000Z,146.6332,5333,65257224.3,-16694428351.69,-2115401893.58,3404252.01,-19686969.35,-10048460.1,126729.71,12081519.48,761949.21
2026-06-25T16:26:58.000000Z,COIN,2026-06-25T16:26:00.000000Z,146.8,5333,63873189.07,-16762034134.87,-2122282729.24,3421050.02,-19668430.64,-9873901.81,128948.61,12146771.13,769350.20
2026-06-25T16:27:30.000000Z,COIN,2026-06-25T16:27:00.000000Z,146.731,5333,63630977.91,-16716682354.28,-2116574431.24,3419044.74,-19665503.76,-10105514.85,127155.48,12078729.19,763451.98
2026-06-25T16:28:36.000000Z,COIN,2026-06-25T16:28:00.000000Z,146.59,5333,59977155.24,-16697861965.97,-2109370592.12,3432568.95,-19411204.28,-10095969.8,126495.76,11913371.39,757067.01
2026-06-25T16:29:50.000000Z,COIN,2026-06-25T16:29:00.000000Z,146.62,5333,58548364.43,-16706598970.02,-2109003650.41,3436908.44,-19990196.44,-10628248.61,128855.48,11839592.87,755800.14
2026-06-25T16:30:56.000000Z,COIN,2026-06-25T16:30:00.000000Z,146.03,5333,57434804.68,-16547093141.63,-2081979477.34,3388779.78,-19853944.42,-11076894.61,125334.08,11441508.92,748975.43
2026-06-25T16:31:58.000000Z,COIN,2026-06-25T16:31:00.000000Z,145.53,5333,46212842.31,-16506402397.28,-2043158902.01,3420961.58,-19491012.21,-11022104.38,127843.15,11308281.45,740311.48
2026-06-25T16:32:58.000000Z,COIN,2026-06-25T16:32:00.000000Z,145.68,5333,23744639.04,-16542378062.08,-1994457723.34,3424133.74,-18929687.9,-11225326.15,137186.29,10478175.70,735350.83
2026-06-25T16:33:58.000000Z,COIN,2026-06-25T16:33:00.000000Z,145.435,5333,18625856.08,-16485913929.52,-1986735461.15,3388408.15,-18688300.11,-11474801.83,137146.20,10363029.05,732921.78
2026-06-25T16:34:58.000000Z,COIN,2026-06-25T16:34:00.000000Z,145.4101,5333,15477891.51,-16578130663.48,-1998418332.58,3412585.68,-18456295.5,-11272741,139056.88,10347437.11,733671.14
2026-06-25T16:35:58.000000Z,COIN,2026-06-25T16:35:00.000000Z,145.71,5333,17941012.87,-16571759631.76,-2003447820.42,3404437.69,-18668301.33,-11583281.65,137055.20,10244830.64,734864.53
2026-06-25T16:36:30.000000Z,COIN,2026-06-25T16:36:00.000000Z,145.805,5333,21390955.54,-16617790350.26,-2026295552.46,3429030.75,-18983105.61,-11327544.89,139696.56,10627934.99,745639.69
2026-06-25T16:37:36.000000Z,COIN,2026-06-25T16:37:00.000000Z,145.22,5333,11498488.5,-16498160856.14,-1978635413.61,3350504.82,-18712558.42,-11642185.62,137088.71,10121390.54,730419.92
2026-06-25T16:38:36.000000Z,COIN,2026-06-25T16:38:00.000000Z,145.27,5333,13142241.82,-16485828999.9,-1977746014.6,3387683.59,-19116676.94,-12175454.34,137306.35,9874620.27,730149.82
2026-06-25T16:39:36.000000Z,COIN,2026-06-25T16:39:00.000000Z,145.2,5333,26417171.01,-16436629795.6,-1993598040.26,3407793.59,-18613229.89,-11756631.86,136753.58,10134684.05,734773.22
2026-06-25T16:40:40.000000Z,COIN,2026-06-25T16:40:00.000000Z,145.1,5333,27730205.98,-16395726632.77,-1993608494.53,3339494.38,-18537627.93,-12041878.17,142700.78,9840529.44,754570.44
2026-06-25T16:41:44.000000Z,COIN,2026-06-25T16:41:00.000000Z,145.1,5333,21690213.05,-16453653208.27,-1980105953.01,3286059.28,-19015071.66,-12416138.32,146162.17,9869456.30,756230.61
2026-06-25T16:42:50.000000Z,COIN,2026-06-25T16:42:00.000000Z,144.92,5333,21631404.27,-16418272789.15,-1970712333.44,3203518.51,-19140159.11,-12386148.71,147685.33,10047070.39,759911.27
2026-06-25T16:43:52.000000Z,COIN,2026-06-25T16:43:00.000000Z,145.095,5333,9817338.6,-16521264507.87,-1952663147.17,3194038.28,-19705137.31,-12511880.05,149731.19,9900603.80,756663.67
2026-06-25T16:44:52.000000Z,COIN,2026-06-25T16:44:00.000000Z,145.28,5333,16389330.35,-16721726254.28,-2006518245.19,3230914.19,-20699511.52,-12225573.71,149039.19,10490045.85,777046.61
2026-06-25T16:45:52.000000Z,COIN,2026-06-25T16:45:00.000000Z,144.89,5333,18400143.41,-16727414938.85,-2011974678.42,3203471.86,-20886072.24,-11984729.72,148847.30,10699390.38,781318.43
2026-06-25T16:46:52.000000Z,COIN,2026-06-25T16:46:00.000000Z,145.105,5333,11578280.55,-16320182238.48,-1947370088.45,3237728.14,-18717935.88,-12615445.09,150575.96,9794846.55,759504.29
2026-06-25T16:47:54.000000Z,COIN,2026-06-25T16:47:00.000000Z,145.35,5333,11066153.16,-16492256533.59,-1974284484.67,3229569.71,-19185762.59,-12295901.94,152182.22,10057827.53,774075.28
2026-06-25T16:48:58.000000Z,COIN,2026-06-25T16:48:00.000000Z,145.5,5333,25253702.02,-16880367067.37,-2043391159.27,3144443.07,-21397210.95,-11927210.18,150357.88,10954353.14,801596.72
2026-06-25T16:49:34.000000Z,COIN,2026-06-25T16:49:00.000000Z,145.5699,5333,22672866.82,-16972083407.51,-2045837310.4,3115590.27,-21585590.06,-11524954.15,150670.77,11063265.00,802919.73
2026-06-25T16:50:40.000000Z,COIN,2026-06-25T16:50:00.000000Z,145.4,5333,26645435.48,-16833692492.78,-2044939114.05,3151243.81,-21436690.11,-12215285.57,147909.88,10842382.17,798498.02
2026-06-25T16:51:44.000000Z,COIN,2026-06-25T16:51:00.000000Z,145.32,5333,27324601.94,-16705637531.65,-2030255901.15,3187420.08,-21017879.68,-12729869.1,147782.83,10472327.07,790821.79
2026-06-25T16:52:44.000000Z,COIN,2026-06-25T16:52:00.000000Z,145.165,5333,20698389.99,-16550996112.69,-2011568207.53,3154095.48,-19886919.79,-12427235.95,150438.97,10295458.18,787879.46
2026-06-25T16:53:44.000000Z,COIN,2026-06-25T16:53:00.000000Z,145.35,5333,27318980.33,-16753049055.48,-2059221319.19,3175588.19,-20904020.77,-12570780.36,148642.82,10539245.60,803215.28
2026-06-25T16:54:44.000000Z,COIN,2026-06-25T16:54:00.000000Z,145.33,5333,22871136.42,-16868000593.07,-2045710808.48,3158306.15,-21611957.89,-12170933.65,149629.21,10926047.16,807226.17
2026-06-25T16:55:44.000000Z,COIN,2026-06-25T16:55:00.000000Z,145,5333,20360405.37,-16480009290.72,-2005230828.85,3175307.38,-19891602.08,-12643395.96,151102.41,10347612.60,789817.98
2026-06-25T16:56:50.000000Z,COIN,2026-06-25T16:56:00.000000Z,145.1,5333,14211943.04,-16264220297.68,-1965682820.61,3192173.98,-18111772.87,-12499104.44,149712.26,9720031.89,773810.46
2026-06-25T16:57:56.000000Z,COIN,2026-06-25T16:57:00.000000Z,145.2399,5333,7176246.92,-16529074115.84,-1986660778.7,3169946.07,-19566908.75,-12415978.21,155676.22,10072935.88,790636.52
2026-06-25T16:58:58.000000Z,COIN,2026-06-25T16:58:00.000000Z,145.23,5333,23495580.05,-16830850914.84,-2051888846.55,3201205.15,-20855168.83,-12244900.31,152563.83,10610129.94,811733.09
2026-06-25T16:59:38.000000Z,COIN,2026-06-25T16:59:00.000000Z,145.25,5333,25390125.88,-16865732744.13,-2063726245.06,3210774.23,-21172003.89,-12291321.92,151620.01,10747048.60,811381.46
2026-06-25T17:00:42.000000Z,COIN,2026-06-25T17:00:00.000000Z,145.4099,5333,25223425.45,-16819065825.29,-2058791032.67,3207295.47,-21202026.08,-12445989.86,152745.81,10713028.44,810532.49
2026-06-25T17:01:44.000000Z,COIN,2026-06-25T17:01:00.000000Z,145.205,5333,25854024.24,-16772161766.12,-2062150687.65,3193181.32,-21386457.54,-12507767.6,152889.31,10839027.45,809929.17
2026-06-25T17:02:44.000000Z,COIN,2026-06-25T17:02:00.000000Z,145.25,5333,18022159.8,-16445847183.54,-2026022748.97,3228153.51,-19514270.24,-12794402.99,154242.80,10149641.21,790751.97
2026-06-25T17:03:46.000000Z,COIN,2026-06-25T17:03:00.000000Z,145.175,5333,8674643.59,-16572169927.22,-2029006844.87,3216929.21,-19800774.24,-12306052.86,158468.15,10623371.86,803457.77
2026-06-25T17:04:46.000000Z,COIN,2026-06-25T17:04:00.000000Z,145,5333,7993608.81,-16518394773.15,-2044861428.97,3257446.1,-20265562.13,-13072987.72,159314.83,10375295.12,804376.43
2026-06-25T17:05:48.000000Z,COIN,2026-06-25T17:05:00.000000Z,144.9,5333,9079414.71,-16167614538.28,-1994480994.73,3270895.79,-18132948.02,-13314911.61,156564.78,9772062.83,779698.84
2026-06-25T17:06:48.000000Z,COIN,2026-06-25T17:06:00.000000Z,144.815,5333,9081903.65,-16191770366.51,-2001194854.52,3219497.88,-17992171.66,-12893521.96,158036.31,9653086.86,786066.36
2026-06-25T17:07:50.000000Z,COIN,2026-06-25T17:07:00.000000Z,144.87,5333,9045477.49,-16253299791.12,-2023010213.97,3191137.65,-18428172.5,-12943725.52,158380.79,9793663.35,795143.23
2026-06-25T17:08:54.000000Z,COIN,2026-06-25T17:08:00.000000Z,144.58,5333,-1941431.66,-16256624123.94,-2014512422.56,3208149.34,-18823900,-13204890.49,159716.04,9836045.69,792691.29
2026-06-25T17:09:56.000000Z,COIN,2026-06-25T17:09:00.000000Z,144.695,5333,-12808127.37,-16538223127.37,-2051337615.86,3171919.9,-20181123.07,-12928502.23,164169.94,10063697.08,810356.89
2026-06-25T17:10:56.000000Z,COIN,2026-06-25T17:10:00.000000Z,144.935,5333,-13313044.4,-16446395171.99,-2059249138.12,3217643.48,-19744891.9,-13268750.48,162399.35,9845877.33,807655.04
2026-06-25T17:11:56.000000Z,COIN,2026-06-25T17:11:00.000000Z,144.76,5333,-11781696.38,-16644252125.15,-2114000946.61,3200592.88,-20912556.81,-13036507.7,162821.34,10444207.30,825416.42
2026-06-25T17:12:56.000000Z,COIN,2026-06-25T17:12:00.000000Z,144.5401,5333,-16791226.53,-16302018112.75,-2072822652.42,3335827.63,-19946058.47,-13886404.13,171490.83,9778151.33,816962.86
2026-06-25T17:13:56.000000Z,COIN,2026-06-25T17:13:00.000000Z,144.65,5333,-19306956.56,-16286575361.95,-2062795342.13,3428168.34,-19252671.93,-13691730.17,171898.45,9820914.52,818340.86
2026-06-25T17:14:56.000000Z,COIN,2026-06-25T17:14:00.000000Z,144.59,5333,-19488531.14,-15766482204.96,-2063491789.29,3493103.16,-19489960.9,-14080635.64,172708.29,9871221.52,820494.68
2026-06-25T17:15:56.000000Z,COIN,2026-06-25T17:15:00.000000Z,145.06,5333,-16574117.85,-15845244698.6,-2085524412.44,3539692.17,-19584324.56,-14388434.27,171332.91,9886794.32,827735.77
2026-06-25T17:16:56.000000Z,COIN,2026-06-25T17:16:00.000000Z,145,5333,6428564.16,-16306728911.48,-2217726017.48,3546061.84,-22593969.03,-13653420.37,171940.38,11734280.41,876991.10
2026-06-25T17:17:56.000000Z,COIN,2026-06-25T17:17:00.000000Z,144.965,5333,47965.59,-16005267037.61,-2153336084.27,3551639.11,-21625787.93,-14144845.6,171448.36,11403854.92,854775.79
2026-06-25T17:18:56.000000Z,COIN,2026-06-25T17:18:00.000000Z,144.8745,5333,12347940.94,-15607151018.11,-2117820181.28,3605964.28,-18480514.44,-14048666.49,167913.37,10395085.75,835512.35
2026-06-25T17:19:56.000000Z,COIN,2026-06-25T17:19:00.000000Z,144.7175,5333,18491293.6,-15576024205.05,-2139115510.46,3655610.73,-18273424.5,-14771410.32,166189.55,9933888.22,832903.65
2026-06-25T17:20:56.000000Z,COIN,2026-06-25T17:20:00.000000Z,144.75,5333,-6819100.81,-16048306778.1,-2150070550.31,3504574.33,-21165874.44,-13996521.92,182188.40,10632408.13,868571.55
2026-06-25T17:21:56.000000Z,COIN,2026-06-25T17:21:00.000000Z,144.73,5333,-12215663.13,-15881324002.49,-2149376885.24,3476244.67,-21002572.48,-13775895.84,184281.95,10714857.50,873101.07
2026-06-25T17:22:56.000000Z,COIN,2026-06-25T17:22:00.000000Z,144.65,5333,-12881988.79,-15686845475.45,-2125808169.36,3552483.76,-20304499.69,-14473742.56,183650.40,10236969.59,856908.88
2026-06-25T17:23:28.000000Z,COIN,2026-06-25T17:23:00.000000Z,144.54,5333,-17076063.83,-15674916315.39,-2129722699.42,3524606.63,-20273630.07,-14502754.47,183397.52,10229184.83,856508.57
2026-06-25T17:24:30.000000Z,COIN,2026-06-25T17:24:00.000000Z,144.67,5333,-19074111.43,-15825674458.74,-2137581814.46,3487974.14,-20279534.7,-14484449.71,182644.38,9937405.22,858953.26
2026-06-25T17:25:32.000000Z,COIN,2026-06-25T17:25:00.000000Z,144.69,5333,-2891655.05,-15895301589.17,-2162579812.35,3463666.83,-20708768.21,-14609707.46,179985.09,10074081.60,862971.07
2026-06-25T17:26:32.000000Z,COIN,2026-06-25T17:26:00.000000Z,144.87,5333,-4881094.4,-16015130084.07,-2180074106.22,3546280.85,-21166135.26,-14576243.28,180857.56,10507565.18,871284.78
2026-06-25T17:27:34.000000Z,COIN,2026-06-25T17:27:00.000000Z,144.885,5333,-2475907.61,-16172969416.93,-2215208866.28,3546122.68,-22011496.89,-14187317.86,179927.09,10979405.88,884536.18
2026-06-25T17:28:34.000000Z,COIN,2026-06-25T17:28:00.000000Z,144.55,5333,-6797705.66,-15882898263.94,-2189877969.89,3518252.4,-20525435.42,-14266192.72,180936.86,10541316.43,873049.15
2026-06-25T17:29:36.000000Z,COIN,2026-06-25T17:29:00.000000Z,144.675,5333,-7384417.09,-15431654769.09,-2124594294.77,3663536.08,-18362421.77,-14974271.01,178516.78,9902191.26,837227.36
2026-06-25T17:30:50.000000Z,COIN,2026-06-25T17:30:00.000000Z,144.85,5333,-8342129.57,-16027353370.09,-2206354117.6,3659862.8,-21486253.04,-14806025.89,182795.79,10688795.02,879643.31
2026-06-25T17:31:50.000000Z,COIN,2026-06-25T17:31:00.000000Z,145,5333,-6645081.48,-16043950560.32,-2211320174.9,3680754.52,-21530776.44,-14911081.85,182378.67,10699863.85,881197.02
2026-06-25T17:32:52.000000Z,COIN,2026-06-25T17:32:00.000000Z,144.805,5333,-10646308.19,-15939229451.94,-2224503620.52,3659419.25,-21366665.88,-14801390.46,183484.34,10876499.81,882674.02
2026-06-25T17:33:58.000000Z,COIN,2026-06-25T17:33:00.000000Z,144.93,5333,-9024118.69,-16053538253.97,-2232180179.37,3682682.43,-22130050.72,-14557305.2,180991.20,11151448.34,889456.81
2026-06-25T17:34:58.000000Z,COIN,2026-06-25T17:34:00.000000Z,144.875,5333,-2703081.06,-16304021313.49,-2268309600.55,3725332.19,-23052562.78,-14755649.77,179940.67,11246473.35,897511.40
2026-06-25T17:35:30.000000Z,COIN,2026-06-25T17:35:00.000000Z,145.02,5333,-8985380.04,-16320339402.12,-2277653216.2,3749869.46,-23098730.78,-14770531.55,180996.04,11257729.53,899565.40
2026-06-25T17:36:30.000000Z,COIN,2026-06-25T17:36:00.000000Z,145.2599,5333,5598520.23,-16352549176.14,-2302571168.79,3752011.76,-23044510.98,-14326863.49,179382.98,11699648.98,908805.31
2026-06-25T17:37:34.000000Z,COIN,2026-06-25T17:37:00.000000Z,145.2459,5333,8260432.8,-16295298746.62,-2322339709.26,3800094.44,-23300065.46,-14494373.54,177940.23,11870783.25,909984.35
2026-06-25T17:38:46.000000Z,COIN,2026-06-25T17:38:00.000000Z,145.185,5333,3790650.11,-16312811679.85,-2324001731.31,3658015.42,-23264369.92,-14524904.43,180485.50,11820121.51,911450.75
2026-06-25T17:39:54.000000Z,COIN,2026-06-25T17:39:00.000000Z,144.98,5333,7824452.58,-16130416871.84,-2295936952.23,3670517.11,-22559947.26,-14961127.06,178690.37,11502027.57,898557.21
2026-06-25T17:40:56.000000Z,COIN,2026-06-25T17:40:00.000000Z,144.93,5333,2168555.32,-16048737139.39,-2289654158.94,3669649.72,-21912324.86,-14874056.42,186294.50,11187525.91,897371.26
2026-06-25T17:41:56.000000Z,COIN,2026-06-25T17:41:00.000000Z,144.89,5333,1202012.81,-16030207839.98,-2288420726.93,3728152.23,-21885283.77,-15021141.6,185651.71,11090711.57,897845.84
2026-06-25T17:42:26.000000Z,COIN,2026-06-25T17:42:00.000000Z,144.9,5333,1072067.9,-16031314210.87,-2290091983.51,3721726.47,-21888304.83,-15014360.81,187589.29,11091477.03,900147.62
2026-06-25T17:43:38.000000Z,COIN,2026-06-25T17:43:00.000000Z,144.87,5333,-2116160.34,-16034972745.8,-2285539738.32,3716608.61,-22004459.12,-14934505.17,187690.22,11083733.18,901295.87
2026-06-25T17:44:38.000000Z,COIN,2026-06-25T17:44:00.000000Z,144.65,5333,-2896192.25,-15607191868.24,-2230998141.68,3762762.09,-19404883.62,-15511661.39,185785.14,10249442.17,873737.73
2026-06-25T17:45:38.000000Z,COIN,2026-06-25T17:45:00.000000Z,144.4,5333,-3953107.33,-15790120237.77,-2258039044.98,3743158.91,-20560863.99,-15252782.27,185958.51,10408943.51,886190.93
2026-06-25T17:46:46.000000Z,COIN,2026-06-25T17:46:00.000000Z,144.7599,5333,-19436322.47,-15783789937.57,-2231569186.01,3721188.5,-19930007.49,-15453614.5,187850.29,9723530.63,868585.54
2026-06-25T17:47:46.000000Z,COIN,2026-06-25T17:47:00.000000Z,144.3881,5333,-23644129.3,-15884355143.19,-2259734417.54,3749723.18,-20657302.77,-15267698.91,190893.22,10210625.04,881264.98
2026-06-25T17:48:48.000000Z,COIN,2026-06-25T17:48:00.000000Z,144.54,5333,-22966088.24,-15873212118.98,-2261428504.91,3792902.51,-20500707.03,-15339745.79,191547.69,10138730.22,881663.50
2026-06-25T17:49:56.000000Z,COIN,2026-06-25T17:49:00.000000Z,144.615,5333,-21705375.11,-15897567100.98,-2274848844.38,3793705.03,-20463092.57,-15234514.44,190701.50,10108703.67,886430.59
2026-06-25T17:50:58.000000Z,COIN,2026-06-25T17:50:00.000000Z,144.56,5333,-12880186.62,-15712182791.48,-2272876759.79,3895174.33,-19691527.93,-15193515.14,190319.52,10337113.69,886000.15
2026-06-25T17:51:30.000000Z,COIN,2026-06-25T17:51:00.000000Z,144.6,5333,-16442730.11,-15757498634.24,-2268398249.91,3945781.17,-19975480.19,-15519455.92,192334.60,10143580.69,888098.72
2026-06-25T17:52:36.000000Z,COIN,2026-06-25T17:52:00.000000Z,144.6,5333,-14053501.5,-15577993314.78,-2243477497.23,3934412.49,-18926460.42,-15546878.38,191173.59,10060182.95,875066.95
2026-06-25T17:53:36.000000Z,COIN,2026-06-25T17:53:00.000000Z,144.58,5333,-13598953.57,-15691006305.36,-2258909411.33,3926041.09,-19676585.39,-15496947.92,190448.90,10105557.61,886040.70
2026-06-25T17:54:36.000000Z,COIN,2026-06-25T17:54:00.000000Z,144.775,5333,-14028601.46,-16081756027.82,-2329622175.28,3990461.88,-21691070.97,-15118796.54,196450.50,11044975.02,925016.79
2026-06-25T17:55:36.000000Z,COIN,2026-06-25T17:55:00.000000Z,144.64,5333,-13238435.07,-16078933488.19,-2323144018.9,3952838.29,-21640789.56,-14841704.39,194910.26,10931754.85,925463.01
2026-06-25T17:56:36.000000Z,COIN,2026-06-25T17:56:00.000000Z,144.615,5333,-23707847.5,-15888299936.61,-2299921888.4,4036284.46,-21021093.78,-15525032.53,199104.51,10618926.04,913269.33
2026-06-25T17:57:38.000000Z,COIN,2026-06-25T17:57:00.000000Z,144.875,5333,-13843157.56,-16251504115.34,-2358043714.59,4065804.01,-22733873.42,-15170867.36,200642.28,11352319.76,940988.78
2026-06-25T17:58:40.000000Z,COIN,2026-06-25T17:58:00.000000Z,145.075,5333,-4546470.48,-16214335525.81,-2377834655.1,4103847.96,-22708525.68,-15269939.37,197014.97,11353750.58,942627.67
2026-06-25T17:59:40.000000Z,COIN,2026-06-25T17:59:00.000000Z,145.2595,5333,8607206,-15935052727.71,-2413477819.88,4147802.96,-21027319.05,-15079883.38,191375.67,11313954.46,945514.86
2026-06-25T18:00:42.000000Z,COIN,2026-06-25T18:00:00.000000Z,145.4,5333,10476301.91,-16624952976.6,-2462576158.32,4127754.97,-24861486.22,-14740526.89,194078.28,12341052.54,972340.96
2026-06-25T18:01:44.000000Z,COIN,2026-06-25T18:01:00.000000Z,145.605,5333,18140962.08,-16506563430.57,-2494926604.7,4175797.7,-24036700.23,-14486231.95,191476.24,12360491.86,979327.51
2026-06-25T18:02:44.000000Z,COIN,2026-06-25T18:02:00.000000Z,144.8,5333,14324346.2,-15929584254.38,-2408152686.04,4158607.22,-21951734.3,-14626047.1,192200.59,11993931.83,953998.98
2026-06-25T18:03:44.000000Z,COIN,2026-06-25T18:03:00.000000Z,144.76,5333,6576572.78,-15834697523.29,-2358388521.97,4183983.9,-20068122.46,-15324225.48,191859.85,10641253.41,927277.06
2026-06-25T18:04:44.000000Z,COIN,2026-06-25T18:04:00.000000Z,144.735,5333,2525965.56,-15804691859.78,-2319528165.96,4174096.36,-19774873.28,-15779582.77,192418.69,10262946.13,914679.40
2026-06-25T18:05:44.000000Z,COIN,2026-06-25T18:05:00.000000Z,144.44,5333,9881886.07,-15906877617.13,-2358771235.47,4077260.01,-20096933.97,-15653633.72,192498.68,10488891.87,927486.66
2026-06-25T18:06:52.000000Z,COIN,2026-06-25T18:06:00.000000Z,144.7,5333,4656615.24,-15869145719.94,-2339810552.64,4122384.69,-19656055.74,-15894734.54,194872.50,10211839.77,925095.14
2026-06-25T18:07:30.000000Z,COIN,2026-06-25T18:07:00.000000Z,144.88,5333,11739573.46,-16025325890.85,-2390017389.15,4103264.38,-20060067.47,-15424999.95,195050.75,10529274.22,941632.46
2026-06-25T18:08:30.000000Z,COIN,2026-06-25T18:08:00.000000Z,144.77,5333,8061430.51,-16088589487.85,-2399355876.91,4087588.51,-20427234.56,-15352219.2,199641.01,10736936.46,957523.84
2026-06-25T18:09:30.000000Z,COIN,2026-06-25T18:09:00.000000Z,144.815,5333,4156398.84,-16019470344.97,-2382195468.82,4112600.33,-20393371.83,-15840740.23,199967.81,10531768.21,950379.47
2026-06-25T18:10:36.000000Z,COIN,2026-06-25T18:10:00.000000Z,144.67,5333,8368972.62,-16155600302.15,-2417914084.97,4084860.55,-21033608.3,-15599887.88,200815.21,10728530.20,962313.62
2026-06-25T18:11:40.000000Z,COIN,2026-06-25T18:11:00.000000Z,144.62,5333,2003701.14,-15937574400.62,-2357151517.4,4119263.12,-20234898.45,-16147874.52,198157.36,10308940.97,938267.33
2026-06-25T18:12:42.000000Z,COIN,2026-06-25T18:12:00.000000Z,144.4707,5333,11588916.85,-15668546870.7,-2337605843.67,4412819.11,-18680683.07,-16133322.43,195910.51,9932871.51,925345.95
2026-06-25T18:13:42.000000Z,COIN,2026-06-25T18:13:00.000000Z,144.32,5333,2564817.67,-15632628832.08,-2313138193.25,4405838.67,-18512617.83,-16273809.61,198108.76,9631494.50,915732.40
2026-06-25T18:14:46.000000Z,COIN,2026-06-25T18:14:00.000000Z,144.225,5333,1064281.48,-15617569018.58,-2315533230.51,4396204.21,-18464373.94,-16000088.21,198172.93,9637148.37,918883.26
2026-06-25T18:15:48.000000Z,COIN,2026-06-25T18:15:00.000000Z,144.0101,5333,-2780920.64,-15528933593.56,-2287419169.4,4328715.4,-17969578.82,-16368125.83,198028.18,9480012.64,909908.34
2026-06-25T18:16:48.000000Z,COIN,2026-06-25T18:16:00.000000Z,144.185,5333,-14999446.44,-15870109040.57,-2329155399.23,4341372.35,-20347768.79,-16112869.65,204604.41,10108481.84,938488.90
2026-06-25T18:17:48.122000Z,COIN,2026-06-25T18:17:00.000000Z,144.36,5333,-14989887.6,-15889370885.3,-2333001520.39,4354650.92,-20397191.69,-16162895.73,204808.64,10120750.69,940595.68
2026-06-25T18:18:50.000000Z,COIN,2026-06-25T18:18:00.000000Z,144.41,5333,-16616562.55,-15934514303.09,-2364739034.82,4361725.18,-20618236.57,-16347746.19,205394.63,10177307.15,948792.48
2026-06-25T18:19:52.000000Z,COIN,2026-06-25T18:19:00.000000Z,144.69,5333,-13140944.09,-15933029018.12,-2386809414.26,4512187.9,-20837107.28,-16200980.42,204577.15,10305432.41,960208.22
2026-06-25T18:20:54.000000Z,COIN,2026-06-25T18:20:00.000000Z,144.57,5333,-6803782.61,-16227131930.58,-2435511567.74,4555321.24,-22934845.38,-15864786.98,202282.12,11241689.72,983723.89
2026-06-25T18:21:54.000000Z,COIN,2026-06-25T18:21:00.000000Z,144.445,5333,-6854716.13,-15775449303.16,-2373841887.17,4579181.85,-20696078.15,-16201749.78,200978.94,10447842.05,953917.48
2026-06-25T18:22:54.000000Z,COIN,2026-06-25T18:22:00.000000Z,144.41,5333,-14576609.98,-15991523226.37,-2405481904.04,4531020.76,-21529938.57,-15706595.86,204843.57,11057747.73,975516.82
2026-06-25T18:23:54.000000Z,COIN,2026-06-25T18:23:00.000000Z,144.56,5333,-6959154.52,-15750117005.44,-2381896138.46,4619316.09,-20603969.13,-16596124.92,202397.66,10536814.50,958928.32
2026-06-25T18:24:56.000000Z,COIN,2026-06-25T18:24:00.000000Z,144.49,5333,-4635360.51,-15604903429.26,-2380982505.39,4606723.32,-19503206.16,-16210125,199994.30,10508089.07,956049.56
2026-06-25T18:25:28.000000Z,COIN,2026-06-25T18:25:00.000000Z,144.545,5333,-5338029.42,-15610843422.96,-2382502419.15,4606167.16,-19518056.74,-16227283.33,200246.35,10512088.97,956578.93
2026-06-25T18:26:32.000000Z,COIN,2026-06-25T18:26:00.000000Z,144.605,5333,-8248628.25,-15858123206.42,-2418927909.5,4606603.52,-21474255.02,-16768247.2,204602.45,10854819.60,977037.84
2026-06-25T18:27:32.000000Z,COIN,2026-06-25T18:27:00.000000Z,144.53,5333,-5153016.01,-15503474330.9,-2377105424.01,4668860.99,-19118002.81,-16680840.16,200051.52,10397855.50,950521.15
2026-06-25T18:28:34.000000Z,COIN,2026-06-25T18:28:00.000000Z,144.775,5333,-3580350.49,-16235637698,-2472692832.29,4608496.54,-22342848.42,-15812805.55,203091.21,11165058.15,994439.91
2026-06-25T18:29:34.000000Z,COIN,2026-06-25T18:29:00.000000Z,144.752,5333,-1781100.31,-16137718413.31,-2462348510.29,4652135.22,-22154461.01,-16222232.24,203382.04,11142393.88,993008.71
2026-06-25T18:30:34.000000Z,COIN,2026-06-25T18:30:00.000000Z,144.55,5333,260405.05,-16127720297.49,-2457472297.19,4662451.78,-22037728.38,-16201200.04,200477.68,11054976.57,985854.17
2026-06-25T18:31:34.000000Z,COIN,2026-06-25T18:31:00.000000Z,144.33,5333,-5372022.29,-15756441079.58,-2406599249.42,4712140.87,-19954635.44,-16195300.99,206027.09,10691373.42,976577.36
2026-06-25T18:32:34.000000Z,COIN,2026-06-25T18:32:00.000000Z,144.455,5333,-3610557.94,-15657870617.1,-2390910940.75,4728624.15,-19086716.57,-16500805.55,205039.57,10287909.25,967239.61
2026-06-25T18:33:34.000000Z,COIN,2026-06-25T18:33:00.000000Z,144.255,5333,-8545098.42,-15579175386.31,-2353468147.65,4698513.67,-18615271.07,-16688506.74,201633.39,9905893.89,946926.19
2026-06-25T18:34:34.000000Z,COIN,2026-06-25T18:34:00.000000Z,143.93,5333,-15570875.01,-15543648757.93,-2330093632.72,4737348.6,-18471254.2,-16626107.32,206109.36,9602688.85,943683.11
2026-06-25T18:35:36.000000Z,COIN,2026-06-25T18:35:00.000000Z,143.755,5333,-36148337.55,-15524022422.95,-2267734234.35,4625294.14,-18673830.03,-17024006.56,214250.78,9379119.34,935799.92
2026-06-25T18:36:36.000000Z,COIN,2026-06-25T18:36:00.000000Z,143.67,5333,-36966603.28,-15480328639.22,-2247675731,4601024.82,-18354983.93,-16970748.07,216339.73,9314969.56,934236.83
2026-06-25T18:37:36.000000Z,COIN,2026-06-25T18:37:00.000000Z,143.7,5333,-53512700.98,-15447868528.72,-2251362808.54,4508787.95,-18259004.75,-17132013.08,219868.61,9396824.73,936283.52
2026-06-25T18:38:44.000000Z,COIN,2026-06-25T18:38:00.000000Z,143.52,5333,-61420918.32,-15341317719.64,-2278310300.08,4497097.17,-17637359.94,-17321907.9,218194.71,9171377.62,939266.06
2026-06-25T18:39:48.000000Z,COIN,2026-06-25T18:39:00.000000Z,143.68,5333,-66857339.27,-15585447052.14,-2311915810.56,4505686.55,-19197748.46,-17425681.96,223797.76,9507277.22,959807.42
2026-06-25T18:40:50.000000Z,COIN,2026-06-25T18:40:00.000000Z,143.34,5333,-74554491,-15724625558,-2293283693.03,4334669.77,-20449238.63,-17770997.39,226925.84,9345311.59,959534.15
2026-06-25T18:41:50.000000Z,COIN,2026-06-25T18:41:00.000000Z,143.195,5333,356929436.87,-15625565947.19,-1840624141.97,4335915.59,-20042703.07,-17961350.27,178990.34,9401091.57,876793.78
2026-06-25T18:42:50.000000Z,COIN,2026-06-25T18:42:00.000000Z,142.9825,5333,347368352.21,-15327640109.27,-1732402371.9,4525600.47,-18377201.89,-18380538.39,181692.49,9194295.13,839647.03
2026-06-25T18:43:50.000000Z,COIN,2026-06-25T18:43:00.000000Z,143.14,5333,338196425.65,-15693865047.4,-1815176874.83,4443284.97,-20214264.65,-17613421.07,186589.61,9452250.21,884246.61
2026-06-25T18:44:50.000000Z,COIN,2026-06-25T18:44:00.000000Z,142.88,5333,341642361.76,-15543808998.87,-1785939512.9,4565234.98,-19595021.43,-18692548.09,184894.46,9325422.66,866860.45
2026-06-25T18:45:50.000000Z,COIN,2026-06-25T18:45:00.000000Z,142.775,5333,337753998.8,-15300947862.83,-1696760757.15,4637128.73,-17613752.03,-19015810.52,182657.74,8994746.57,829033.28
2026-06-25T18:46:50.000000Z,COIN,2026-06-25T18:46:00.000000Z,142.96,5333,334626213.13,-15416666114.03,-1746291830.15,4578206.63,-19432314.37,-18607448.47,188618.71,9257076.76,859206.20
2026-06-25T18:47:50.000000Z,COIN,2026-06-25T18:47:00.000000Z,142.81,5333,319397000.25,-15386251025.56,-1694060635.93,4527013.4,-19440207.58,-18940469.15,191440.25,9240296.95,862209.42
2026-06-25T18:48:50.000000Z,COIN,2026-06-25T18:48:00.000000Z,142.88,5333,330344141.28,-15495407283.7,-1765623628.21,4551795.58,-20031780.89,-18845068.4,189699.31,9444658.97,881527.78
2026-06-25T18:49:50.000000Z,COIN,2026-06-25T18:49:00.000000Z,143.03,5333,323868368.52,-15395907598.35,-1754891511.56,4488530.02,-19217449.28,-18949548.33,190176.37,9415265.99,875341.55
2026-06-25T18:50:50.000000Z,COIN,2026-06-25T18:50:00.000000Z,143.13,5333,326313455.8,-15607009972.44,-1797588600.94,4491939.33,-20815608.93,-19237887.48,190035.26,9738653.67,887815.77
2026-06-25T18:51:52.000000Z,COIN,2026-06-25T18:51:00.000000Z,142.98,5333,326801748.52,-15544883083.76,-1779155611.8,4527522.52,-20620087.98,-19501633.69,189838.87,9635610.60,877751.86
2026-06-25T18:52:56.000000Z,COIN,2026-06-25T18:52:00.000000Z,143.6,5333,312215980.48,-15778036403.36,-1873937379.84,4961309.01,-22181165.17,-18879105.09,192505.95,10628543.98,918361.54
2026-06-25T18:53:28.000000Z,COIN,2026-06-25T18:53:00.000000Z,143.46,5333,326267980.65,-15935559805.17,-1930013437.71,5047939.11,-23563960.67,-19087292.36,191979.45,11326786.33,942297.67
2026-06-25T18:54:30.000000Z,COIN,2026-06-25T18:54:00.000000Z,143.46,5333,327613740.02,-16009868905.4,-1950842291.92,5002049.18,-23808815.86,-19091531.93,190564.07,11394172.87,954128.39
2026-06-25T18:55:34.000000Z,COIN,2026-06-25T18:55:00.000000Z,143.58,5333,327677961.85,-16014901962.34,-1955635381.65,5051242.16,-23661933.32,-19110706.51,193217.64,11223121.53,956815.43
2026-06-25T18:56:42.000000Z,COIN,2026-06-25T18:56:00.000000Z,143.26,5333,326670071.8,-15419689591.3,-1875657125.03,5112123.22,-20005149.99,-19496508.6,189324.19,10355650.38,908487.27
2026-06-25T18:57:42.000000Z,COIN,2026-06-25T18:57:00.000000Z,143.165,5333,324406095.22,-15436138262.46,-1864075879.11,5053968.29,-19966334.84,-19385487.43,189597.23,10057858.65,904844.27
2026-06-25T18:58:50.000000Z,COIN,2026-06-25T18:58:00.000000Z,143.1,5333,321061987.56,-15451127629.45,-1891183705.53,5077156.43,-19965981.91,-19403599.66,188886.02,10096770.50,915208.85
2026-06-25T18:59:50.000000Z,COIN,2026-06-25T18:59:00.000000Z,143.04,5333,320459770.02,-15393020216.7,-1859864970.37,5077599.84,-19611378.52,-19489877.44,194873.28,9813006.02,904037.18
2026-06-25T19:00:50.000000Z,COIN,2026-06-25T19:00:00.000000Z,142.7801,5333,303159454.29,-15360388192.61,-1788782095.92,5012056.4,-19991523.2,-20019535.63,198358.07,9717679.44,886258.65
2026-06-25T19:01:50.000000Z,COIN,2026-06-25T19:01:00.000000Z,142.62,5333,297438531.74,-15305946393.76,-1771236177.59,4898163.44,-19627012.51,-20399551.28,197911.22,9337783.94,879464.65
2026-06-25T19:02:50.000000Z,COIN,2026-06-25T19:02:00.000000Z,142.7015,5333,284623982.5,-15535327533.65,-1762614892.68,4776501.46,-21024888.89,-20238688.72,203176.74,9414904.94,891206.72
2026-06-25T19:03:50.000000Z,COIN,2026-06-25T19:03:00.000000Z,142.6599,5333,272918186.7,-15620613717.09,-1814054656.01,4708343.45,-21552355.38,-20230053.87,205524.74,9552491.05,910015.86
2026-06-25T19:04:50.000000Z,COIN,2026-06-25T19:04:00.000000Z,142.615,5333,275459586.58,-15312896428.12,-1785472866.83,4741708.14,-19802430.2,-19889387.97,203691.29,9286719.07,896360.20
2026-06-25T19:05:52.000000Z,COIN,2026-06-25T19:05:00.000000Z,142.56,5333,275107461.04,-15422091117.8,-1795201758.76,4682566.09,-20798587.55,-20197765.04,202634.42,9449879.23,901686.54
2026-06-25T19:06:52.000000Z,COIN,2026-06-25T19:06:00.000000Z,142.46,5333,307691928,-15206996126.42,-1688989732.45,4835563.21,-19672394.46,-20311480.26,221880.75,9316574.48,863753.90
2026-06-25T19:07:56.000000Z,COIN,2026-06-25T19:07:00.000000Z,142.47,5333,309071223.45,-15473228504.4,-1721023029.47,4738031.1,-21259894.87,-20503912.97,202864.94,9397621.69,906635.47
2026-06-25T19:08:56.000000Z,COIN,2026-06-25T19:08:00.000000Z,142.4,5333,303473043.12,-15319902981.76,-1696015250.45,4914877.84,-20413403.33,-20506060.62,201459.15,9156345.83,893316.00
2026-06-25T19:09:56.000000Z,COIN,2026-06-25T19:09:00.000000Z,142.475,5333,306261008.24,-15277402648.4,-1687315858.59,4951163.66,-19516916.62,-20521312.24,201517.30,9184786.32,887128.40
2026-06-25T19:10:56.000000Z,COIN,2026-06-25T19:10:00.000000Z,142.39,5333,308859780.84,-15271035500.42,-1688491257.47,5007415.25,-19546884.62,-20377895.64,200246.65,9224908.84,887370.12
2026-06-25T19:11:56.000000Z,COIN,2026-06-25T19:11:00.000000Z,142.445,5333,297750671.14,-15635927149.52,-1733374824.05,4960959.33,-22157801.9,-20338406.98,205476.76,9451461.19,911781.50
2026-06-25T19:12:58.000000Z,COIN,2026-06-25T19:12:00.000000Z,142.42,5333,491766302.64,-15532497259.42,1213445829.53,4976488.9,-21638231.42,-20304958,161771.95,9444923.30,489401.78
2026-06-25T19:13:58.000000Z,COIN,2026-06-25T19:13:00.000000Z,141.88,5333,1292425219.38,-15541327545.24,2007492909.64,4900588.68,-21887837.68,-20309708.81,55042.95,9345806.25,379568.31
2026-06-25T19:14:58.000000Z,COIN,2026-06-25T19:14:00.000000Z,142.15,5333,1261846824.01,-15509906374.4,2062998727.93,4837823.76,-21552346.26,-20657570.94,93018.53,9370809.34,407568.50
2026-06-25T19:15:58.000000Z,COIN,2026-06-25T19:15:00.000000Z,141.7452,5333,1280666961.03,-15248886090.58,2109855990.89,4851410.7,-20788458.98,-20825234.45,65367.75,9229526.57,361497.02
2026-06-25T19:16:30.000000Z,COIN,2026-06-25T19:16:00.000000Z,141.9,5333,1270692527.94,-15339866037.89,2157475638.3,4812547.46,-21752806.59,-21073488.12,70966.16,9369407.32,366694.85
2026-06-25T19:17:30.000000Z,COIN,2026-06-25T19:17:00.000000Z,141.755,5333,1265455812.54,-15217306314.96,2182622601.04,4809498.24,-21604817.57,-21514820.49,68817.89,9255756.35,358635.54
2026-06-25T19:18:32.000000Z,COIN,2026-06-25T19:18:00.000000Z,141.91,5333,1279738496.48,-15394862387.29,2052475137.27,4822254.75,-21848491.91,-20128858.42,63492.86,9824772.57,403352.85
2026-06-25T19:19:34.000000Z,COIN,2026-06-25T19:19:00.000000Z,141.83,5333,1280329457.04,-14913759730.52,2185142598.93,4876021.81,-19309985.77,-20897143.51,60354.60,9170789.40,350215.14
2026-06-25T19:20:34.000000Z,COIN,2026-06-25T19:20:00.000000Z,141.9,5333,1266963866.3,-15419431306.08,2083630449.28,4823257.01,-22132308.52,-21123250.68,66893.92,9786092.45,391691.42
2026-06-25T19:21:34.000000Z,COIN,2026-06-25T19:21:00.000000Z,141.985,5333,1260313254.83,-15342902894.81,2160875229.24,4857114.09,-22019751.63,-21832821.4,69908.09,9567994.20,367566.50
2026-06-25T19:22:34.000000Z,COIN,2026-06-25T19:22:00.000000Z,141.955,5333,1263751000.06,-15396735685.75,2101617945,4877745.59,-22160567.05,-21223860.77,65526.53,9797935.17,386848.65
2026-06-25T19:23:34.000000Z,COIN,2026-06-25T19:23:00.000000Z,141.99,5333,1258546163.45,-15563297181.88,2069783528.08,4859360.12,-22827930.6,-21111332.57,74684.00,9967221.79,406208.87
2026-06-25T19:24:34.000000Z,COIN,2026-06-25T19:24:00.000000Z,141.9,5333,1252563581.77,-15526440604.68,2087935647.87,4811637.98,-22651862.64,-20939727.42,77185.22,9667818.31,407969.21
2026-06-25T19:25:36.000000Z,COIN,2026-06-25T19:25:00.000000Z,142.14,5333,1202828955.97,-15660395320.4,1951077902.84,4526326.08,-23358181.4,-21475952.98,123560.96,10082870.04,528875.02
2026-06-25T19:26:36.000000Z,COIN,2026-06-25T19:26:00.000000Z,142.15,5333,1275418033.2,-15437046428.45,2098737693.37,4841603.57,-22436661.85,-21204913.48,69264.75,9990055.31,404548.37
2026-06-25T19:27:36.000000Z,COIN,2026-06-25T19:27:00.000000Z,142.125,5333,1193055493.42,-15606890698.7,1909049080.74,4447176.48,-23327361.62,-22113212.83,138646.65,10249197.35,575192.01
2026-06-25T19:28:36.000000Z,COIN,2026-06-25T19:28:00.000000Z,141.938,5333,1274112040.28,-14992246202.09,2141786608.28,4937887.65,-20830965.95,-21522982.49,74228.16,9862902.34,392942.64
2026-06-25T19:29:38.000000Z,COIN,2026-06-25T19:29:00.000000Z,142.06,5333,1249915188.11,-14861767412.43,2035819932.22,4948709.37,-21195421.63,-21606813.35,65500.05,9780364.56,386185.07
2026-06-25T19:30:40.000000Z,COIN,2026-06-25T19:30:00.000000Z,142.025,5333,1167003510.42,-15316162780.07,1769838340.45,4471276.01,-23801250.56,-22019957.91,139698.24,10392460.70,622494.12
2026-06-25T19:31:42.000000Z,COIN,2026-06-25T19:31:00.000000Z,141.93,5333,1249011929.11,-14668719266.27,2036147116.23,4989798.78,-19780573.94,-21120372.63,54546.68,9702729.60,389814.72
2026-06-25T19:32:42.000000Z,COIN,2026-06-25T19:32:00.000000Z,142.18,5333,1159354589.93,-15579438820.3,1735878287.27,4499377.35,-23688343.72,-21898555.46,138285.75,10471049.57,639110.61
2026-06-25T19:33:44.000000Z,COIN,2026-06-25T19:33:00.000000Z,142.3063,5333,1238026518.89,-15337560647.55,1955329234.5,5272136,-22025183.6,-21885942.95,60037.39,9898113.52,420117.82
2026-06-25T19:34:46.000000Z,COIN,2026-06-25T19:34:00.000000Z,142.16,5333,1147718977.48,-15637848469.24,1794236386.31,4653404.46,-23787600.81,-22109690.55,135151.02,10203426.57,587978.49
2026-06-25T19:35:46.000000Z,COIN,2026-06-25T19:35:00.000000Z,141.99,5333,1149282155.12,-15582301044.03,1720977056.9,4515319.17,-24099742.34,-22918125.11,147534.81,10248587.15,631288.91
2026-06-25T19:36:46.000000Z,COIN,2026-06-25T19:36:00.000000Z,142.14,5333,1158691195.76,-15627800586.72,1685765973.76,4543126.24,-23997870.17,-22625827,129584.93,10251945.94,580021.65
2026-06-25T19:37:46.000000Z,COIN,2026-06-25T19:37:00.000000Z,142.065,5333,1218439651.36,-15410066221.16,1822716598.21,4841324.66,-22582356.97,-22526141.91,112565.82,10107689.79,525633.02
2026-06-25T19:38:48.000000Z,COIN,2026-06-25T19:38:00.000000Z,141.92,5333,1266275475.86,-15121300416.11,1907698063.87,5565326.96,-20780250.12,-21578267.86,60455.82,9684467.84,411148.64
2026-06-25T19:39:52.000000Z,COIN,2026-06-25T19:39:00.000000Z,141.94,5333,1248661096.52,-14896010234.41,1961879304.29,5626307.18,-19515956.71,-22043855.61,53075.73,9383390.90,361756.70
2026-06-25T19:40:52.000000Z,COIN,2026-06-25T19:40:00.000000Z,142.2051,5333,1187194062.35,-15321754390.88,1789955560.55,5217120.8,-23221180.36,-22204529.07,125885.00,10065791.28,507891.60
2026-06-25T19:41:54.000000Z,COIN,2026-06-25T19:41:00.000000Z,142.035,5333,1244920263.56,-15005745235.39,1902902686.82,5627007.75,-21427193.88,-22234702.15,61341.58,9849858.65,407636.50
2026-06-25T19:42:56.000000Z,COIN,2026-06-25T19:42:00.000000Z,141.72,5333,1248332156.75,-14836343190.53,1992683928.61,5614565.36,-19824341.28,-22413452.46,63258.52,9437162.19,390566.57
2026-06-25T19:43:56.000000Z,COIN,2026-06-25T19:43:00.000000Z,141.91,5333,1230022007.7,-15326798528.98,1875122307.19,5601977.39,-22119961.09,-21799039.54,64728.70,9814387.40,426092.26
2026-06-25T19:44:58.000000Z,COIN,2026-06-25T19:44:00.000000Z,141.78,5333,1248889702.82,-14847438731.58,2023209154.12,5729337.88,-18923386.62,-21647238.33,63316.17,9285304.94,364566.81
2026-06-25T19:45:58.000000Z,COIN,2026-06-25T19:45:00.000000Z,141.675,5333,1235046469.32,-15131510265.75,1979472409.69,5584736.29,-21175182.63,-22344932.33,74535.25,9614611.45,410069.96
2026-06-25T19:46:58.000000Z,COIN,2026-06-25T19:46:00.000000Z,141.68,5333,1233106739.29,-15128126528.02,2022631976.77,5540862.98,-21265772.6,-22653084.33,76613.81,9432263.57,396712.61
2026-06-25T19:47:58.000000Z,COIN,2026-06-25T19:47:00.000000Z,141.58,5333,1240690850.1,-15181682980.03,1922725080.88,5617314.38,-21394274.58,-21065058.43,61391.86,9450349.51,476373.73
2026-06-25T19:48:58.000000Z,COIN,2026-06-25T19:48:00.000000Z,141.57,5333,1244124506.86,-15037710770.46,1975099432.45,5592947.73,-20554522.47,-20911408.36,60148.37,9480913.89,454944.40
2026-06-25T19:49:58.000000Z,COIN,2026-06-25T19:49:00.000000Z,141.825,5333,1237997999.58,-15446523021.17,1892974456.36,5527739.47,-22643311.6,-20876608.27,82954.37,9816177.88,518439.10
2026-06-25T19:50:30.000000Z,COIN,2026-06-25T19:50:00.000000Z,141.6,5333,1246291281.55,-15002000823.58,1983074798.81,5623138.36,-19882747.4,-20701075.09,72383.50,9689973.03,471725.18
2026-06-25T19:51:30.000000Z,COIN,2026-06-25T19:51:00.000000Z,141.72,5333,1246846001.03,-15276288507.93,1944610588.19,5698388.24,-21248046.51,-21350307.76,89535.90,9639791.53,488367.06
2026-06-25T19:52:30.000000Z,COIN,2026-06-25T19:52:00.000000Z,141.59,5333,1175132022.07,-15589579817.72,1806833953.03,5394865.32,-23289180.49,-21672981.28,150454.51,10039524.02,598040.91
2026-06-25T19:53:30.000000Z,COIN,2026-06-25T19:53:00.000000Z,141.955,5333,1098700456.46,-15974912473.49,1445115543.46,4945485.57,-25177247.69,-22683981.5,191400.15,10652836.05,814724.22
2026-06-25T19:54:30.000000Z,COIN,2026-06-25T19:54:00.000000Z,141.815,5333,1141259974.02,-13446526985.26,1667214040.89,5485355.69,-25167066.13,-22155156.23,166215.94,10893743.29,739662.72
2026-06-25T19:55:30.000000Z,COIN,2026-06-25T19:55:00.000000Z,141.965,5333,1082754211.06,-13550510777.32,1439673139.23,5229106.25,-26324870.82,-23182109.75,192130.79,11259321.28,817795.99
2026-06-25T19:56:30.000000Z,COIN,2026-06-25T19:56:00.000000Z,142.14,5333,1101418927.99,-13452128741.49,1458390862.35,5304493.2,-25946585.33,-23517209.05,186400.26,11155676.24,807305.62
2026-06-25T19:57:30.000000Z,COIN,2026-06-25T19:57:00.000000Z,142.44,5333,1081938091.28,-13665305865.64,1207099941.36,4962451.73,-27409570.63,-23950437.6,195809.54,11692712.59,896390.49
2026-06-25T19:58:30.000000Z,COIN,2026-06-25T19:58:00.000000Z,142.4,5333,1108863239.96,-13391653378.36,1270540532.06,5107697.88,-26999536.08,-23531402.36,186724.66,11719564.84,891788.55
2026-06-25T19:59:30.000000Z,COIN,2026-06-25T19:59:00.000000Z,142.61,5333,1038443516.62,-13377502041.56,1092381450.95,4881842.01,-27927805.07,-23780551.54,204722.91,12139323.52,994309.74
