Date,Open,High,Low,Close,Volume
2024-04-25,38.599998474121094,40.0,35.935001373291016,37.0,18580300.0
2024-04-26,38.29999923706055,38.880001068115234,35.880001068115234,38.0,5101600.0
2024-04-29,36.16999816894531,36.939998626708984,34.900001525878906,35.0,2873600.0
2024-04-30,35.0,35.099998474121094,32.0,32.02000045776367,4722200.0
2024-05-01,32.18000030517578,33.630001068115234,31.959999084472656,32.84000015258789,4473400.0
2024-05-02,33.02000045776367,34.220001220703125,32.0,33.90999984741211,859600.0
2024-05-03,34.540000915527344,34.95000076293945,32.029998779296875,32.75,1125700.0
2024-05-06,32.810001373291016,34.869998931884766,31.979999542236328,34.869998931884766,1306000.0
2024-05-07,34.59000015258789,35.29999923706055,33.439998626708984,33.77000045776367,1150900.0
2024-05-08,33.470001220703125,33.75,33.220001220703125,33.56999969482422,705000.0
2024-05-09,33.41999816894531,33.83000183105469,32.810001373291016,33.599998474121094,506300.0
2024-05-10,33.900001525878906,34.529998779296875,33.470001220703125,33.52000045776367,611200.0
2024-05-13,33.34000015258789,33.72999954223633,32.66999816894531,32.790000915527344,488700.0
2024-05-14,33.20000076293945,34.27199935913086,32.880001068115234,33.97999954223633,687600.0
2024-05-15,34.18000030517578,34.88999938964844,33.720001220703125,34.36000061035156,568600.0
2024-05-16,34.400001525878906,35.709999084472656,34.11000061035156,34.86000061035156,743400.0
2024-05-17,34.86000061035156,36.56999969482422,34.5099983215332,36.56999969482422,1090500.0
2024-05-20,36.70000076293945,37.400001525878906,35.51499938964844,36.06999969482422,1097400.0
2024-05-21,36.099998474121094,36.20800018310547,35.04999923706055,35.380001068115234,451700.0
2024-05-22,35.459999084472656,35.939998626708984,33.79999923706055,33.970001220703125,654700.0
2024-05-23,34.220001220703125,34.38100051879883,32.650001525878906,32.7599983215332,782100.0
2024-05-24,32.81999969482422,34.2599983215332,32.81999969482422,33.560001373291016,475800.0
2024-05-28,33.849998474121094,34.53799819946289,32.26499938964844,32.459999084472656,694200.0
2024-05-29,32.20000076293945,33.279998779296875,31.839000701904297,33.02000045776367,593400.0
2024-05-30,32.75,32.90999984741211,29.399999618530273,30.260000228881836,1197800.0
2024-05-31,30.700000762939453,30.979999542236328,29.24099922180176,30.479999542236328,1187700.0
2024-06-03,30.5,31.594999313354492,30.5,30.809999465942383,642400.0
2024-06-04,30.540000915527344,31.799999237060547,30.399999618530273,30.75,607300.0
2024-06-05,31.020000457763672,31.469999313354492,30.399999618530273,31.399999618530273,422400.0
2024-06-06,32.0,33.66999816894531,31.75,33.279998779296875,1136900.0
2024-06-07,33.279998779296875,34.130001068115234,32.68000030517578,33.83000183105469,656200.0
2024-06-10,33.880001068115234,36.189998626708984,33.869998931884766,35.7599983215332,954100.0
2024-06-11,35.619998931884766,36.40999984741211,35.09000015258789,35.2599983215332,1896800.0
2024-06-12,36.56999969482422,36.900001525878906,31.69099998474121,32.119998931884766,4066600.0
2024-06-13,32.7599983215332,33.439998626708984,30.780000686645508,31.11000061035156,1273700.0
2024-06-14,30.489999771118164,32.54999923706055,29.649999618530273,32.5,1255000.0
2024-06-17,32.209999084472656,32.27000045776367,30.809999465942383,31.06999969482422,922200.0
2024-06-18,30.989999771118164,31.15999984741211,30.520000457763672,30.649999618530273,553100.0
2024-06-20,30.56999969482422,30.56999969482422,29.520000457763672,29.670000076293945,1188400.0
2024-06-21,29.940000534057617,30.25,28.34000015258789,28.649999618530273,3281100.0
2024-06-24,28.540000915527344,30.510000228881836,28.350000381469727,30.15999984741211,1111000.0
2024-06-25,29.979999542236328,30.959999084472656,29.510000228881836,30.3700008392334,631500.0
2024-06-26,30.049999237060547,30.540000915527344,29.1200008392334,29.719999313354492,877600.0
2024-06-27,29.479999542236328,30.729999542236328,29.229999542236328,30.649999618530273,550000.0
2024-06-28,30.649999618530273,31.5,30.11000061035156,30.65999984741211,1610400.0
2024-07-01,31.010000228881836,31.5,29.75,30.0,1118500.0
2024-07-02,30.149999618530273,30.520000457763672,29.540000915527344,29.899999618530273,730900.0
2024-07-03,30.299999237060547,30.719999313354492,29.899999618530273,29.93000030517578,1159600.0
2024-07-05,30.0,32.79999923706055,30.0,32.7599983215332,1627800.0
2024-07-08,32.63999938964844,32.9900016784668,31.850000381469727,32.0099983215332,792000.0
2024-07-09,32.220001220703125,33.0,31.450000762939453,32.650001525878906,1038400.0
2024-07-10,32.900001525878906,33.220001220703125,32.15999984741211,33.189998626708984,571000.0
2024-07-11,33.5099983215332,34.119998931884766,32.79999923706055,32.9900016784668,814800.0
2024-07-12,33.0,33.88999938964844,32.52000045776367,33.849998474121094,582400.0
2024-07-15,34.470001220703125,35.459999084472656,34.09000015258789,34.290000915527344,1226500.0
2024-07-16,34.36000061035156,34.62300109863281,33.72999954223633,34.0,1082100.0
2024-07-17,33.47999954223633,34.86000061035156,33.29999923706055,34.7400016784668,842700.0
2024-07-18,34.95000076293945,35.25,33.57500076293945,34.0,735100.0
2024-07-19,34.0,34.41999816894531,33.31999969482422,33.86000061035156,761200.0
2024-07-22,34.0,34.560001373291016,33.51100158691406,34.540000915527344,329300.0
2024-07-23,34.560001373291016,36.42499923706055,34.31999969482422,36.40999984741211,807800.0
2024-07-24,36.09000015258789,36.474998474121094,34.61000061035156,35.0,1019000.0
2024-07-25,34.650001525878906,35.47600173950195,33.65999984741211,34.41999816894531,860900.0
2024-07-26,35.0,35.27000045776367,34.040000915527344,34.709999084472656,541500.0
2024-07-29,35.0,36.15999984741211,34.529998779296875,34.599998474121094,589000.0
2024-07-30,34.63999938964844,36.845001220703125,34.63999938964844,36.61000061035156,1029700.0
2024-07-31,36.93000030517578,38.5,36.7599983215332,37.20000076293945,1156000.0
2024-08-01,37.13999938964844,37.459999084472656,34.52000045776367,34.58000183105469,1199200.0
2024-08-02,33.880001068115234,33.939998626708984,30.809999465942383,31.049999237060547,1166800.0
2024-08-05,28.989999771118164,30.75,28.600000381469727,30.049999237060547,1197900.0
2024-08-06,30.809999465942383,31.065000534057617,29.65999984741211,30.959999084472656,866700.0
2024-08-07,31.59000015258789,31.86000061035156,30.709999084472656,31.09000015258789,944500.0
2024-08-08,31.469999313354492,32.029998779296875,30.280000686645508,31.489999771118164,561400.0
2024-08-09,31.260000228881836,32.459999084472656,30.969999313354492,31.75,648300.0
2024-08-12,31.75,31.940000534057617,31.010000228881836,31.290000915527344,351800.0
2024-08-13,31.979999542236328,32.72999954223633,31.520000457763672,32.11000061035156,604100.0
2024-08-14,32.29999923706055,32.59000015258789,31.690000534057617,31.709999084472656,815200.0
2024-08-15,32.11000061035156,33.64500045776367,32.0,33.619998931884766,1266000.0
2024-08-16,33.65999984741211,34.86000061035156,33.150001525878906,33.40999984741211,969000.0
2024-08-19,33.75,36.3650016784668,33.75,35.86000061035156,1205700.0
2024-08-20,35.7599983215332,36.25,35.38999938964844,35.95000076293945,467800.0
2024-08-21,36.20000076293945,36.720001220703125,35.15999984741211,36.36000061035156,901800.0
2024-08-22,36.5,36.959999084472656,36.0,36.16999816894531,737400.0
2024-08-23,36.22999954223633,37.0,34.79999923706055,34.95000076293945,799500.0
2024-08-26,35.45000076293945,35.86000061035156,34.939998626708984,35.59000015258789,603900.0
2024-08-27,35.529998779296875,35.900001525878906,35.18000030517578,35.41999816894531,372200.0
2024-08-28,35.16999816894531,35.255001068115234,33.45000076293945,34.209999084472656,741000.0
2024-08-29,34.43000030517578,35.20000076293945,33.63999938964844,33.77000045776367,454400.0
2024-08-30,34.0,34.9900016784668,34.0,34.81999969482422,1415700.0
2024-09-03,34.31999969482422,35.077999114990234,32.77000045776367,32.86000061035156,623000.0
2024-09-04,32.61000061035156,33.40999984741211,31.834999084472656,32.630001068115234,570700.0
2024-09-05,32.61000061035156,32.970001220703125,32.0099983215332,32.13999938964844,636200.0
2024-09-06,32.18000030517578,32.619998931884766,30.63999938964844,30.719999313354492,1042300.0
2024-09-09,31.0,32.43000030517578,30.84000015258789,32.060001373291016,3111600.0
2024-09-10,29.850000381469727,31.75,29.18000030517578,31.579999923706055,4098500.0
2024-09-11,30.959999084472656,33.900001525878906,30.579999923706055,33.5,5368100.0
2024-09-12,31.954999923706055,32.2400016784668,30.239999771118164,30.75,5272600.0
2024-09-13,30.93000030517578,31.0049991607666,30.09000015258789,30.5,3276300.0
2024-09-16,31.489999771118164,31.739999771118164,30.760000228881836,31.3799991607666,3128400.0
2024-09-17,31.0,32.45000076293945,30.364999771118164,32.2400016784668,3435200.0
2024-09-18,31.899999618530273,32.22999954223633,31.100000381469727,31.540000915527344,2978400.0
2024-09-19,32.290000915527344,33.130001068115234,32.18000030517578,32.70000076293945,3312200.0
2024-09-20,32.25,33.720001220703125,31.920000076293945,33.290000915527344,10241700.0
2024-09-23,32.88999938964844,33.61000061035156,32.65999984741211,33.369998931884766,1282200.0
2024-09-24,33.619998931884766,33.81999969482422,33.189998626708984,33.54999923706055,1322000.0
2024-09-25,33.619998931884766,33.67300033569336,31.09000015258789,31.520000457763672,2894700.0
2024-09-26,31.579999923706055,31.929000854492188,30.350000381469727,31.739999771118164,2684700.0
2024-09-27,31.75,32.33000183105469,31.049999237060547,31.959999084472656,2537900.0
2024-09-30,31.959999084472656,32.38999938964844,31.260000228881836,32.150001525878906,2021000.0
2024-10-01,31.93000030517578,31.950000762939453,30.670000076293945,31.36000061035156,2016200.0
2024-10-02,31.25,31.709999084472656,30.36000061035156,31.38999938964844,1326700.0
2024-10-03,31.270000457763672,32.88999938964844,31.010000228881836,32.599998474121094,1896400.0
2024-10-04,32.86000061035156,33.29999923706055,32.0,33.189998626708984,2560100.0
2024-10-07,32.95000076293945,33.20000076293945,32.529998779296875,32.95000076293945,1160600.0
2024-10-08,33.0,35.09000015258789,32.72999954223633,34.630001068115234,3615000.0
2024-10-09,34.84000015258789,36.0,34.619998931884766,35.9900016784668,2612800.0
2024-10-10,35.619998931884766,38.93299865722656,35.619998931884766,38.709999084472656,4592200.0
2024-10-11,38.72999954223633,40.36000061035156,38.470001220703125,39.540000915527344,3456100.0
2024-10-14,39.54999923706055,39.90999984741211,38.90299987792969,39.2599983215332,1383300.0
2024-10-15,39.2599983215332,40.040000915527344,38.93000030517578,39.130001068115234,1576300.0
2024-10-16,39.31999969482422,39.41999816894531,38.290000915527344,38.869998931884766,965300.0
2024-10-17,39.0,40.75,38.619998931884766,39.47999954223633,1859300.0
2024-10-18,39.709999084472656,41.33000183105469,39.16999816894531,39.540000915527344,2251100.0
2024-10-21,39.65999984741211,39.97999954223633,38.15999984741211,38.52000045776367,1256200.0
2024-10-22,38.52000045776367,38.91999816894531,37.650001525878906,38.61000061035156,1705800.0
2024-10-23,38.29999923706055,38.56100082397461,37.380001068115234,37.689998626708984,785000.0
2024-10-24,37.790000915527344,39.119998931884766,37.66999816894531,38.90999984741211,1080900.0
2024-10-25,39.34000015258789,40.790000915527344,39.11000061035156,39.400001525878906,1519600.0
2024-10-28,39.400001525878906,41.0,39.400001525878906,40.58000183105469,1002800.0
2024-10-29,41.06999969482422,43.95000076293945,40.801998138427734,42.599998474121094,2972300.0
2024-10-30,42.72999954223633,42.9900016784668,41.5,42.599998474121094,1226000.0
2024-10-31,42.709999084472656,42.959999084472656,41.04999923706055,41.2599983215332,865000.0
2024-11-01,41.439998626708984,41.939998626708984,41.02000045776367,41.380001068115234,1110600.0
2024-11-04,41.0,42.150001525878906,40.97999954223633,41.52000045776367,870300.0
2024-11-05,41.5,42.448001861572266,41.18000030517578,41.54999923706055,667700.0
2024-11-06,42.9900016784668,44.130001068115234,42.810001373291016,43.290000915527344,1280500.0
2024-11-07,43.599998474121094,44.97999954223633,43.29999923706055,44.470001220703125,1286300.0
2024-11-08,44.29999923706055,45.09000015258789,43.79999923706055,44.7599983215332,1492300.0
2024-11-11,45.220001220703125,45.900001525878906,43.47999954223633,44.31999969482422,1014800.0
2024-11-12,43.95000076293945,44.999000549316406,43.62900161743164,44.810001373291016,951000.0
2024-11-13,45.0,45.60900115966797,43.650001525878906,44.58000183105469,1406400.0
2024-11-14,44.52000045776367,45.15999984741211,43.439998626708984,44.5,836500.0
2024-11-15,44.06999969482422,44.68000030517578,42.0099983215332,43.2400016784668,1627400.0
2024-11-18,43.61000061035156,44.290000915527344,43.08000183105469,43.83000183105469,750100.0
2024-11-19,43.2599983215332,44.279998779296875,42.5,44.209999084472656,756300.0
2024-11-20,45.0,45.4900016784668,43.7599983215332,45.150001525878906,923900.0
2024-11-21,46.0,49.72999954223633,46.0,49.119998931884766,1848300.0
2024-11-22,49.380001068115234,51.58000183105469,49.369998931884766,51.04999923706055,1713500.0
2024-11-25,51.08000183105469,52.75,49.849998474121094,50.38999938964844,2102900.0
2024-11-26,50.27000045776367,51.29999923706055,49.77000045776367,50.02000045776367,978900.0
2024-11-27,50.060001373291016,50.77000045776367,48.9379997253418,49.65999984741211,717700.0
2024-11-29,50.06999969482422,51.98899841308594,50.060001373291016,50.81999969482422,518400.0
2024-12-02,51.099998474121094,51.79999923706055,49.275001525878906,49.43000030517578,1106900.0
2024-12-03,48.689998626708984,51.16999816894531,48.150001525878906,50.93000030517578,1277200.0
2024-12-04,51.5099983215332,54.0,51.31999969482422,52.619998931884766,2278500.0
2024-12-05,52.29999923706055,54.900001525878906,52.02000045776367,53.65999984741211,3940400.0
2024-12-06,65.68000030517578,72.66000366210938,62.060001373291016,64.62999725341797,17262400.0
2024-12-09,63.939998626708984,70.18000030517578,63.349998474121094,69.79000091552734,5866200.0
2024-12-10,69.5,73.9000015258789,67.6500015258789,69.2300033569336,3889200.0
2024-12-11,69.70999908447266,72.08000183105469,69.41000366210938,70.41999816894531,2477500.0
2024-12-12,70.0,74.98999786376953,70.0,74.19000244140625,2703300.0
2024-12-13,71.1449966430664,72.69499969482422,69.68000030517578,72.18000030517578,5634700.0
2024-12-16,71.94999694824219,75.79000091552734,71.80000305175781,75.51000213623047,4062000.0
2024-12-17,75.0,75.22100067138672,71.87000274658203,72.97000122070312,3890100.0
2024-12-18,72.69999694824219,72.91200256347656,67.05000305175781,68.05000305175781,5415400.0
2024-12-19,68.83999633789062,70.41600036621094,65.0999984741211,66.9800033569336,5121300.0
2024-12-20,64.87999725341797,67.83000183105469,63.849998474121094,66.12000274658203,8305700.0
2024-12-23,66.55999755859375,67.94000244140625,65.08000183105469,67.16999816894531,2451300.0
2024-12-24,66.91000366210938,69.63999938964844,64.30000305175781,67.93000030517578,1724400.0
2024-12-26,68.83999633789062,69.69000244140625,67.55000305175781,68.37999725341797,1711800.0
2024-12-27,68.79000091552734,68.79000091552734,66.55999755859375,68.3499984741211,2177600.0
2024-12-30,66.61000061035156,71.30000305175781,65.58000183105469,68.2699966430664,3724100.0
2024-12-31,68.06999969482422,68.46299743652344,65.05000305175781,65.36000061035156,1720600.0
2025-01-02,65.72000122070312,66.87000274658203,64.05000305175781,66.3499984741211,1645200.0
2025-01-03,66.97000122070312,69.35800170898438,65.08000183105469,66.9000015258789,2607600.0
2025-01-06,69.0,70.58000183105469,65.81999969482422,68.5,3333900.0
2025-01-07,68.94999694824219,69.58999633789062,63.599998474121094,64.33999633789062,3167200.0
2025-01-08,62.599998474121094,65.0,62.060001373291016,63.189998626708984,2325300.0
2025-01-10,62.25,64.0,60.529998779296875,63.459999084472656,1900700.0
2025-01-13,64.23999786376953,66.29100036621094,62.7400016784668,65.05000305175781,2613100.0
2025-01-14,65.4000015258789,66.0,63.72999954223633,65.08999633789062,1743300.0
2025-01-15,66.5199966430664,68.75,64.55999755859375,66.7300033569336,2527800.0
2025-01-16,65.0199966430664,68.58499908447266,62.529998779296875,68.23999786376953,2424000.0
2025-01-17,69.5999984741211,70.0999984741211,67.33000183105469,67.9000015258789,4411000.0
2025-01-21,69.22000122070312,72.19000244140625,68.51000213623047,71.36000061035156,2446100.0
2025-01-22,72.55999755859375,73.0999984741211,70.91999816894531,71.3499984741211,1582800.0
2025-01-23,70.5,71.63999938964844,69.5199966430664,70.30999755859375,1735200.0
2025-01-24,71.01000213623047,71.95999908447266,70.41000366210938,70.98999786376953,1190100.0
2025-01-27,68.36000061035156,73.27999877929688,67.4000015258789,69.01000213623047,2071000.0
2025-01-28,70.45999908447266,74.5,69.0199966430664,73.19000244140625,2438900.0
2025-01-29,73.5,75.25,71.76000213623047,74.11000061035156,2297300.0
2025-01-30,74.51000213623047,76.20999908447266,72.80000305175781,74.02999877929688,1335600.0
2025-01-31,75.26000213623047,77.2249984741211,73.25,73.2699966430664,1461900.0
2025-02-03,70.19000244140625,71.80999755859375,68.73999786376953,70.87000274658203,2213900.0
2025-02-04,70.61000061035156,74.19000244140625,70.0999984741211,74.08000183105469,2133600.0
2025-02-05,74.5,75.9800033569336,73.87999725341797,75.58999633789062,1195700.0
2025-02-06,76.05999755859375,76.55000305175781,74.12999725341797,75.33999633789062,1441700.0
2025-02-07,75.55000305175781,79.05000305175781,74.13999938964844,74.48999786376953,1792200.0
2025-02-10,74.9000015258789,77.70999908447266,74.9000015258789,76.95999908447266,2257600.0
2025-02-11,76.0999984741211,76.78399658203125,72.5199966430664,72.9000015258789,1970000.0
2025-02-12,72.41999816894531,78.27899932861328,71.19999694824219,77.55000305175781,2090600.0
2025-02-13,78.30000305175781,80.0,77.06500244140625,78.72000122070312,2015100.0
2025-02-14,79.80000305175781,79.80000305175781,76.55999755859375,77.54000091552734,1201500.0
2025-02-18,77.98999786376953,78.4000015258789,75.0,78.08999633789062,1954000.0
2025-02-19,76.5,76.86000061035156,73.19999694824219,74.19000244140625,1977100.0
2025-02-20,73.5,73.55000305175781,68.58000183105469,72.22000122070312,2481300.0
2025-02-21,71.02999877929688,72.69999694824219,69.19000244140625,69.69999694824219,1934800.0
2025-02-24,69.26000213623047,69.26000213623047,65.19000244140625,67.72000122070312,2779500.0
2025-02-25,67.54000091552734,67.58499908447266,62.59000015258789,63.86000061035156,1863700.0
2025-02-26,65.0199966430664,67.20999908447266,65.01000213623047,65.83999633789062,1108200.0
2025-02-27,67.0,68.13999938964844,64.2300033569336,64.30000305175781,1414500.0
2025-02-28,64.0,65.26000213623047,62.63999938964844,65.12000274658203,1686200.0
2025-03-03,66.41000366210938,68.31999969482422,60.97999954223633,61.369998931884766,1428900.0
2025-03-04,59.47999954223633,63.060001373291016,58.18000030517578,61.560001373291016,1681200.0
2025-03-05,61.15999984741211,63.22999954223633,59.5629997253418,62.849998474121094,1135100.0
2025-03-06,60.709999084472656,62.22999954223633,58.209999084472656,58.59000015258789,1288600.0
2025-03-07,58.25,59.150001525878906,54.5099983215332,57.349998474121094,2306900.0
2025-03-10,55.0099983215332,55.900001525878906,51.45399856567383,51.84000015258789,2486900.0
2025-03-11,51.56999969482422,55.08000183105469,51.08599853515625,53.81999969482422,2296300.0
2025-03-12,59.38999938964844,59.91999816894531,56.553001403808594,57.11000061035156,2136200.0
2025-03-13,56.47999954223633,57.11000061035156,55.0,55.279998779296875,2710800.0
2025-03-14,67.80000305175781,71.19999694824219,64.80000305175781,70.63999938964844,7273300.0
2025-03-17,70.0,72.41000366210938,68.11000061035156,70.83999633789062,3314100.0
2025-03-18,70.55000305175781,71.44000244140625,68.75,70.01000213623047,2174700.0
2025-03-19,70.12999725341797,71.93000030517578,69.27999877929688,70.95999908447266,2390700.0
2025-03-20,69.58000183105469,71.74299621582031,69.0,70.19000244140625,2635700.0
2025-03-21,68.23999786376953,69.41999816894531,67.4000015258789,68.19000244140625,3935800.0
2025-03-24,70.0,73.81999969482422,69.27999877929688,73.45999908447266,2946900.0
2025-03-25,73.79000091552734,76.11000061035156,73.4020004272461,74.27999877929688,2536400.0
2025-03-26,70.05999755859375,71.41999816894531,67.01000213623047,68.61000061035156,4743100.0
2025-03-27,67.72000122070312,68.7300033569336,65.18000030517578,66.0,2532000.0
2025-03-28,65.19999694824219,65.31999969482422,61.41999816894531,63.65999984741211,3232400.0
2025-03-31,61.75,61.79999923706055,58.65999984741211,60.97999954223633,5121300.0
2025-04-01,61.0,61.290000915527344,58.75,60.470001220703125,2062200.0
2025-04-02,59.7599983215332,63.849998474121094,59.7599983215332,62.43000030517578,1782400.0
2025-04-03,59.2599983215332,60.779998779296875,56.689998626708984,57.45000076293945,2846700.0
2025-04-04,54.58000183105469,55.20000076293945,49.119998931884766,51.77000045776367,2631800.0
2025-04-07,48.540000915527344,56.90999984741211,47.349998474121094,53.02000045776367,3460000.0
2025-04-08,57.16999816894531,57.63999938964844,51.709999084472656,52.810001373291016,3817800.0
2025-04-09,53.310001373291016,62.630001068115234,52.375999450683594,61.689998626708984,4530100.0
2025-04-10,59.970001220703125,61.34000015258789,57.75,58.349998474121094,2585100.0
2025-04-11,58.869998931884766,59.36000061035156,56.005001068115234,59.0099983215332,2990500.0
2025-04-14,61.29999923706055,62.709999084472656,59.06999969482422,60.04999923706055,2491000.0
2025-04-15,60.86000061035156,63.380001068115234,60.45000076293945,63.310001373291016,2755700.0
2025-04-16,61.619998931884766,63.58000183105469,60.310001373291016,62.31999969482422,2345800.0
2025-04-17,62.34000015258789,62.90999984741211,60.72999954223633,61.61000061035156,2247400.0
2025-04-21,61.29999923706055,61.61000061035156,57.900001525878906,59.279998779296875,2531900.0
2025-04-22,61.5,62.880001068115234,60.08000183105469,61.88999938964844,2424200.0
2025-04-23,64.58000183105469,68.18000030517578,64.5199966430664,65.55000305175781,3189400.0
2025-04-24,65.80999755859375,68.58999633789062,65.80999755859375,68.20999908447266,2254400.0
2025-04-25,68.12000274658203,69.8499984741211,67.52799987792969,69.83999633789062,1545000.0
2025-04-28,69.30999755859375,70.19000244140625,68.29000091552734,69.76000213623047,3092900.0
2025-04-29,70.0,71.54900360107422,69.51000213623047,70.73999786376953,2591000.0
2025-04-30,69.1500015258789,70.66000366210938,67.69999694824219,70.52999877929688,1299100.0
2025-05-01,71.58000183105469,72.33000183105469,70.01000213623047,71.11000061035156,2049300.0
2025-05-02,72.91999816894531,73.68499755859375,71.7300033569336,73.33000183105469,2333600.0
2025-05-05,72.23999786376953,77.33999633789062,72.23999786376953,74.66999816894531,4007300.0
2025-05-06,72.1500015258789,74.58999633789062,71.30999755859375,74.23999786376953,2274900.0
2025-05-07,74.18000030517578,76.33000183105469,74.0,75.80999755859375,1790800.0
2025-05-08,77.0,77.97000122070312,75.2699966430664,76.56999969482422,2118000.0
2025-05-09,77.12999725341797,79.79000091552734,76.0,76.87999725341797,3233100.0
2025-05-12,78.83000183105469,79.37999725341797,76.30999755859375,78.61000061035156,1914300.0
2025-05-13,78.87999725341797,84.47000122070312,78.87999725341797,83.0999984741211,3440700.0
2025-05-14,83.5,84.6500015258789,82.125,84.61000061035156,2061000.0
2025-05-15,83.19999694824219,86.0,82.05999755859375,85.5199966430664,2261700.0
2025-05-16,87.5,87.5,85.06500244140625,85.30999755859375,1718600.0
2025-05-19,83.4000015258789,86.75,82.01699829101562,86.72000122070312,2281500.0
2025-05-20,87.01000213623047,89.08999633789062,86.69000244140625,89.01000213623047,2156400.0
2025-05-21,87.47000122070312,89.83999633789062,86.41000366210938,87.75,1808000.0
2025-05-22,87.41500091552734,92.30999755859376,87.41500091552734,91.11000061035156,2419100.0
2025-05-23,88.94999694824219,93.11000061035156,88.31400299072266,92.3499984741211,1819500.0
2025-05-27,93.0500030517578,95.38999938964844,92.30999755859376,94.8499984741211,2632200.0
2025-05-28,94.86000061035156,95.9000015258789,93.51000213623048,94.08999633789062,1863000.0
2025-05-29,97.0,97.76000213623048,93.94499969482422,95.37999725341795,3029000.0
2025-05-30,95.18000030517578,95.58999633789062,93.0,95.3499984741211,4593800.0
2025-06-02,95.1500015258789,99.79000091552734,94.52999877929688,99.73999786376952,2468000.0
2025-06-03,99.8000030517578,99.9800033569336,97.93699645996094,98.06999969482422,2855000.0
2025-06-04,98.0,99.4000015258789,97.54000091552734,98.54000091552734,2418700.0
2025-06-05,98.58000183105467,101.8000030517578,97.81199645996094,98.56999969482422,5143800.0
2025-06-06,102.8000030517578,103.0,95.0,97.91000366210938,6569700.0
2025-06-09,96.29000091552734,97.0,92.36499786376952,93.1500015258789,5992700.0
2025-06-10,90.19000244140624,90.7699966430664,86.54000091552734,87.55000305175781,10126500.0
2025-06-11,87.55000305175781,89.73999786376953,86.6500015258789,88.86000061035156,6543400.0
2025-06-12,88.80000305175781,90.1999969482422,88.37799835205078,88.73999786376953,2148200.0
2025-06-13,87.37999725341797,92.33000183105467,87.37999725341797,90.3000030517578,6791000.0
2025-06-16,92.51000213623048,94.2300033569336,91.18399810791016,92.0,3655500.0
2025-06-17,90.2699966430664,91.19200134277344,88.79000091552734,89.12999725341797,6825900.0
2025-06-18,88.5,89.20999908447266,85.48999786376953,87.16999816894531,5714300.0
2025-06-20,87.55999755859375,87.9800033569336,84.80999755859375,85.51000213623047,10139300.0
2025-06-23,86.0,89.94999694824219,84.56099700927734,89.70999908447266,4153100.0
2025-06-24,90.0,90.62999725341795,88.69999694824219,90.0999984741211,4394300.0
2025-06-25,90.875,93.63999938964844,90.4000015258789,90.55999755859376,3845500.0
2025-06-26,90.91999816894533,92.86000061035156,89.01000213623047,92.0999984741211,3193600.0
2025-06-27,89.99500274658203,89.99500274658203,86.68000030517578,87.37999725341797,16424700.0
2025-06-30,88.80000305175781,90.16999816894533,88.16000366210938,89.58999633789062,4715700.0
2025-07-01,89.5,89.62999725341797,83.51000213623047,85.18000030517578,4465800.0
2025-07-02,84.22000122070312,85.83999633789062,83.51499938964844,85.58000183105469,3550100.0
2025-07-03,86.01000213623047,89.29000091552734,85.98999786376953,89.08000183105469,2392100.0
2025-07-07,88.31999969482422,91.16000366210938,87.0999984741211,89.8499984741211,3664300.0
2025-07-08,89.5,90.9000015258789,85.0,86.87000274658203,3970000.0
2025-07-09,87.54000091552734,92.02999877929688,87.04000091552734,91.58999633789062,4663200.0
2025-07-10,92.98999786376952,92.98999786376952,85.8499984741211,86.13999938964844,5218700.0
2025-07-11,86.0199966430664,87.12000274658203,83.77100372314453,84.54000091552734,3304200.0
2025-07-14,84.55000305175781,86.95999908447266,83.08000183105469,85.83999633789062,2622100.0
2025-07-15,86.19999694824219,87.5999984741211,85.0,87.33999633789062,2645600.0
2025-07-16,88.44999694824219,89.19000244140625,86.72000122070312,87.48999786376953,3051400.0
2025-07-17,87.86000061035156,87.9000015258789,83.2699966430664,86.93000030517578,3611700.0
2025-07-18,87.0,89.61000061035156,86.80000305175781,88.11000061035156,3462600.0
2025-07-21,87.58999633789062,88.12000274658203,85.41000366210938,86.52999877929688,2773100.0
2025-07-22,86.11000061035156,86.3550033569336,83.0199966430664,83.7699966430664,2934900.0
2025-07-23,84.0,85.3550033569336,83.12000274658203,84.83999633789062,2158700.0
2025-07-24,85.0,86.0,83.62000274658203,85.70999908447266,1712100.0
2025-07-25,85.5999984741211,86.77999877929688,84.19999694824219,85.0,2054300.0
2025-07-28,85.9800033569336,87.30000305175781,84.9000015258789,87.11000061035156,2201900.0
2025-07-29,89.87999725341797,93.13999938964844,86.30999755859375,89.22000122070312,4825700.0
2025-07-30,90.58000183105467,95.62999725341795,88.08000183105469,95.41999816894533,5983200.0
2025-07-31,96.52999877929688,97.86000061035156,94.58000183105467,94.9499969482422,4639900.0
2025-08-01,91.31999969482422,91.31999969482422,83.55999755859375,87.6500015258789,5997600.0
2025-08-04,88.7300033569336,92.83000183105467,88.62000274658203,92.5199966430664,2419600.0
2025-08-05,93.25,93.9800033569336,87.44999694824219,87.54000091552734,3128100.0
2025-08-06,88.37000274658203,92.23999786376952,88.0,91.7699966430664,2072300.0
2025-08-07,92.58999633789062,93.91899871826172,86.70999908447266,89.73999786376953,3990200.0
2025-08-08,89.94999694824219,91.16000366210938,86.9000015258789,87.41000366210938,1899600.0
2025-08-11,86.87999725341797,89.0199966430664,85.0199966430664,85.69999694824219,2001000.0
2025-08-12,86.5,88.80000305175781,85.75,88.3499984741211,1859900.0
2025-08-13,89.2699966430664,91.66000366210938,87.47000122070312,88.08000183105469,2079200.0
2025-08-14,87.05000305175781,88.11000061035156,83.7699966430664,84.44999694824219,2238000.0
2025-08-15,84.58000183105469,85.93000030517578,83.87999725341797,85.83000183105469,2338300.0
2025-08-18,85.54000091552734,86.1500015258789,84.61000061035156,85.72000122070312,1495400.0
2025-08-19,86.58999633789062,87.22000122070312,82.75,83.97000122070312,2493300.0
2025-08-20,82.93000030517578,85.23999786376953,79.83000183105469,85.0999984741211,3178900.0
2025-08-21,84.55000305175781,86.37000274658203,83.8499984741211,85.23999786376953,1617500.0
2025-08-22,85.23999786376953,88.80000305175781,84.91000366210938,88.7699966430664,2208000.0
2025-08-25,89.98999786376953,90.44000244140624,87.73999786376953,87.83000183105469,1265300.0
2025-08-26,87.80000305175781,89.5999984741211,85.12000274658203,85.16999816894531,4111600.0
2025-08-27,86.62000274658203,88.70999908447266,86.39399719238281,87.52999877929688,1955200.0
2025-08-28,87.22000122070312,94.94000244140624,87.22000122070312,93.02999877929688,3139600.0
2025-08-29,92.6999969482422,93.45500183105467,88.53900146484375,89.4000015258789,2120000.0
2025-09-02,87.0,88.76000213623047,85.77999877929688,87.9000015258789,1734500.0
2025-09-03,88.81999969482422,89.22000122070312,86.5,87.72000122070312,1756500.0
2025-09-04,88.0,88.0999984741211,85.16999816894531,86.55000305175781,1655300.0
2025-09-05,88.69999694824219,91.73999786376952,85.81999969482422,90.93000030517578,2920200.0
2025-09-08,94.0,97.0199966430664,92.36000061035156,95.61000061035156,4958900.0
2025-09-09,95.61000061035156,99.75,95.08999633789062,98.5,8770900.0
2025-09-10,94.55999755859376,95.0500030517578,80.5999984741211,80.72000122070312,18684000.0
2025-09-11,82.05999755859375,82.21600341796875,77.48999786376953,77.88999938964844,9215500.0
2025-09-12,77.72000122070312,78.18000030517578,73.8499984741211,74.5,9645600.0
2025-09-15,75.4800033569336,78.12000274658203,74.30000305175781,75.5999984741211,5847100.0
2025-09-16,75.56999969482422,75.56999969482422,73.91999816894531,75.0,4914000.0
2025-09-17,74.81999969482422,75.16999816894531,72.68000030517578,73.88999938964844,4824100.0
2025-09-18,75.73999786376953,78.52999877929688,75.4000015258789,78.0199966430664,5341800.0
2025-09-19,78.48999786376953,80.93000030517578,77.58000183105469,80.2300033569336,10103300.0
2025-09-22,80.0,80.7699966430664,77.86599731445312,80.48999786376953,4084000.0
2025-09-23,80.2249984741211,83.37000274658203,79.3219985961914,81.45999908447266,5091600.0
2025-09-24,82.0,82.26499938964844,77.9800033569336,79.12000274658203,4425600.0
2025-09-25,77.19999694824219,83.97000122070312,76.55999755859375,81.98999786376953,5771100.0
2025-09-26,82.0,82.49400329589844,79.80000305175781,82.1500015258789,2417200.0
2025-09-29,83.0,83.86000061035156,81.19999694824219,83.33999633789062,2833400.0
2025-09-30,84.0,84.0,80.08999633789062,82.25,2848900.0
2025-10-01,81.48999786376953,83.97000122070312,81.02799987792969,82.43000030517578,2671200.0
2025-10-02,83.95999908447266,84.7300033569336,82.72000122070312,83.94000244140625,2787900.0
2025-10-03,84.73999786376953,84.91500091552734,82.38999938964844,82.81999969482422,2374800.0
2025-10-06,84.19999694824219,85.34100341796875,82.19000244140625,82.20999908447266,2418400.0
2025-10-07,82.66000366210938,82.9000015258789,76.83999633789062,79.5,4645000.0
2025-10-08,80.23999786376953,84.3499984741211,80.16999816894531,84.25,3394100.0
2025-10-09,83.69000244140625,86.94999694824219,82.38999938964844,86.0999984741211,2415100.0
2025-10-10,86.0,88.05000305175781,82.31999969482422,82.33999633789062,2491000.0
2025-10-13,85.0,85.41000366210938,81.54000091552734,83.19000244140625,2300400.0
2025-10-14,81.75,81.98999786376953,78.16000366210938,78.16999816894531,2898200.0
2025-10-15,80.25,81.45999908447266,78.19999694824219,79.05999755859375,2261800.0
2025-10-16,79.87999725341797,81.45999908447266,77.9469985961914,78.63999938964844,2086200.0
2025-10-17,77.0,77.94000244140625,75.73999786376953,77.22000122070312,2303000.0
2025-10-20,78.66000366210938,79.44999694824219,77.52999877929688,78.80999755859375,1666000.0
2025-10-21,78.73999786376953,81.38999938964844,78.47000122070312,79.87999725341797,1962900.0
2025-10-22,79.27999877929688,79.27999877929688,75.1500015258789,76.8499984741211,3836500.0
2025-10-23,76.79000091552734,78.62000274658203,76.05999755859375,76.86000061035156,3063400.0
2025-10-24,78.27999877929688,80.06999969482422,76.94000244140625,76.98999786376953,2378500.0
2025-10-27,78.9000015258789,78.93000030517578,77.33999633789062,77.79000091552734,2616400.0
2025-10-28,78.06999969482422,78.81999969482422,75.98999786376953,76.12000274658203,2674600.0
2025-10-29,75.79000091552734,75.9749984741211,70.88999938964844,71.91999816894531,6499800.0
2025-10-30,71.31999969482422,72.7699966430664,70.0,71.05000305175781,3596600.0
2025-10-31,72.44999694824219,75.77999877929688,72.0,75.2699966430664,2649400.0
2025-11-03,75.19000244140625,76.61199951171875,73.80999755859375,75.80000305175781,2621900.0
2025-11-04,73.05000305175781,74.1240005493164,71.91999816894531,72.5999984741211,2186700.0
2025-11-05,72.37999725341797,72.5999984741211,71.55999755859375,72.3499984741211,1428200.0
2025-11-06,72.0,73.29000091552734,70.22000122070312,71.52999877929688,2777900.0
2025-11-07,70.25,73.21499633789062,69.94999694824219,73.02999877929688,1999300.0
2025-11-10,75.19000244140625,76.77999877929688,74.86499786376953,76.06999969482422,1896200.0
2025-11-11,75.48999786376953,76.4000015258789,74.75,75.62999725341797,1364000.0
2025-11-12,76.05999755859375,76.4000015258789,73.80500030517578,73.94999694824219,1355200.0
2025-11-13,73.4000015258789,73.5,69.5999984741211,70.51000213623047,2290800.0
2025-11-14,68.01000213623047,72.3280029296875,67.58000183105469,71.55000305175781,2110900.0
2025-11-17,72.5,72.80000305175781,68.95500183105469,69.69000244140625,1933900.0
2025-11-18,69.41000366210938,70.68000030517578,67.62000274658203,68.80000305175781,2733600.0
2025-11-19,68.83999633789062,70.79000091552734,68.58000183105469,70.08000183105469,1708500.0
2025-11-20,71.94000244140625,72.13999938964844,67.23500061035156,67.69000244140625,2603300.0
2025-11-21,67.01000213623047,68.0,64.75,66.58999633789062,2899600.0
2025-11-24,67.51000213623047,68.54000091552734,66.64299774169922,67.38999938964844,2769300.0
2025-11-25,67.1500015258789,69.08999633789062,65.80999755859375,68.88999938964844,1490200.0
2025-11-26,68.87999725341797,69.5,68.12000274658203,68.16999816894531,1544200.0
2025-11-28,68.83000183105469,70.20999908447266,68.41999816894531,69.31999969482422,791200.0
2025-12-01,68.58000183105469,69.93499755859375,67.48200225830078,68.5999984741211,3201600.0
2025-12-02,69.77999877929688,70.81999969482422,69.22000122070312,69.4000015258789,2573500.0
2025-12-03,69.11000061035156,71.66000366210938,68.41999816894531,71.41000366210938,2623100.0
2025-12-04,71.4000015258789,71.94999694824219,69.66999816894531,70.43000030517578,8937100.0
2025-12-05,87.04000091552734,90.26000213623047,84.33000183105469,86.2699966430664,17138700.0
2025-12-08,85.52999877929688,89.72000122070312,84.86000061035156,89.0999984741211,5946000.0
2025-12-09,88.48999786376953,92.56999969482422,88.06999969482422,91.30999755859375,5035200.0
2025-12-10,92.05999755859375,92.76599884033203,89.53199768066406,89.91000366210938,2902700.0
2025-12-11,88.77999877929688,89.5989990234375,85.5,87.08000183105469,2893900.0
2025-12-12,85.98999786376953,86.33000183105469,80.77799987792969,81.52999877929688,4418900.0
2025-12-15,82.11000061035156,83.25,79.80000305175781,79.88999938964844,3852500.0
2025-12-16,78.18000030517578,79.5,76.70999908447266,77.91000366210938,4448700.0
2025-12-17,77.48999786376953,77.83999633789062,73.01000213623047,73.19000244140625,5746100.0
2025-12-18,75.51000213623047,76.81999969482422,74.41999816894531,75.91000366210938,5273200.0
2025-12-19,76.79000091552734,79.45999908447266,76.6500015258789,78.18000030517578,11468700.0
2025-12-22,78.81999969482422,80.69999694824219,78.0999984741211,79.70999908447266,2529200.0
2025-12-23,78.98999786376953,79.6500015258789,78.0,78.75,1838900.0
2025-12-24,78.1500015258789,78.98999786376953,77.75,78.80000305175781,793600.0
2025-12-26,79.0,79.41000366210938,77.55999755859375,78.66000366210938,1273900.0
2025-12-29,77.7699966430664,78.69999694824219,77.25,78.01000213623047,1369800.0
2025-12-30,78.54000091552734,78.7300033569336,77.52999877929688,77.87000274658203,1657500.0
2025-12-31,78.0,78.0,76.19999694824219,76.4800033569336,1650100.0
2026-01-02,77.6500015258789,78.77999877929688,74.2750015258789,75.47000122070312,2301300.0
2026-01-05,75.0199966430664,75.56500244140625,72.91000366210938,73.5,3401500.0
2026-01-06,73.25,75.36000061035156,71.86000061035156,75.11000061035156,2903300.0
2026-01-07,75.38999938964844,77.5999984741211,75.22000122070312,76.87000274658203,2426200.0
2026-01-08,76.45999908447266,76.45999908447266,71.45999908447266,71.66999816894531,3521400.0
2026-01-09,72.19999694824219,72.48999786376953,70.41000366210938,70.55999755859375,2637700.0
2026-01-12,70.0,71.62999725341797,69.04000091552734,71.37000274658203,3038300.0
2026-01-13,71.54000091552734,72.33999633789062,69.87999725341797,70.81999969482422,2635500.0
2026-01-14,70.5,70.87000274658203,67.93000030517578,68.13999938964844,3124400.0
2026-01-15,68.8499984741211,70.75,68.3949966430664,69.05000305175781,3533000.0
2026-01-16,69.19999694824219,69.19999694824219,66.93000030517578,67.0999984741211,3970100.0
2026-01-20,65.80000305175781,67.37000274658203,64.83000183105469,64.87999725341797,3146800.0
2026-01-21,64.97000122070312,65.55999755859375,63.20000076293945,64.3499984741211,2908000.0
2026-01-22,65.86000061035156,66.11499786376953,64.69499969482422,65.0999984741211,2332300.0
2026-01-23,65.43000030517578,66.44000244140625,65.05000305175781,65.66999816894531,2063200.0
2026-01-26,66.0,69.05999755859375,66.0,68.31999969482422,3358700.0
2026-01-27,66.41999816894531,67.8499984741211,61.83000183105469,62.2599983215332,10536200.0
2026-01-28,62.560001373291016,65.26000213623047,62.560001373291016,63.189998626708984,4642900.0
2026-01-29,62.20000076293945,62.505001068115234,56.869998931884766,57.970001220703125,8379100.0
2026-01-30,57.58000183105469,58.189998626708984,55.58000183105469,55.95000076293945,4852600.0
2026-02-02,56.0,56.59000015258789,54.029998779296875,54.45000076293945,4081400.0
2026-02-03,54.0,54.775001525878906,50.0099983215332,52.150001525878906,6534500.0
2026-02-04,51.060001373291016,52.099998474121094,48.57500076293945,51.869998931884766,6898000.0
2026-02-05,52.529998779296875,53.27000045776367,48.10499954223633,48.34000015258789,7879000.0
2026-02-06,48.8849983215332,51.38999938964844,48.150001525878906,51.06999969482422,5495500.0
2026-02-09,50.849998474121094,54.88999938964844,49.86000061035156,54.060001373291016,4704300.0
2026-02-10,54.845001220703125,56.63999938964844,54.78499984741211,55.83000183105469,4463600.0
2026-02-11,55.93000030517578,56.369998931884766,53.08000183105469,55.119998931884766,3193000.0
2026-02-12,55.18000030517578,55.880001068115234,51.81999969482422,53.189998626708984,3107600.0
2026-02-13,53.9900016784668,55.81999969482422,53.459999084472656,54.54999923706055,2219500.0
2026-02-17,54.20000076293945,54.650001525878906,52.018001556396484,53.5,2898600.0
2026-02-18,53.08000183105469,55.05500030517578,51.880001068115234,54.38999938964844,2500800.0
2026-02-19,54.400001525878906,54.88600158691406,53.0099983215332,54.15999984741211,2112500.0
2026-02-20,52.83000183105469,55.42499923706055,49.80099868774414,50.20000076293945,4027200.0
2026-02-23,49.0,49.0,46.36000061035156,47.2599983215332,3916800.0
2026-02-24,47.209999084472656,51.15999984741211,46.900001525878906,51.040000915527344,3925900.0
2026-02-25,51.25,52.18000030517578,50.08000183105469,52.15999984741211,2274100.0
2026-02-26,52.939998626708984,54.959999084472656,52.22999954223633,54.33000183105469,2465400.0
2026-02-27,51.7599983215332,53.0,51.185001373291016,51.959999084472656,2583100.0
2026-03-02,51.0,54.43000030517578,50.97999954223633,53.689998626708984,3228800.0
2026-03-03,51.93000030517578,54.029998779296875,50.029998779296875,53.869998931884766,2702500.0
2026-03-04,53.150001525878906,54.9900016784668,52.97999954223633,54.869998931884766,2579300.0
2026-03-05,54.91999816894531,57.9900016784668,54.91999816894531,55.880001068115234,3751700.0
2026-03-06,55.79999923706055,58.15999984741211,55.13999938964844,57.16999816894531,3451600.0
2026-03-09,56.34000015258789,57.650001525878906,55.11000061035156,57.16999816894531,3540900.0
2026-03-10,57.40999984741211,57.54999923706055,55.0,55.95000076293945,2848500.0
2026-03-11,57.20000076293945,57.790000915527344,55.88999938964844,57.52000045776367,2696600.0
2026-03-12,57.540000915527344,57.939998626708984,53.900001525878906,54.02000045776367,9784000.0
2026-03-13,55.91999816894531,56.849998474121094,52.400001525878906,53.43000030517578,9708900.0
2026-03-16,53.349998474121094,54.0,51.20000076293945,51.66999816894531,6336100.0
2026-03-17,51.599998474121094,53.09000015258789,51.06999969482422,52.060001373291016,4489800.0
2026-03-18,51.29999923706055,53.564998626708984,51.220001220703125,52.09000015258789,5195700.0
2026-03-19,51.79999923706055,52.869998931884766,50.369998931884766,50.91999816894531,3835400.0
2026-03-20,50.88999938964844,50.88999938964844,49.099998474121094,49.279998779296875,9462400.0
2026-03-23,49.7599983215332,51.88999938964844,49.0,51.18000030517578,4618500.0
2026-03-24,50.68000030517578,50.68000030517578,48.0,48.06999969482422,4080200.0
2026-03-25,48.86000061035156,49.459999084472656,46.70000076293945,47.18000030517578,3675700.0
2026-03-26,46.29999923706055,48.7599983215332,46.00199890136719,47.59000015258789,2924900.0
2026-03-27,46.77000045776367,46.95000076293945,44.75,45.72999954223633,3909000.0
2026-03-30,45.9900016784668,47.43000030517578,45.03499984741211,45.58000183105469,4050800.0
2026-03-31,46.2599983215332,49.08000183105469,46.130001068115234,48.970001220703125,4020400.0
2026-04-01,49.66999816894531,49.70000076293945,47.72999954223633,48.59000015258789,2060200.0
2026-04-02,49.06999969482422,52.095001220703125,48.08000183105469,51.439998626708984,3316600.0
2026-04-06,51.5099983215332,52.0,50.099998474121094,50.900001525878906,2043400.0
2026-04-07,50.779998779296875,53.220001220703125,49.90999984741211,52.779998779296875,2681300.0
2026-04-08,55.040000915527344,56.0,51.459999084472656,51.630001068115234,4380900.0
2026-04-09,50.970001220703125,51.07500076293945,45.01900100708008,46.18000030517578,6328000.0
2026-04-10,46.70000076293945,46.70000076293945,42.25,43.810001373291016,6871100.0
2026-04-13,44.040000915527344,48.650001525878906,44.040000915527344,48.61000061035156,4642500.0
2026-04-14,49.560001373291016,51.005001068115234,47.25,48.029998779296875,2665200.0
2026-04-15,49.0,51.91999816894531,48.689998626708984,51.36000061035156,3009400.0
2026-04-16,53.060001373291016,53.720001220703125,51.52000045776367,51.939998626708984,3220800.0
2026-04-17,54.2599983215332,54.41999816894531,51.724998474121094,52.34000015258789,3925900.0
2026-04-20,52.0,53.7400016784668,51.790000915527344,53.599998474121094,2117600.0
2026-04-21,53.81999969482422,56.5,53.72999954223633,54.02000045776367,3748100.0
2026-04-22,54.84000015258789,55.81999969482422,53.970001220703125,55.2400016784668,2562600.0
2026-04-23,53.25,53.25,49.88100051879883,51.029998779296875,3316600.0
2026-04-24,51.65999984741211,52.7599983215332,50.255001068115234,52.279998779296875,2557700.0
2026-04-27,52.349998474121094,54.04999923706055,51.36000061035156,53.2599983215332,2650600.0
2026-04-28,53.099998474121094,55.790000915527344,53.099998474121094,54.58000183105469,2723000.0
2026-04-29,54.0,54.275001525878906,52.691001892089844,53.68000030517578,2822600.0
2026-04-30,53.119998931884766,53.849998474121094,52.09000015258789,53.18000030517578,2416000.0
2026-05-01,55.75,56.970001220703125,54.400001525878906,55.06999969482422,2620700.0
2026-05-04,55.189998626708984,58.189998626708984,55.189998626708984,57.93000030517578,3282300.0
2026-05-05,58.0,59.15999984741211,56.439998626708984,57.130001068115234,2148400.0
2026-05-06,56.959999084472656,57.93000030517578,55.5099983215332,57.779998779296875,3184000.0
2026-05-07,61.0,62.470001220703125,60.380001068115234,61.4900016784668,4841900.0
2026-05-08,60.29999923706055,62.4900016784668,59.31999969482422,62.34000015258789,3629300.0
2026-05-11,61.459999084472656,62.93000030517578,61.099998474121094,62.16999816894531,2732100.0
2026-05-12,61.810001373291016,62.040000915527344,60.099998474121094,60.470001220703125,2545300.0
2026-05-13,59.61000061035156,60.470001220703125,58.040000915527344,59.47999954223633,2769000.0
2026-05-14,59.5,63.619998931884766,58.60200119018555,62.79999923706055,3173300.0
2026-05-15,62.599998474121094,64.5790023803711,61.7599983215332,63.77000045776367,3157300.0
2026-05-18,62.939998626708984,65.4000015258789,62.22999954223633,64.9800033569336,2839200.0
2026-05-19,65.98999786376953,67.30999755859375,64.08000183105469,64.33000183105469,3817700.0
2026-05-20,64.45999908447266,67.22000122070312,63.29999923706055,66.88999938964844,4024500.0
2026-05-21,66.0,66.53500366210938,64.67500305175781,64.79000091552734,2081400.0
2026-05-22,65.0,67.22000122070312,64.8949966430664,66.58999633789062,2427800.0
2026-05-26,67.06999969482422,69.52999877929688,64.93000030517578,68.30999755859375,3123700.0
2026-05-27,65.23999786376953,67.0,64.51799774169922,65.80999755859375,3819700.0
2026-05-28,65.98999786376953,72.3499984741211,65.98999786376953,70.31999969482422,4294900.0
2026-05-29,72.0,78.87999725341797,71.01000213623047,78.62999725341797,5408400.0
2026-06-01,79.75,86.45500183105469,79.1500015258789,85.06999969482422,7184400.0
2026-06-02,81.5999984741211,84.51000213623047,80.58699798583984,82.33000183105469,5227200.0
2026-06-03,80.7300033569336,80.7300033569336,76.08799743652344,79.45999908447266,5348500.0
2026-06-04,77.5,78.25,75.70999908447266,77.0,9244100.0
2026-06-05,77.0,78.08000183105469,71.98999786376953,73.41000366210938,9492400.0
2026-06-08,73.4000015258789,74.0,70.7699966430664,71.7300033569336,4543900.0
2026-06-09,70.4000015258789,72.66999816894531,67.94000244140625,71.73999786376953,4377700.0
2026-06-10,70.27999877929688,75.31999969482422,70.0999984741211,71.31999969482422,3479900.0
2026-06-11,70.27999877929688,72.18000030517578,67.56999969482422,71.44999694824219,3612000.0
2026-06-12,71.38999938964844,71.75,67.80999755859375,68.19000244140625,4116600.0
2026-06-15,69.54000091552734,70.45999908447266,67.0,69.79000091552734,3829400.0
2026-06-16,69.5,71.12000274658203,68.51000213623047,69.18000030517578,2524000.0
2026-06-17,69.44000244140625,71.0,67.6500015258789,69.23999786376953,2728600.0
2026-06-18,69.19000244140625,70.48999786376953,66.37000274658203,70.22000122070312,7232100.0
2026-06-22,69.2699966430664,73.87000274658203,68.55000305175781,70.52999877929688,5210400.0
2026-06-23,70.43000030517578,75.1500015258789,69.51000213623047,74.23999786376953,4970300.0
2026-06-24,73.43000030517578,76.2040023803711,72.73500061035156,74.5199966430664,2612700.0
2026-06-25,71.7750015258789,73.08499908447266,69.75,71.0199966430664,3524300.0
2026-06-26,70.83000183105469,72.66500091552734,70.05999755859375,72.33000183105469,3836900.0
2026-06-29,74.0,77.87999725341797,72.31999969482422,76.5199966430664,3272200.0
2026-06-30,75.36000061035156,81.7300033569336,75.36000061035156,80.27999877929688,4481400.0
2026-07-01,81.4000015258789,83.98999786376953,80.43000030517578,82.01000213623047,4752100.0
2026-07-02,81.38999938964844,84.5,81.38999938964844,83.63999938964844,3026600.0
2026-07-06,82.77999877929688,89.3499984741211,82.59500122070312,87.36000061035156,4071100.0
2026-07-07,89.16999816894531,89.80000305175781,84.72000122070312,87.04000091552734,2836500.0
2026-07-08,86.1500015258789,87.5,83.28099822998047,84.4000015258789,2776100.0
2026-07-09,82.69999694824219,88.87999725341797,81.54000091552734,88.75,2806600.0
2026-07-10,89.5,90.44000244140625,83.77999877929688,84.37999725341797,2488800.0
2026-07-13,82.81999969482422,84.79299926757812,81.41000366210938,83.83999633789062,2896300.0
2026-07-14,82.7699966430664,89.80000305175781,82.67400360107422,88.05000305175781,3683200.0
2026-07-15,89.33999633789062,89.85399627685547,79.4800033569336,80.37999725341797,4291500.0
2026-07-16,81.0,81.48999786376953,78.33999633789062,79.81999969482422,1833600.0
2026-07-17,77.45999908447266,80.09500122070312,76.75499725341797,78.97000122070312,2368500.0
2026-07-20,78.22000122070312,80.12000274658203,77.90399932861328,78.18000030517578,1567800.0
2026-07-21,78.2699966430664,79.23999786376953,74.79000091552734,75.80000305175781,2240000.0
2026-07-22,75.44999694824219,75.6050033569336,73.0,73.69000244140625,1824900.0
2026-07-23,73.7699966430664,74.25,71.55999755859375,72.62999725341797,1869200.0
2026-07-24,73.79000091552734,73.94999694824219,71.56999969482422,73.23999786376953,1393400.0
2026-07-27,74.7699966430664,76.44999694824219,73.61000061035156,74.81999969482422,1906600.0
2026-07-28,74.4749984741211,74.4749984741211,67.30999755859375,71.44999694824219,3440600.0
2026-07-29,71.70999908447266,73.97000122070312,71.0999984741211,71.91000366210938,2232700.0
2026-07-30,72.5,73.02400207519531,69.95999908447266,71.58000183105469,1975700.0
2026-07-31,72.06999969482422,73.66999816894531,70.12999725341797,72.36000061035156,1817800.0
2026-08-03,74.47000122070312,75.0199966430664,73.08000183105469,74.73999786376953,2360400.0
2026-08-04,76.01000213623047,81.44000244140625,75.63999938964844,80.98999786376953,3089300.0
2026-08-05,82.4000015258789,84.9000015258789,81.27999877929688,84.80999755859375,3741000.0
2026-08-06,82.01000213623047,84.87000274658203,80.66000366210938,84.5999984741211,2409800.0
2026-08-07,87.8499984741211,91.05000305175781,86.98999786376953,90.06999969482422,4046400.0
2026-08-10,90.81999969482422,99.94999694824219,90.0,97.91000366210938,5989100.0
2026-08-11,97.27999877929688,99.36299896240234,95.75,96.93000030517578,3504100.0
2026-08-12,96.27999877929688,97.58999633789062,94.75,96.7300033569336,3470900.0
2026-08-13,97.66999816894531,105.27999877929688,96.9000015258789,105.08999633789062,4406600.0
2026-08-14,105.88999938964844,106.5,101.45999908447266,102.2300033569336,2578600.0
2026-08-17,101.5,102.56999969482422,98.37000274658203,101.0199966430664,3283300.0
2026-08-18,99.55999755859375,104.19999694824219,98.5,100.55000305175781,3324300.0
2026-08-19,101.30999755859375,101.69999694824219,96.38999938964844,99.77999877929688,3352000.0
2026-08-20,99.72000122070312,100.62799835205078,97.29000091552734,97.5199966430664,2847800.0
2026-08-21,97.12000274658203,100.33999633789062,94.63999938964844,100.08999633789062,2125100.0
2026-08-24,99.47000122070312,100.44000244140625,97.0199966430664,98.04000091552734,1979800.0
2026-08-25,97.9800033569336,98.79000091552734,90.1500015258789,92.6500015258789,3738300.0
2026-08-26,90.5,96.98999786376953,90.5,96.12999725341797,2185700.0
2026-08-27,101.98999786376953,107.91000366210938,101.5,107.0199966430664,8567400.0
2026-08-28,98.94999694824219,107.37000274658203,93.0009994506836,93.05000305175781,9439400.0
2026-08-31,92.83000183105469,93.51000213623047,88.69000244140625,93.04000091552734,5415300.0
2026-09-01,91.69999694824219,94.0,87.5999984741211,88.4000015258789,3259600.0
2026-09-02,89.0,89.57599639892578,86.0199966430664,87.18000030517578,3227100.0
2026-09-03,89.33000183105469,93.0,88.9000015258789,92.13999938964844,3907200.0
2026-09-04,92.13999938964844,94.61000061035156,91.7699966430664,93.66999816894531,2111300.0
2026-09-08,93.2699966430664,93.30999755859375,89.81999969482422,91.62999725341797,2114900.0
2026-09-09,92.0199966430664,93.0,88.69999694824219,88.81999969482422,2768600.0
2026-09-10,88.81999969482422,92.91999816894531,87.12799835205078,88.91000366210938,2898600.0
2026-09-11,89.9000015258789,90.23999786376953,85.77999877929688,86.6500015258789,2989100.0
2026-09-14,90.1500015258789,100.50499725341797,89.12000274658203,100.19999694824219,5442800.0
2026-09-15,98.0,103.67500305175781,97.5999984741211,103.55000305175781,3738700.0
2026-09-16,101.97000122070312,105.55000305175781,101.0,104.9800033569336,3041400.0
2026-09-17,102.55999755859375,108.97000122070312,101.37999725341797,107.83000183105469,4003400.0
2026-09-18,108.55000305175781,109.0,103.12999725341797,106.70999908447266,5142400.0
2026-09-21,107.56999969482422,113.16000366210938,106.0,112.95999908447266,3339500.0
2026-09-22,113.75,113.94999694824219,110.25,111.87000274658203,3578200.0
2026-09-23,112.45999908447266,116.12000274658203,110.05999755859375,115.56999969482422,2951800.0
2026-09-24,114.51000213623047,115.30500030517578,112.38999938964844,113.80000305175781,1755800.0
2026-09-25,112.9000015258789,114.0,109.18000030517578,109.55000305175781,3221600.0
2026-09-28,106.94000244140625,114.0,105.9000015258789,113.08999633789062,2719900.0
2026-09-29,113.01000213623047,114.9749984741211,111.41000366210938,114.7699966430664,2046200.0
2026-09-30,114.63999938964844,116.75,114.41999816894531,114.47000122070312,2350834.0
