date,call_gamma,put_gamma,call_delta,put_delta,call_charm,put_charm,call_vanna,put_vanna
2023-09-29,877791.7671,-318232.8297,3194328.7597,-1713652.7562,-603332.6835,-167634.3778,2669565.0333,856139.7324
2023-10-02,880335.2815,-317575.2674,3111035.1041,-1750819.0119,-670825.9911,-179853.9846,2670445.2074,887143.7015
2023-10-03,881129.2812,-334324.6796,2889499.4673,-1845351.9155,-765039.8185,-206915.2310,2731329.1856,918757.0968
2023-10-04,887521.5986,-340804.7309,2969367.3221,-1816489.6996,-779567.8826,-206071.1073,2684219.7801,876402.2442
2023-10-05,892260.6168,-329567.7423,3013752.3647,-1800863.5370,-801457.5481,-208132.9384,2702993.8768,898288.6892
2023-10-06,874984.5998,-333481.7187,2971585.8249,-1798042.6012,-842780.2328,-215835.6868,2753957.3120,878153.9036
2023-10-09,879461.2392,-337593.6798,2973736.7667,-1806156.9380,-989832.9187,-244745.3884,2726345.5292,875829.4186
2023-10-10,857330.4161,-345766.9065,2869229.8364,-1847336.8552,-1108143.4999,-260026.8614,2698962.8311,862749.8149
2023-10-11,984762.3049,-349811.4115,3353372.7750,-1775442.9768,-1051954.3653,-222276.9635,2650971.5133,865176.5608
2023-10-12,916007.0172,-354141.3968,3079487.7277,-1864055.4721,-1274148.8469,-248844.9122,2761137.0329,929382.1120
2023-10-13,947084.2627,-367746.7618,3144271.5393,-1814150.6323,-1302720.9440,-254892.2682,2723593.4589,833663.6091
2023-10-16,888518.1402,-365676.3493,3043827.7377,-1806300.1203,-2147996.1257,-306700.9389,2840338.8220,781388.5783
2023-10-17,891585.5577,-369140.0804,3043261.5708,-1828588.1413,-2725850.5602,-375520.0492,2797894.6123,817780.2010
2023-10-18,881836.5118,-366313.3249,3138886.5555,-1823065.1260,-3517016.7081,-471841.1992,2738566.5284,822217.4302
2023-10-19,938819.7622,-333242.4839,3081173.9521,-1666037.8519,-7035033.9608,-88005.4703,2805248.9065,771662.5153
2023-10-20,936007.8817,-353678.8208,3086322.7485,-1639597.4109,-392917.1096,-126734.2119,2484404.5071,802803.6764
2023-10-23,687705.4924,-317684.2460,2411950.6597,-1703415.8608,-456579.4576,-147040.7882,2827055.0219,930506.1410
2023-10-24,706812.9006,-308332.5275,2461048.1750,-1669564.6997,-460753.1854,-144347.9186,2956968.3240,923638.4748
2023-10-25,728072.7194,-293518.4277,2512342.8313,-1613442.2698,-456435.3367,-142154.4165,2922532.2629,898455.8628
2023-10-26,714156.5538,-322791.3929,2381956.1354,-1696235.4015,-489415.5094,-151760.8131,2969636.3652,916584.1303
2023-10-27,733579.7037,-334959.9955,2303213.7102,-1722707.2153,-504746.4105,-155141.4383,2970932.8712,912245.0228
2023-10-30,737032.4218,-340311.1201,2215170.4032,-1766489.0415,-542162.3099,-168551.1136,2920085.5310,961398.3505
2023-10-31,696516.2004,-334687.0491,2056692.4731,-1804450.9729,-570143.9775,-175153.0344,3332447.5647,1076845.9437
2023-11-01,766195.8072,-344328.1542,2208204.5279,-1761505.7378,-515702.1281,-143158.0205,3010526.5249,840474.6278
2023-11-02,746410.6599,-295677.4248,2518388.3240,-1561371.2893,-539391.1432,-149927.3242,3362842.5674,976426.5745
2023-11-03,802080.5853,-311366.0626,2782306.5922,-1489346.2608,-527217.0974,-138981.3585,2946600.7735,772488.1782
2023-11-06,978966.5794,-288384.2249,2967958.7414,-1463517.3786,-478895.3911,-129202.7073,2897245.0743,724407.8932
2023-11-07,891932.6630,-340496.1944,2584518.4485,-1609783.6144,-820958.2060,-164712.5589,3249453.7509,849004.1994
2023-11-08,922062.3915,-356755.5080,2613743.8339,-1629046.1585,-855087.0237,-169547.2022,3183125.8751,876301.8968
2023-11-09,866750.8515,-395100.2438,2429275.1484,-1748618.1194,-986025.6276,-195979.4472,3414987.5095,909207.7749
2023-11-10,854713.9433,-413273.3266,2195080.1651,-1831895.8053,-1120818.1967,-214658.9491,3585021.9879,986513.7304
2023-11-13,832857.7487,-421341.9332,2151747.8378,-1799950.6647,-1541389.3359,-240259.1697,3499864.2542,947812.1444
2023-11-14,1020950.4272,-398769.4850,2591252.6125,-1652732.6312,-1757554.9887,-213943.4547,3666389.1326,844290.9551
2023-11-15,1161437.8308,-362667.0415,3234225.9630,-1506764.2291,-1890030.7236,-158612.8000,3188949.1619,732793.6743
2023-11-16,1156605.5112,-400069.9718,3253226.6330,-1508721.7755,-3378147.2290,-131952.0792,3168010.6554,709881.6709
2023-11-17,1140935.7996,-417589.8678,3264897.2030,-1523335.7760,343440759.2742,-28809.0042,666995.1405,178323.3028
2023-11-20,879975.3938,-287937.6190,3144159.5969,-1463502.4232,-648052.6687,-161297.6799,3379033.5525,766844.2103
2023-11-21,1075202.5977,-291591.7609,3303457.8649,-1477645.5384,-734802.0493,-161438.0985,3450718.0280,796442.2678
2023-11-22,1082460.0450,-346315.4413,2997624.5881,-1597156.2739,-112911.8853,-10954.2564,477203.4377,58068.8663
2023-11-24,1073999.1033,-340125.5056,2985215.2761,-1585762.8427,-845106.3610,-185598.0483,3603529.8947,887145.7765
2023-11-27,1096182.1639,-349842.3568,3034406.0395,-1571830.4247,-699217.8722,-136523.0404,2423218.8591,463299.4283
2023-11-28,650836.5592,-226727.5183,1745309.3120,-1178398.9786,-692409.5842,-159254.6126,2606440.8002,600948.6323
2023-11-29,671091.7888,-182864.6390,1858696.8791,-1117552.3039,-673739.6039,-151100.3513,2666760.6405,663330.0102
2023-11-30,761017.3029,-182863.7110,2044588.3832,-1090339.6385,-700295.7638,-146505.7551,2631716.0032,553537.0414
2023-12-01,726925.4863,-199378.3476,1929826.5127,-1128492.9719,-755012.6835,-156616.2971,2657534.2812,564128.5085
2023-12-04,861078.5404,-157547.8209,2346729.6310,-1048034.7751,-514020.3171,-141457.7118,2227139.5683,493429.7692
2023-12-05,874491.7356,-180011.5191,2299723.1018,-1045384.1984,-810938.3100,-155088.5414,2218394.6866,434763.9005
2023-12-06,856495.6059,-180871.0052,2219371.5544,-1076364.1969,-874636.1713,-157619.0580,2318203.0530,510513.8695
2023-12-07,849239.6017,-169832.9841,2201900.9464,-494824.6190,-902946.8011,-47848.1312,2410568.4999,200102.3996
2023-12-08,865422.1817,-172128.6699,2203334.9760,-493129.6935,-957584.4325,-47227.6163,2422158.4334,194513.8733
2023-12-11,968720.4802,-153469.4749,2359986.3649,-463656.5317,-1112025.1231,-26186.4030,2313319.8910,185961.9509
2023-12-12,1416343.3101,-287375.0204,3673609.8399,-799282.3154,-1697600.5747,-21656.7908,3312816.4317,290871.4355
2023-12-13,1359479.9335,-307239.0412,3623102.2750,-832257.4525,-2255491.7400,12295.0022,2693396.7947,224878.3518
2023-12-14,2105091.8848,-253547.5745,4392816.2730,-709249.9834,-1249199.6417,166116.6465,3054358.4090,251220.2504
2023-12-15,1707752.0670,-255998.0748,5010992.0275,-694319.4109,29537209.9182,70022.9773,512725.8119,98914.6388
2023-12-18,922989.3117,-236298.3162,3969868.2915,-741984.7827,-948131.1763,-68085.3986,3109839.4542,262391.7272
2023-12-19,931396.3469,-241391.8096,3881298.3710,-777790.5788,-1005063.9652,-63068.9773,3170733.0078,251265.5306
2023-12-20,1086320.7131,-259709.7484,4106120.7022,-793586.3882,-1049080.0995,-91063.6067,3273790.4665,331848.8947
2023-12-21,1079397.1518,-279443.9106,3943031.2900,-848777.6925,-1104674.1121,-97630.6415,3389428.4662,345337.6273
2023-12-22,1189736.6589,-256799.6187,4169885.4008,-795027.7524,-1058316.6874,-72441.2006,3161679.0572,297415.0938
2023-12-26,1228690.5241,-263707.7109,4204884.6545,-802584.5514,,,,
2023-12-27,1185716.1065,-254575.2572,4318473.6222,-777671.7900,-1264892.4661,-64442.6689,3239484.2106,242176.9723
2023-12-28,1234968.6303,-269638.5974,4240822.8161,-794338.2657,-1295231.6827,-65692.2721,3322459.9181,242531.1686
2023-12-29,1313262.1775,-267296.7260,4378099.4150,-825276.1204,-1402985.3034,-56754.6613,3283816.6359,216009.0183
2024-01-02,1328590.0903,-279310.3420,4282304.4881,-943880.5703,-1828087.8544,-53025.4243,3252366.1003,211434.9897
2024-01-03,1294416.4140,-365014.5242,3845930.2301,-1085087.7578,-2223322.2343,-123487.3099,3407704.7886,371947.3137
2024-01-04,1217765.5308,-350698.0013,3653970.7700,-1100652.7021,-25749.0342,10866.0588,-1002.1639,-27730.3061
2024-01-05,1194485.3930,-369856.7034,3670341.9426,-1124030.3906,-594051.3781,-98777.1860,816095.2354,174678.2178
2024-01-08,1247882.0427,-345368.6453,3845737.0251,-1051039.1905,-2634599.6230,-127144.7853,3392750.9485,362539.6753
2024-01-09,1222317.2068,-311136.7194,3949061.1000,-965292.8370,-2653673.9303,-69818.4190,3382065.9075,247925.0480
2024-01-10,1251515.8948,-344097.5414,3899715.9198,-1073742.4382,-3169057.3321,-105946.5947,3319651.6360,334761.2402
2024-01-11,1269507.4149,-350266.2635,3844578.4028,-977753.0559,-3888805.7662,-49297.1758,3236447.5113,277548.3484
2024-01-12,1364038.8869,-395615.9695,3718414.7045,-1013303.1784,-4536042.5607,-28787.6346,3073768.9032,305033.6179
2024-01-16,1404411.6459,-445239.1363,3599728.6967,-1057455.5880,-10533934.0602,-64119.8856,2715700.4752,359336.5879
2024-01-17,1659862.5960,-430569.8310,3434512.9292,-1119468.4152,-14612907.6438,34008.4308,2568572.4007,282861.2897
2024-01-18,1448078.8777,-403037.9415,3625615.0860,-1036258.6758,-24764617.8333,296976.6575,2312085.2722,287304.5194
2024-01-19,1711893.1724,-472530.3481,3385011.9683,-1142471.3444,112590684.4906,628666873.8628,1900843.2072,393283.9347
2024-01-22,783014.3230,-280066.3956,2666174.6332,-831611.1316,-244207.3073,-51991.8842,1999507.2773,402684.9941
2024-01-23,942944.2555,-317076.1058,3069382.2262,-784668.7345,-94390.1667,-12040.5241,749513.5549,123774.9407
2024-01-24,1072782.7222,-335131.1741,3315375.6488,-810902.3245,-234190.0127,-31107.8121,1686222.5474,243672.1801
2024-01-25,1140524.5899,-384973.9746,3150779.7107,-890715.9724,-333864.4322,-48382.9745,2131050.9958,365686.3605
2024-01-26,1127333.0256,-375253.4580,3063178.4289,-895600.2189,,,,
2024-01-29,1155195.5105,-448961.0885,2989234.5761,-971564.1336,,,,
2024-01-30,1222310.5235,-350620.5088,3580134.3856,-795973.9257,-322737.2203,43202.7428,2220178.2278,211457.3111
2024-01-31,1238769.4322,-528911.0666,3219542.1307,-1008179.0738,-672376.6346,-50395.4827,2413712.2223,361415.6320
2024-02-01,1502617.8955,-566294.8718,3226881.9563,-1064136.8902,-1114847.0678,-35790.0417,2066967.2703,329256.5468
2024-02-02,1599096.5720,-542201.1651,3307051.6578,-1004167.5683,-586826.3836,16485.2285,2567456.1044,335867.8648
2024-02-05,1636079.7984,-500734.6517,3257848.6109,-967245.5602,-619032.4994,136652.3391,2460645.0044,209729.4865
2024-02-06,1378589.4719,-604356.5750,2825959.3021,-1089393.2241,-1019361.4172,44531.7298,2544904.7942,341930.3594
2024-02-07,2076063.3525,-481996.9400,3371975.5270,-927695.6120,-873618.7169,101796.1580,1824651.9595,274995.4446
2024-02-08,1661779.2384,-517603.3036,3069887.4816,-971595.2085,-1708271.4787,285826.5578,2455075.8727,167965.8167
2024-02-09,2017085.0255,-469282.2000,3402713.3860,-907787.7593,-277719086.5029,-346643.1685,2289494.7643,202074.9014
2024-02-12,1477336.7920,-349418.6417,3869876.5760,-767127.4495,-476590.8287,748512.9328,2111483.4418,185803.8792
2024-02-13,1689681.6761,-381363.3707,4150752.2835,-806223.8969,-769338.2535,1062576.7535,2003975.1900,139176.2135
2024-02-14,1895217.3780,-442760.4768,3956399.1808,-871170.5149,-1032612.2260,1553273.8236,2256360.3870,255223.7568
2024-02-15,1890710.1041,-381802.9138,4238975.8535,-790463.3448,-266621.1324,-20748.1348,436270.4733,107750.1405
2024-02-16,1795109.1411,-353365.0790,4415926.6467,-773377.4618,-170311657.8436,-8094332.1428,1861275.2631,364572.9862
2024-02-20,1216594.2792,-284027.0433,3671801.6148,-797034.0383,,,,
2024-02-21,1301427.8493,-325784.4858,3591179.4097,-862240.0056,-1310619.9734,-104301.4044,2167385.5915,397472.1313
2024-02-22,1367241.0865,-368636.4283,3672765.8856,-877435.6403,-2033710.9669,-108199.6232,1143335.9314,350503.2310
2024-02-23,1142554.5783,-466642.7354,2843806.3618,-1089619.3957,8480060.0166,16844563.6256,2542753.5911,483626.7233
2024-02-26,1043531.6006,-433333.6499,2761967.0019,-1112205.3910,-306012.2728,-44233.8234,1363768.8706,95801.3401
2024-02-27,1377288.9264,-473835.5703,2963940.4713,-1113174.0921,-648371.7226,-101942.9845,2484638.7741,414139.0356
2024-02-28,1478757.6073,-496124.8420,3165455.8419,-1087011.2989,-763927.4079,-83661.5917,2708612.1553,478180.6414
2024-02-29,1458812.9837,-572970.1822,3039167.2071,-1162197.2631,-1076956.3344,-93861.5216,2772590.8390,513068.7638
2024-03-01,1547219.8986,-571047.2884,3086860.4312,-1125955.8020,139665.6182,14386188.6953,2578556.8577,467246.2181
2024-03-04,1405325.9910,-498940.7164,2963153.2077,-1258024.1048,,,,
2024-03-05,1343141.8152,-539907.5813,2787898.8539,-1352961.2207,-971736.2173,-134931.7388,2907642.5273,624836.0373
2024-03-06,1345655.9317,-540005.7434,2710138.7775,-1423924.8912,-1308087.5356,-175282.4849,3116710.3503,659786.5486
2024-03-07,1387022.5166,-557515.3020,2791553.9386,-1384689.8926,-1902957.1703,-225510.3548,3085562.9321,635641.3863
2024-03-08,1467198.3325,-575282.8910,2885689.6880,-1380008.4010,-102540144.3816,-3985952.1824,1240290.3137,439804.4204
2024-03-11,1343924.9473,-509175.4039,2883213.2825,-1323433.5412,-877045.6190,-138476.2869,2416909.0519,580354.4781
2024-03-12,1447907.9731,-516123.1792,2886958.3540,-1315604.0387,-1206980.5044,-159589.1721,2956633.3628,601214.4447
2024-03-13,1494234.6914,-568404.7416,2816831.2747,-1395128.1032,-1675422.9133,-196135.6973,2992346.5942,629014.5545
2024-03-14,1430750.7520,-567563.0325,2797697.2901,-1394228.8020,-2916341.7694,-180183.3570,2989522.4377,639442.0018
2024-03-15,1311678.0529,-581830.8488,2547564.7459,-1489080.9931,5980728.6002,-11623.2942,3048572.3819,691982.6974
2024-03-18,1085709.9201,-512520.5933,2474739.4167,-1460631.8994,-747612.5227,-117609.1376,3075127.0136,694911.3784
2024-03-19,1063053.4489,-515592.9964,2374362.9739,-1454627.3887,-209041.7463,-58533.6091,544805.0809,244290.8258
2024-03-20,1054125.2297,-535071.3721,2356895.1289,-1449228.3074,-867262.0330,-119423.6229,3352315.8890,702745.7283
2024-03-21,1370831.3478,-534311.0995,2657855.2104,-1357819.3841,-1000859.0654,-100538.4768,3359073.5699,637987.8216
2024-03-22,1339372.3555,-529671.0603,2617522.5930,-1361576.2948,-913773.8885,-81930.4735,3425302.9599,641260.9992
2024-03-25,1358266.6971,-502748.0568,2679078.8692,-1346378.4595,-1165908.6464,-99518.6541,3290683.2674,635731.5018
2024-03-26,1441466.8604,-515952.7833,2737509.7528,-1340475.9565,-1336639.1162,-94457.3111,3322866.9600,624230.1817
2024-03-27,1580204.6446,-517662.1483,2896913.6603,-1303927.5995,-1804235.8583,-85983.9426,3258463.4684,610418.6326
2024-03-28,1600815.2698,-518772.4539,2822684.0321,-1308603.8113,-209425093.6600,-2323672.1146,3270357.5240,616271.0588
2024-04-01,1354777.8443,-520700.5040,2710087.8095,-1311393.7724,-1035937.5030,-103242.5330,3181281.0755,606865.9849
2024-04-02,1100192.2239,-547588.7697,2405160.8893,-1475343.1911,-1208942.0226,-133737.5907,3441005.6296,695729.9828
2024-04-03,1125130.9063,-555368.2729,2413985.2540,-1572989.8204,-1382928.9568,-165794.8430,3314849.6678,759673.2338
2024-04-04,1173918.6934,-581524.0502,2442221.9835,-1526126.1838,-1496525.9793,-166123.8937,3453721.7991,718553.2858
2024-04-05,1117544.2869,-562086.3125,2365829.1438,-1543495.7605,-56479066.8859,-21369907.4499,3440868.5579,720606.1801
2024-04-08,1143666.3424,-600725.9211,2423050.6653,-1545007.0944,-1875885.0156,-163131.2842,3250815.4771,709017.7786
2024-04-09,1111899.2160,-593915.1428,2376312.6543,-1581882.3442,-2108811.3970,-153792.4251,3276842.1200,713886.1969
2024-04-10,1102353.4102,-607192.0095,2292359.3810,-1650422.0269,-2744303.4528,-214339.3644,3293688.1801,759645.0557
2024-04-11,1077001.1896,-616243.0574,2251739.1370,-1679751.5744,-4398837.9003,-247990.9416,3309748.4447,773577.0955
2024-04-12,1149852.2650,-657340.5325,2458408.3408,-1728952.9383,-2353065.1057,-316384.6684,3176595.1926,777729.9859
2024-04-15,954907.1602,-603780.4525,2272710.6261,-1803552.0902,-3130985.4896,-404902.3205,3142820.0030,810151.7721
2024-04-16,993404.6879,-597464.8251,2292700.4924,-1822804.0880,-3993752.0585,-512809.0973,3058826.2398,818149.7240
2024-04-17,956275.3229,-609537.5954,2263657.4351,-1909093.6519,-5444414.0866,-783823.1126,3016263.3341,872709.4751
2024-04-18,1001310.5587,-602129.2810,2280347.5057,-1888832.2184,-10884224.1023,-1263982.3985,2877150.7022,820111.0131
2024-04-19,1053747.3717,-598519.5930,2268482.8695,-1926603.8901,107795238.2271,76374763.1269,2511031.0845,814934.0092
2024-04-22,868520.3792,-506643.4998,2237087.7490,-1712637.0881,-285707.2249,-97298.4810,2762892.0088,880441.8853
2024-04-23,963611.4019,-519135.6883,2373936.0835,-1646899.7149,-295188.3155,-95002.0350,2731518.5299,843794.6487
2024-04-24,997798.1880,-521273.9017,2568866.6390,-1587461.2544,-284562.4914,-87623.6783,2692791.1579,803706.2038
2024-04-25,1127283.1253,-608691.6026,2774091.6700,-1664566.8385,-340983.4125,-84687.2575,2714964.4179,816576.2057
2024-04-26,1196692.1103,-587996.0363,3131943.0774,-1602855.2515,9678602.9304,23257114.0719,2730670.4942,788845.0963
2024-04-29,1047335.4122,-541123.5597,3406609.4151,-1494280.3246,-251617.1633,-70270.8269,2564882.3279,744503.9634
2024-04-30,1125320.6883,-593917.8587,3178172.6220,-1627671.0004,-304323.9207,-83314.5145,2702886.2933,807188.4885
2024-05-01,1185712.7625,-630879.8078,3093758.9242,-1727846.1008,-357872.5406,-100509.3332,2748264.7301,857189.2741
2024-05-02,1109018.3171,-576786.3282,3474338.6503,-1532038.2065,-260934.6720,-7670.7907,2582592.8589,738802.7979
2024-05-03,1266369.6526,-766387.0930,4107392.7023,-1668535.2433,66325653.6726,17237010.1711,2595047.0756,784357.2580
2024-05-06,1230115.6529,-765590.4207,3957936.5709,-1741434.1452,-354177.7299,-106222.4372,2712608.6642,823764.4100
2024-05-07,1230806.9659,-757827.9724,4076631.7878,-1676003.2431,-391160.5566,-102293.5400,2645529.1418,784800.2331
2024-05-08,1379144.2527,-817024.9457,3948257.6606,-1853508.5629,-626088.5701,-126227.9013,2753188.6488,866610.2205
2024-05-09,1696583.5620,-1192271.9912,3528444.5563,-2836180.4963,-1201617.4125,-182358.3583,3389960.5435,1323272.6346
2024-05-10,1747509.1473,-1182747.2387,3883009.8889,-2588896.4775,-423858.8899,-150913.1066,3157872.3351,1205736.5399
2024-05-13,1645042.0471,-1156270.6887,3701668.7251,-2619581.6240,-543934.9332,-143439.5004,3155369.7034,1174569.0150
2024-05-14,1656790.8500,-1177607.8327,3699487.8374,-2617749.5197,-607675.1099,-129408.7324,3217428.4212,1180913.7415
2024-05-15,1647466.8536,-1028607.1921,4062218.2516,-2435281.2032,-426271.9785,223681.0891,3035216.2065,1032315.4970
2024-05-16,1662448.9502,-1149169.4161,3811372.7678,-2624787.7224,-1217008.9288,242598.3815,3203674.7072,1192869.4823
2024-05-17,1671467.2288,-1259143.4855,3644814.7044,-2736592.6772,473448289.8390,271363221.5978,3261485.4806,1254661.0382
2024-05-20,1524674.0109,-1115773.0559,3381571.1843,-2624091.0061,-437150.7638,-201483.3037,3203728.0546,1191596.1392
2024-05-21,1574072.5316,-1286810.2889,3307178.4778,-2769252.1567,-475767.6495,-199098.3428,3302117.0997,1260276.8938
2024-05-22,1813922.6109,-1562809.3375,3603547.3340,-3191383.7179,-584220.5661,-247524.1141,3568984.4294,1406788.1891
2024-05-23,1937166.6293,-1590062.8856,3596724.7647,-3171431.9091,-696579.8108,-255149.3188,3552809.2029,1386403.1011
2024-05-24,1890995.3696,-1627598.0271,3454665.6679,-3327080.0431,-29433555.4830,-740543.2362,3677353.0115,1467418.6930
2024-05-28,1871587.7301,-1558336.6892,3604528.4752,-3180339.3882,-442903.9347,-149908.2601,3188421.4804,1064725.3506
2024-05-29,1936053.9244,-1500928.8743,3429347.5478,-3392433.5306,-681763.8528,-314414.9069,3611581.3520,1518211.7622
2024-05-30,2047816.5259,-1500149.7849,3436718.9541,-3172323.7373,-934731.2366,-308150.4846,3877870.3902,1399674.6487
2024-05-31,2131592.2066,-1592167.6853,3617980.2474,-3068142.6029,-875632.7646,-799531.5373,3773744.0582,1338853.7310
2024-06-03,2162621.8932,-1588446.7965,3699276.7214,-2935843.3553,-691660.6140,-273408.2710,3779297.1038,1241632.4442
2024-06-04,2295357.5304,-1573001.7717,3663319.8846,-3049028.9145,,,,
2024-06-05,2307280.5406,-1592599.5075,3695835.1338,-2969642.4854,-814669.1825,-296029.3434,3910533.1370,1287286.7002
2024-06-06,2542924.2413,-1521004.0976,4442219.2428,-2710292.5194,-888019.4811,-227377.9058,3546740.9267,1127660.8242
2024-06-07,2504722.0240,-1647805.0205,4160230.6837,-2893843.5566,237950952.5956,269760811.7815,3689329.1590,1221338.4114
2024-06-10,2601397.8525,-1773603.8163,3940562.8835,-3082054.7840,-1243201.5929,-327489.9704,3694885.6941,1284456.0406
2024-06-11,2656771.0809,-1743223.8642,4064641.1181,-2971524.2332,-1334410.1000,-301411.2552,3728493.1717,1229575.0848
2024-06-12,2635636.7618,-1609657.7203,4466772.6267,-2579808.0157,-1350769.5023,-222535.4024,3615304.3532,1001805.5161
2024-06-13,2928878.6046,-1805282.3643,4400735.7573,-2636445.6062,-475694.4316,-198780.1439,1044014.7320,814627.4951
2024-06-14,3149700.2999,-2018016.4597,3845779.9842,-2962522.2553,-597342924.6305,-102514045.4550,3861429.2688,1187014.5828
2024-06-17,2698353.4743,-2084879.0113,3448946.6846,-3095132.8766,-1036007.9704,-508781.9076,1514612.5000,1045984.4905
2024-06-18,2963282.3191,-2741271.3534,3502011.8717,-3102043.4806,-1774440.9183,-554428.4899,4020633.1699,1230279.5559
2024-06-20,3596809.0332,-2407141.3540,3745769.3085,-2896222.1937,-3293089.2977,-452790.2062,3759591.6052,1106620.5459
2024-06-21,2894762.5869,-2333735.3466,3385823.6428,-3307609.6309,-358410940.5620,-93598420.6585,3724273.6895,1196349.2293
2024-06-24,1576174.8153,-1167067.0190,3352713.5411,-2440279.9359,-714781.8883,-267834.4746,3582599.6454,1042042.6923
2024-06-25,1635407.5370,-1288559.1735,3403769.2091,-2533830.6219,-798151.0889,-277864.8698,3987630.5147,1043650.8067
2024-06-26,1643213.7875,-1464488.1034,3097965.4197,-2861817.6928,-921672.6510,-340699.0167,4363206.4927,1225618.2650
2024-06-27,1879187.8898,-1417614.8139,3285385.4937,-2660571.9817,-1001719.8280,-316531.6105,4110824.6870,1094372.4077
2024-06-28,1812667.6495,-1392552.6446,3495234.1062,-2474247.3962,-75012.1110,960010.5367,4028543.2267,981903.6738
2024-07-01,1763981.7981,-1356445.1195,3520274.8372,-2520221.7624,-918184.6948,-327118.6408,3924885.7079,1018442.5467
2024-07-02,1827524.3168,-1586876.0760,3118041.9927,-2898151.1279,-1073879.6242,-424235.7160,4134716.9026,1192454.1360
2024-07-03,1827687.8353,-1471070.4633,3355136.7449,-2727343.1144,-1060743.5152,-408535.7250,4214512.7168,1151936.6637
2024-07-05,1763041.2195,-1375928.1079,3737926.2594,-2389438.3506,-1011434.8462,-361846.0403,3983541.5867,955070.7036
2024-07-08,2018575.8938,-1453987.7312,3626203.5653,-2476665.5696,-1276117.1046,-445931.4584,3796934.9109,920388.6368
2024-07-09,1834022.7737,-1426540.5955,3732172.4460,-2381010.0273,-1323051.2374,-430098.1674,3771629.2470,847561.8309
2024-07-10,1934619.5501,-1546670.9589,3641205.3903,-2517294.0605,-1504919.4942,-502909.4048,3822184.0662,921205.6849
2024-07-11,1801777.5363,-1336178.2190,3961276.1200,-2207505.5079,-1463226.8852,-365940.2960,3702534.0330,758237.4661
2024-07-12,2279506.2641,-971160.0488,6163397.3982,-1842568.5100,496980597.0552,51805469.8391,3472195.3853,680734.2062
2024-07-15,2000235.4611,-791063.9805,7431844.4989,-1191367.5184,-1270759.4701,-31819.4252,2793948.0188,423453.8136
2024-07-16,2180806.5410,-881404.9196,7718882.5745,-1116973.3309,-1444098.8920,507657.5363,2821487.6841,358804.5363
2024-07-17,2021800.2724,-876802.7729,8162821.0355,-1375796.7314,-2385892.6623,720643.6744,2630886.7756,475549.5031
2024-07-18,2112585.9989,-1116760.4879,8238610.9198,-1492058.6408,-3635766.2576,2264613.1361,2651868.7246,493712.5913
2024-07-19,2386237.6530,-1459985.8606,7755554.3703,-1828110.7966,-4122037237.4052,-2610932099.2738,2718446.0773,745429.1949
2024-07-22,1509512.9872,-876702.0076,5988593.1314,-1682717.9110,-558355.2358,-293964.0670,2812747.7484,781446.0272
2024-07-23,1664558.2697,-992391.9912,5790681.3898,-1878397.0928,-723654.8896,-373480.4141,3003940.4314,838049.6731
2024-07-24,1647597.5275,-994471.1357,6089810.2832,-1764093.7213,-540094.6832,-379748.5773,2858578.5174,787183.0277
2024-07-25,1920910.8083,-1162644.0047,5462632.8273,-2146069.7704,-1680771.2817,-717709.0853,3122753.1415,915193.6158
2024-07-26,1911150.8993,-1134043.7352,5608428.4136,-2029248.4460,-4232466.7282,-11166529.7550,3071102.9433,848574.4497
2024-07-29,1416630.6039,-1065915.0141,5204703.4816,-2116111.8970,-643007.2379,-276317.4797,3164563.5683,953213.3435
2024-07-30,1487069.0256,-1168460.9305,5067572.6666,-2242634.1192,-1030724.5328,-313906.1960,3266598.0738,977661.1239
2024-07-31,1515701.1697,-1238791.7888,4934004.4521,-2347942.6542,-1344799.8294,-350281.9006,3367273.4989,1011502.4033
2024-08-01,1493165.6925,-1314402.9500,4760503.5495,-2520816.0879,-2366111.0552,-441275.0490,3634825.7890,1065131.4068
2024-08-02,1397722.9906,-1733841.1870,4015684.1785,-3830648.5119,-264394.0376,5324579.1016,3783157.0664,1496274.4109
2024-08-05,1427083.8299,-1821712.3576,3981108.6619,-3882168.3253,-957824.8344,-746105.0897,4013702.2023,1539932.4085
2024-08-06,1500141.0332,-1562106.5261,4327753.5306,-3210626.9185,-1291606.4895,-718592.9611,3977908.4537,1292796.4439
2024-08-07,1520187.8494,-2062360.9555,4224852.6410,-3542026.7089,-1663314.1502,-771000.5158,4050020.8979,1294347.1978
2024-08-08,1570784.5887,-2205224.1150,3992797.3175,-4102389.5661,-2776109.5917,-1295638.5130,4154806.4673,1498575.5551
2024-08-09,1644879.3393,-2353074.9797,4028801.6429,-3913516.2466,-1071569.2234,-778970.0913,4331299.3503,1457750.6807
2024-08-12,1717023.3761,-2983395.6234,4006704.1774,-4573216.6835,-1576068.6517,-1186313.8696,4874275.4833,1611327.1078
2024-08-13,1749620.6087,-3129291.4452,3992230.9512,-4532285.6642,-1853729.9246,-1180899.3433,4849112.9106,1597944.1751
2024-08-14,1771217.7308,-3139792.7664,3993946.1860,-4546294.8502,-2382004.4273,-1469070.2372,4963082.7168,1610386.1287
2024-08-15,1770440.7006,-3701582.9724,3981224.4873,-4673437.8663,-4085504.2409,-2340603.5394,4832041.2625,1643367.4761
2024-08-16,1809734.6861,-2971061.2551,4063602.9477,-3870059.6443,38709.2079,1445145407.5057,4682627.9016,1466901.6456
2024-08-19,1642908.5988,-1179154.2631,3799957.5364,-3132881.6245,-787766.8117,-300895.2195,4943543.6473,1488675.1410
2024-08-20,1659587.8373,-1201890.4070,3873501.7650,-3128941.8169,-810063.9044,-305113.7779,4938753.0288,1493518.5930
2024-08-21,1682101.9212,-1298003.1067,3832773.0245,-3305140.0175,-896261.6954,-342717.5694,4853847.1251,1572639.3579
2024-08-22,1688442.2401,-1299405.4531,4021713.5401,-3201774.9810,-948182.8500,-272409.5358,4935873.8871,1547876.0063
2024-08-23,1744162.7956,-1538385.0949,3858738.6563,-3383952.7597,106904646.0144,117914263.0435,4953235.1785,1552619.5555
2024-08-26,1672170.6638,-1296659.8521,3943692.9015,-3262433.7805,-857870.3014,-341707.9930,4903438.8094,1525369.3278
2024-08-27,1693318.9208,-1346245.7683,4032319.3892,-3134692.8937,-895151.3025,-347202.7025,4820327.6602,1387373.2486
2024-08-28,1773358.1856,-1560968.4511,3998801.6057,-3423736.8449,-989661.0534,-405450.0610,4742922.6494,1541027.5823
2024-08-29,1959400.3194,-1514539.9934,4346145.6620,-3386068.8847,-1172709.0926,-357441.1979,4812245.3885,1548975.4012
2024-08-30,2377050.5878,-1457581.4256,4392773.3243,-3193523.1247,-6194988.0845,-379103.9239,5083045.2918,1374726.2755
2024-09-03,2050110.6072,-1303992.2944,4203665.4747,-3438555.3354,-1242728.4523,-394931.3736,4839697.8452,1563748.4189
2024-09-04,2032527.2101,-1463056.5535,3960319.7864,-3514510.4480,-1417960.9388,-466969.7033,4980326.2172,1512337.5425
2024-09-05,2118253.5723,-1485268.7863,4096492.0228,-3468281.3793,-1721228.6229,-509348.2033,4867522.6754,1485192.1528
2024-09-06,1994006.6846,-1575302.9679,3870442.4921,-3702072.1460,-3664263.8650,-1416569.4144,5180012.5481,1570314.5010
2024-09-09,1943114.3997,-1297848.5697,3888563.7031,-3620707.8178,-1346799.5368,-487553.7511,5031103.5948,1597697.2101
2024-09-10,2334764.4052,-1350858.2219,4359251.3609,-3435089.3925,-1348077.0542,-441925.4202,4809802.2086,1493384.7193
2024-09-11,2239298.3036,-1333670.2320,4410157.1343,-3245224.6356,-1362707.1226,-416303.8638,4977705.1324,1372916.1303
2024-09-12,2297989.9673,-1286512.8571,4750516.8673,-3139186.3592,-1331164.2191,-362989.6203,4745507.4913,1357761.3443
2024-09-13,2258232.1136,-1263063.8572,4859219.5601,-3004666.5792,-1008464.1254,-275023.3077,4967386.9988,1311196.3115
2024-09-16,2237476.8982,-1296018.0203,4726691.4822,-3070138.5247,-1449180.1347,-475137.4848,4619398.1558,1306809.7908
2024-09-17,2220413.9809,-1330020.9132,4735476.1418,-3091361.3764,-1589086.7070,-449564.4240,4607593.0408,1284859.1633
2024-09-18,2220121.7287,-1450036.5911,4508015.9490,-3283596.3200,-2134071.2243,-571708.9715,4793073.5920,1361854.7943
2024-09-19,2356915.0597,-1389475.6052,4809027.6396,-3100483.8553,-1789678.1905,-446843.0532,4743641.8475,1283152.1019
2024-09-20,2222638.4235,-1608015.8674,4329121.9926,-3540163.7020,-6674204.0734,-1722257.0512,5142207.5665,1444422.7981
2024-09-23,2214092.7692,-1405373.8025,4267143.6748,-3313494.6204,-1383550.5314,-488396.1171,5164281.1007,1374980.7599
2024-09-24,2369049.4436,-1516711.2254,4349946.0883,-3456458.5753,-1465960.8818,-508497.6864,5182602.3875,1433416.2609
2024-09-25,2525511.1207,-1649418.5374,4454628.0953,-3572059.6653,-1599447.8069,-524779.6721,5125316.2126,1448666.0704
2024-09-26,2471823.7940,-1628626.7097,4303358.5155,-3639178.7778,-1846691.4808,-505813.3682,5703061.3588,1533291.2225
2024-09-27,2388379.2549,-1744908.4743,4590759.5478,-3546687.0824,-3051285.5914,-123175.0955,5260885.7478,1378143.4747
2024-09-30,2464333.2719,-1521513.4975,4870568.4215,-3556202.0265,-1782486.4605,-632021.7081,5080466.8247,1426677.7236
2024-10-01,2552150.7818,-1655535.8265,4476080.4462,-3856920.5606,-2027356.9913,-775564.7173,5378787.0690,1587643.3998
2024-10-02,2473974.3406,-1479324.0425,5783250.6076,-3233843.8504,-1830784.3732,-596448.2432,4848647.1961,1302707.8738
2024-10-03,3508919.2330,-1412359.0558,7953807.1905,-2995486.5383,-5481183.7853,-428949.9878,4442692.2864,1084727.0637
2024-10-04,4007223.6506,-1592062.0301,8474110.5465,-2815134.4765,-5032535.5289,702457.3192,4414287.8774,984235.9173
2024-10-07,3010290.9384,-1486037.5646,7677483.0255,-2795149.2756,-2298844.2368,-699316.8206,4509255.7376,960092.2644
2024-10-08,3301941.4998,-1700055.4561,7456901.6535,-3020542.5583,-2595995.5188,-688410.5618,4861361.6507,1021365.1988
2024-10-09,3349790.8024,-1973797.8135,6913811.1932,-3370190.0290,-3488048.4100,-1006746.6956,5009354.2069,1075232.6668
2024-10-10,3245380.2903,-1989646.9436,6353332.8118,-3749934.8489,-5410347.2934,-1482199.4511,5146089.5445,1224210.9148
2024-10-11,3348913.9693,-2120787.4061,6532461.8132,-3829333.6453,-12201513.5653,-2133974.5251,4991406.0112,1306978.5067
2024-10-14,2895262.6635,-1843919.6242,6381969.8923,-3463052.2362,-4969071.2976,-1775754.6020,4950857.1018,1083679.4391
2024-10-15,2893996.1893,-1887521.9453,6217363.0618,-3773143.0857,-6326374.0283,-2194325.3445,5015586.8763,1371749.6419
2024-10-16,2827569.1206,-2028132.9638,6196315.9106,-3722144.7021,-9409531.7790,-3434675.9893,4839861.7686,1048581.0014
2024-10-17,2733825.4058,-2182871.1416,6221491.1137,-4345729.8153,-17383068.3796,-6865835.8830,5102876.1765,1324401.9314
2024-10-18,3091111.9597,-2106787.0997,6390195.1742,-4306592.3997,-58025991.8401,-2566288.8578,4947878.5697,1139625.0198
2024-10-21,1906635.5017,-1149788.7321,5617917.5131,-2450634.7579,-1042491.8995,-221481.6375,4907741.7805,1147642.1255
2024-10-22,2137306.8687,-1294139.4088,5663902.8658,-2578886.4848,-1206869.3392,-240161.7733,4917191.0233,1153860.4112
2024-10-23,2709115.7677,-960768.3970,8759525.7297,-1950086.9643,-1166735.7466,-116628.3720,4274128.8012,890574.0013
2024-10-24,3106779.2862,-1067877.0324,8541493.0033,-2038582.7546,-1771753.4794,14475.6167,4498484.0348,914794.6157
2024-10-25,2565933.6586,-2004049.8611,6087861.8348,-4655814.7563,-22300837.3545,-5671846.5221,4752117.7447,1705690.8333
2024-10-28,2413833.4333,-2285838.5097,7216112.7748,-4491026.9167,-1771689.4870,-1446209.3835,4864677.4205,1683595.9584
2024-10-29,2619185.4407,-2548674.7325,7283654.8875,-5109096.2480,-2228353.6905,-1907035.0182,5247031.3520,1930686.3336
2024-10-30,2873247.5620,-3049950.3502,6652070.6917,-5709846.3942,-3008489.3936,-3101815.5377,5701849.7821,2082936.0768
2024-10-31,2853552.3744,-2775877.1536,6587587.4581,-5656739.2179,-4673673.4886,-5572914.0400,5871790.3648,2023346.3870
2024-11-01,2905586.8463,-2757189.7987,6613887.1830,-5972033.8998,-14047675.1530,-17404206.1002,5672473.4308,2079096.4834
2024-11-04,2718544.9872,-2344517.9092,6929687.9838,-4768341.8199,-1940132.0596,-949925.5213,5291962.4349,1921607.3823
2024-11-05,3040804.7357,-2266425.5067,7247150.1643,-4514320.1211,-2200859.1026,-948290.7831,5568093.7443,1850506.7105
2024-11-06,3174566.5675,-2178987.1080,7618406.3654,-4094554.4830,-2482870.1365,-1093198.0873,5757571.6205,1646322.8970
2024-11-07,3428281.3106,-2925456.1121,7181802.2412,-4867708.0072,-4141871.8690,-1912795.0530,5684824.8473,1879542.4618
2024-11-08,3743148.5790,-2782839.1194,7349141.5017,-4459974.2001,-8715186.2807,-2888727.6857,5846863.1474,1700401.6138
2024-11-11,3250311.6693,-2138466.7408,7507348.9942,-3622100.0747,-1935857.1750,-412479.3515,5693808.8211,1388282.6719
2024-11-12,3521615.5329,-1467901.7591,10840398.7607,-2733306.2319,-2060201.0509,-296002.3311,5681646.5021,1143821.3830
2024-11-13,3616694.2752,-1465113.7072,11109110.9349,-2736533.6202,-2537874.7133,-419635.7303,5530814.1346,1127499.4135
2024-11-14,3743632.0806,-1681367.3976,10509604.7858,-2999334.9719,-3411710.1383,531094.8343,5665972.1501,1182063.7341
2024-11-15,3895463.0380,-1881532.0204,10272238.7448,-3179123.6758,-8271264.6766,1374351.9217,5744325.4445,1260294.7406
2024-11-18,3106707.8004,-1630289.9166,8982078.9712,-3330347.0274,-2002575.0842,-418820.8888,5771266.1203,1429477.2960
2024-11-19,3392643.7123,-1554929.9030,9098416.7689,-3191020.4222,-2088749.7046,-404224.3109,5856181.4266,1368822.7952
2024-11-20,3716808.7030,-1310439.5386,10979735.8324,-2531038.4761,-1916725.9747,-229074.9104,5449215.9684,1075257.4331
2024-11-21,3736668.6251,-1294555.0322,11425810.8659,-2463424.6211,-2231824.2521,-52891.1787,5264919.7118,1041084.8852
2024-11-22,2848480.8237,-839595.3541,14281439.6283,-1873198.7806,5098660.8421,1088814.5994,4484814.7672,875589.6304
2024-11-25,2531761.5952,-794588.7206,14291985.6798,-1676131.4582,-1252289.3622,-116423.4527,4227387.1824,767428.0250
2024-11-26,2523555.3677,-935483.3256,15558066.2403,-2049892.2387,-1823792.1102,-260384.2467,4238911.4682,921626.4680
2024-11-27,2586048.1892,-834820.5660,16743940.4622,-1882774.7208,-1346624.5036,-65914.7652,3981512.8043,831561.0607
2024-11-29,2724633.9130,-876604.9134,16900263.7702,-1790280.1616,1765084.7330,5736761.3474,4088991.3757,815044.8101
2024-12-02,1820201.1689,-637209.7881,17351618.5512,-1636931.1662,-1930738.3584,-417850.2864,3582636.3047,832380.3141
2024-12-03,2477292.4423,-1006312.8195,15653873.4881,-2550226.3562,-2806831.2649,-839541.8862,4414224.2953,1075886.4162
2024-12-04,2752118.9265,-1333372.2033,15568275.3997,-2744425.0328,-3754320.5245,-827203.3884,4668700.3444,1077393.7438
2024-12-05,2759594.6161,-1151250.9242,16552660.7162,-2353541.5488,-4741478.2602,-325623.2381,4383692.4228,906771.6723
2024-12-06,2869240.9653,-1211501.2178,16343773.5826,-2340747.0858,-13328978.0571,208631.8364,4406020.6560,885924.5252
2024-12-09,2403495.8543,-870635.8309,16877911.7567,-1902140.5001,-1993212.1989,-367614.2678,4275664.6125,766350.7819
2024-12-10,2597476.7504,-934550.4161,16900557.3088,-2043118.5882,-2086377.0758,-273462.5903,4215717.6176,724720.1575
2024-12-11,2920666.3078,-1410269.0595,15094588.4776,-2873185.9431,-3409515.4413,-763344.9681,4773105.4484,960762.7274
2024-12-12,3072972.4390,-1725102.4660,14701979.6297,-3203210.1674,-5355821.7899,-1402711.7518,4958868.8910,988644.9140
2024-12-13,3182099.0095,-1644853.2317,14901518.8075,-3088719.0047,-9656278.4293,-2697290.0248,4827205.5426,966998.2025
2024-12-16,3102636.2544,-1574014.8459,13858721.4462,-3147001.7696,-3608882.2285,-485439.9072,5176357.3683,1050503.9308
2024-12-17,3177630.3296,-1412038.2689,15305754.5715,-2629885.3519,-3435208.8408,45125.4213,4622220.1523,785884.3792
2024-12-18,3230744.0853,-1450193.2167,15210403.1542,-2680538.8184,-3972643.2707,717251.3285,4713008.0895,810434.1070
2024-12-19,3318904.4308,-1404057.4460,15600277.0952,-2810965.4007,-6597773.6929,2101736.3676,4649023.1392,876175.4864
2024-12-20,3104955.8263,-2098563.8168,13077652.2717,-4133951.2701,355779051.6545,-22721720.5623,4924418.2986,1161467.9032
2024-12-23,2490773.2301,-1128487.4407,13351374.5371,-2548431.7598,-2423954.1754,-383048.6073,4579189.9384,960246.2119
2024-12-24,2679143.8206,-1251688.4658,13058338.4436,-2667908.0215,-2814192.5802,-298489.2327,4815031.8776,875792.5171
2024-12-26,2810777.3751,-1134179.4863,14255742.5140,-2171852.9200,-3457094.0773,487281.8795,4372466.1588,584341.9836
2024-12-27,2716272.8276,-800329.8763,16558146.1763,-1608699.1961,-1177311.5796,3454434.3154,3749611.1250,483132.6564
2024-12-30,2536541.6355,-926849.2353,15113565.5266,-1895299.6846,-2617821.0720,-183437.9549,4327458.6033,554656.7260
2024-12-31,2669380.2957,-1113883.7934,14392755.8708,-2212981.4501,-3120392.1820,-252054.1208,4667594.3833,593615.8537
2025-01-02,2704570.9946,-1237493.2924,13851145.6765,-2524295.0658,-5499312.9410,-614859.0977,4781449.7615,847260.4120
2025-01-03,2881109.9989,-1253595.5108,13944728.8663,-2362960.1920,-11554061.1592,-670721.5318,4556121.1536,463600.5685
2025-01-06,2349502.7027,-544822.3333,18131885.3700,-1263940.0103,-2109526.7091,129310.8549,3353398.2724,368581.2300
2025-01-07,2473896.2524,-572768.4937,18637929.7945,-1276535.8197,-2343303.0080,418230.0079,3493725.6671,284246.3008
2025-01-08,2452673.7985,-591978.0936,18488310.6590,-1275502.2641,-2179962.0650,868154.9916,3147579.4549,73387.9591
2025-01-10,2811652.4031,-1198772.3709,15850646.9280,-2356766.6516,-11554450.9981,-1587378.6603,4179228.0096,571776.2645
2025-01-13,2699895.0177,-1260394.5848,13593829.5515,-2586897.5907,-7499288.1531,19278.4106,4412965.6733,747215.3190
2025-01-14,2763320.2331,-1299118.4188,13742480.5897,-2487347.7760,-7865623.5990,1082038.4270,4312724.0956,590036.2167
2025-01-15,2774339.4927,-1355379.3745,13859987.2255,-2341978.2157,-10711711.2410,2570585.7893,4263757.0999,527329.6970
2025-01-16,2736089.6769,-1429823.6391,13724904.2893,-2420955.9844,-17903535.2353,6636824.3370,4055647.9635,513099.8184
2025-01-17,2517970.4736,-1332780.6615,13963710.0870,-2129556.7350,-48872713.3708,24900859.0475,3919674.0788,592876.0422
2025-01-21,1395851.8398,-529534.2299,9383463.0652,-1574966.2553,-1575389.2058,-191514.5634,3423318.6489,694572.1074
2025-01-22,1656302.1829,-510457.1714,10053735.5556,-1432249.5364,-2337675.4327,-81748.5611,3477166.4532,651405.2884
2025-01-23,1677764.8871,-620269.1418,9515605.0787,-1689541.6643,-4961032.9556,-196269.5937,3614493.1591,726426.8019
2025-01-24,1895947.1651,-546762.7584,10175641.3646,-1498342.9721,-12589574.3442,-37000.3551,3418853.6846,668518.7972
2025-01-27,1458856.8127,-561037.1138,9484620.6434,-1659825.4044,-1298280.2402,-211362.8978,3433103.4589,739974.7819
2025-01-28,1539899.5577,-665316.8416,9123797.3926,-1816123.1842,-1684120.4382,-254521.0911,3685032.4088,781602.4992
2025-01-29,1620155.2394,-675479.4350,9136419.8328,-1828519.5886,-2102384.6497,-235934.3142,3692420.7215,773351.7480
2025-01-30,1724115.6971,-697798.5573,9232101.6981,-1781013.3527,-3430684.5426,-202192.8987,3753712.9334,758139.1192
2025-01-31,1841244.1109,-713755.2109,9248165.1059,-1787709.2812,-4834140.5221,797414.1520,3619969.8917,737425.5552
2025-02-03,1481062.4485,-637539.1166,8580517.4687,-1960273.4446,-1313677.8611,-343716.8621,3705958.0302,839236.3073
2025-02-04,1567932.0227,-679550.6270,8672094.0525,-1929994.1680,-1458985.1181,-337980.3712,3758800.4030,811384.5787
2025-02-05,1615890.2003,-756853.8178,8611219.5855,-1976949.3049,-1799156.8781,-377220.7448,3839841.5156,818267.3438
2025-02-06,1683837.1271,-768919.6291,8815207.5830,-1959071.0325,-2733344.3119,-330340.1557,3806017.8133,815163.0900
2025-02-07,1742307.5715,-843626.9002,8436007.6998,-2169281.2052,-8498595.7496,-1527360.8197,3918379.6679,874004.9546
2025-02-10,1558268.0234,-729995.6974,8168894.9159,-2198351.2516,-1608367.6033,-380185.8742,3950094.1297,967760.6394
2025-02-11,1752231.8815,-769483.8302,8095579.4429,-2306966.2777,-2233081.4929,-455027.8615,3980644.5196,953443.0275
2025-02-12,1732717.8819,-782489.3423,8013984.6234,-2486077.6844,-2997451.6145,-590328.0358,3971086.6393,1005367.3004
2025-02-13,1801193.2007,-888206.4122,8037494.3082,-2456488.9602,-4623866.4026,-727681.1433,4011093.8167,1007220.6827
2025-02-14,2076228.3877,-763790.0284,8424979.4839,-2128049.9378,-10730383.5182,-789677.1948,3946545.2936,850686.8928
2025-02-18,2439148.0126,-665658.3219,9430023.7952,-1924267.6533,-3074113.1627,-521061.3635,3725318.5693,724069.3294
2025-02-19,2629395.5377,-747876.8350,9167416.0968,-2165962.6551,-5154857.6645,-924723.3072,3971628.8654,848230.8191
2025-02-20,2357930.7882,-893882.2962,8701894.7586,-2373469.1456,-11653334.6080,-1916775.7067,4135461.8503,868294.4171
2025-02-21,2491432.6667,-843138.3125,8690303.1185,-2279348.2931,-37556987.9794,-5431740.1521,4083265.2526,855601.3433
2025-02-24,1692682.5310,-793953.8705,7745743.6599,-2381147.7276,-1810669.2274,-479639.0163,4061556.3149,999323.8476
2025-02-25,1781156.8430,-806044.4427,7559476.5412,-2521614.3346,-2380505.4591,-618331.8447,4147825.2867,1005815.0622
2025-02-26,1758569.2636,-889129.2247,7650452.3141,-2676161.2072,-3211417.6087,-782375.6779,3899934.0683,1096529.4014
2025-02-27,1946474.7732,-874769.6687,8102801.1597,-2518719.8872,-4997662.0247,-928001.5908,4036553.1321,1059019.6907
2025-02-28,1966956.8503,-1031138.0382,7110242.7967,-2828946.2206,-20004187.9732,-2888903.0862,4401980.3262,1098396.3965
2025-03-03,1764531.5748,-763459.8050,7594877.1922,-2172179.9093,-1439150.8552,-319117.1557,4268468.6168,885483.9282
2025-03-04,1817537.3233,-832352.9572,6757186.8729,-2617010.7407,-2354011.9762,-529037.5746,4617624.0842,1058610.0644
2025-03-05,1925660.3869,-865852.0556,7167613.5981,-2526070.8882,-2653711.1868,-485372.0171,4426838.2409,1022481.6341
2025-03-06,1867236.0292,-866916.5359,7112938.1654,-2580159.7873,-4364297.0779,-729513.4149,4361611.4644,1036880.9382
2025-03-07,1899405.9110,-946204.1088,6940489.4316,-2637663.0445,-12452713.3315,-1617772.9433,4401219.9813,1038197.6948
2025-03-10,1637570.1023,-876790.1294,6608334.8699,-2714702.4449,-1778563.8129,-466456.5317,4486048.3476,1114413.0509
2025-03-11,1730201.8631,-869288.1973,6482378.6571,-2815135.1630,-2138255.6803,-556554.3384,4448386.1538,1107733.3865
2025-03-12,1771121.4660,-857235.2452,6609850.2005,-2647846.6289,-2353228.3683,-550794.3958,4513411.1716,1012516.8268
2025-03-13,1845237.9023,-913318.7686,6539919.9407,-2703647.8544,-3207704.3032,-660485.8945,4714780.2286,1043501.1263
2025-03-14,1860732.5755,-1017392.9867,6560048.5747,-3245087.3662,-7448789.8933,-1392757.2634,4587766.6953,1306932.9357
2025-03-17,1759114.8612,-914230.0363,6631673.2381,-3036073.4860,-2299528.5471,-536356.5050,4537196.5831,1223449.6324
2025-03-18,2042511.2807,-944340.3691,6754607.6411,-3077352.3456,-2850288.9659,-570060.4481,4583901.5647,1223424.3368
2025-03-19,2094929.1604,-960806.0036,6731777.4973,-3061913.2389,-3527801.6646,-727170.8171,4585332.2344,1197424.1119
2025-03-20,2183603.2137,-971588.6691,6861102.1455,-2994501.9556,-5241370.8049,-791879.5765,4496752.2715,1164503.2900
2025-03-21,2073026.6826,-1027931.6623,6542167.8253,-3178549.5299,-15914524.0791,-1406979.0409,4508425.8585,1249486.8254
2025-03-24,1710388.4551,-819850.4798,6998546.8191,-2542182.9387,-1909194.7142,-348902.1515,4592808.8570,1034688.5117
2025-03-25,1855519.9429,-843043.7430,7001539.5785,-2615045.3868,-2191646.6579,-324941.8693,4634136.7378,1060561.7497
2025-03-26,2079122.6176,-892062.0058,7021439.2867,-2685810.6671,-2589169.0981,-303866.3113,4661286.1753,1068460.4454
2025-03-27,2139901.9031,-925404.2584,6805310.5123,-2824247.4260,-3980069.6656,-356340.9039,4707106.6127,1144736.3786
2025-03-28,2114223.6429,-958895.8383,6441958.2760,-2967694.1108,-9997919.9912,-99606.7097,4970616.8065,1187737.2951
2025-03-31,1754547.4020,-872455.1809,6038914.7277,-3174803.4927,-2817231.5787,-618488.7119,4626498.9360,1290969.5927
2025-04-01,1663689.6994,-903171.4959,5860349.9394,-3115363.4838,-2955856.5823,-610109.2201,5113576.0849,1262274.9048
2025-04-02,1697890.8501,-939186.8251,5616770.9828,-3266107.1182,-3425001.3706,-711983.8216,5194021.9994,1286940.5179
2025-04-03,1661589.7042,-924619.2152,5505077.0637,-3386392.1226,-4413140.4083,-928994.9738,5286052.4679,1344395.6604
2025-04-04,1561640.8230,-969591.9683,5410692.8771,-3343071.5594,-8392009.5449,-1474833.2961,5186122.3485,1255562.8866
2025-04-07,1511202.2959,-893716.7957,5196572.6616,-3504080.3694,-4501213.5280,-1155638.4481,4895624.5470,1200881.9794
2025-04-08,1647115.6083,-807337.4949,6022390.2623,-3191554.7683,-4301326.6648,-959694.9523,4895430.7656,1298613.4907
2025-04-09,1629330.9970,-927468.6165,5674820.9165,-3443982.9097,-5581258.3256,-1271205.6569,4630995.1627,1150407.3409
2025-04-10,1874494.5886,-932695.1919,6569302.4447,-3055085.7747,-4709770.3641,-1290324.5224,4743791.0261,1077615.7696
2025-04-11,2387842.7094,-1062359.3763,6779955.0275,-3348967.6731,-10160398.9304,-1994191.1830,5095183.4684,1157624.5428
2025-04-14,2447277.8469,-1028529.1418,7386896.4637,-2643639.0100,-7105224.9081,-992518.3623,4921103.7259,907123.7264
2025-04-15,2776002.5922,-1244789.0253,7181892.5674,-2945376.1602,-11916621.2063,-1712680.8896,4974995.0840,1087133.7071
2025-04-16,2448301.3233,-1147844.6273,6584906.4058,-2892152.5195,-11202389.2890,-2482481.9116,4650667.9863,1095923.4084
2025-04-17,2612040.4040,-965370.5769,6711157.6602,-2681095.3466,-51680254.5644,-7157916.8347,4382356.7144,969832.1313
2025-04-21,1855404.8468,-497819.9184,6224478.6712,-1956560.4517,-1166240.5954,-185766.1808,4021571.8347,946785.8477
2025-04-22,2009096.5409,-531632.5188,6352046.7618,-1976524.3940,-1259100.4732,-185367.4376,4126521.2982,1015011.4503
2025-04-23,2010523.3954,-501389.6164,7171939.0055,-1778094.8465,-1218742.7227,-123882.5788,3847390.0908,881925.4797
2025-04-24,2306945.6580,-532485.6884,7064543.5842,-1848532.5941,-1945569.0492,-191915.9993,4037300.5054,887373.5999
2025-04-25,2209097.1897,-500425.2879,7615594.2471,-1753400.9704,-2161733.8004,-6878.6392,3830381.6097,886907.3552
2025-04-28,1939822.0051,-468080.2514,7420279.0610,-1698747.4818,-868037.6434,-120451.1778,3765000.3771,858125.2277
2025-04-29,1940864.9529,-472647.8251,7480820.1581,-1697086.7357,-931599.7420,-143362.8285,3728349.7300,839976.9394
2025-04-30,2013485.7334,-550206.7678,7126229.1175,-1853201.4979,-1165959.4057,-217981.6588,3950479.9910,924220.5351
2025-05-01,2051872.9744,-562431.3897,7285050.7650,-1842362.0417,-1282132.1730,-232660.9677,3831259.1474,907442.3582
2025-05-02,2107495.7757,-628235.9784,7237882.5791,-1845095.1532,-2334714.7151,-553795.8557,3789908.6282,865104.3215
2025-05-05,2012199.1956,-492154.2306,7629560.1590,-1681449.3067,-1077902.5111,-149990.6784,3592759.5472,807633.7092
2025-05-06,2172537.7860,-577313.8662,6962376.5321,-1905752.5592,-1443037.9440,-254043.0564,3814986.6916,886086.7253
2025-05-07,2183336.7446,-560570.9070,7278611.1834,-1839732.2135,-1474591.5557,-273968.6689,3741874.3378,872235.5377
2025-05-08,2107014.7352,-529974.1924,8145876.7107,-1595029.8606,-1283860.7054,230242.7048,3529543.1580,761341.7376
2025-05-09,2204228.4168,-558347.2240,8028898.1597,-1452166.6048,-2044766.0510,1690477.2556,3219363.1102,661195.6915
2025-05-12,2016987.5026,-424938.2864,8468132.8295,-1273194.4343,-1058375.9985,-84818.4007,3311605.9294,605229.4286
2025-05-13,2100057.4270,-515360.5721,8158705.3684,-1320107.9692,-1391087.4910,-34399.5348,3563023.3428,589001.2343
2025-05-14,2051945.3198,-550144.0558,8068658.5964,-1346757.2692,-2283975.4650,-46577.2089,3539088.8455,619064.7153
2025-05-15,2104993.7352,-628987.4999,8102344.2812,-1425929.9490,-4114170.3775,-43277.7353,3561605.4281,656521.6647
2025-05-16,2177983.2919,-555960.9111,8655150.9411,-1329259.5564,-3920109.7401,714743.4045,3307361.5960,611206.0666
2025-05-19,1393462.8618,-505435.6991,7017279.4826,-1401531.1445,-681688.2252,-143215.7142,3364919.0125,659830.2006
2025-05-20,1468483.3806,-626898.1948,6913281.9257,-1570335.6300,-823676.0475,-197946.5123,3476720.6284,726991.5442
2025-05-21,1500619.6778,-689433.4604,6698299.4321,-1729399.3646,-1051995.8360,-319498.6500,3564307.0488,784616.1285
2025-05-22,1642239.6639,-729316.1969,6565131.6134,-1936640.0292,-2192026.7297,-744528.0801,3635590.2399,856130.4601
2025-05-23,1564495.0326,-679183.2917,6394161.3995,-1983378.0819,-6979684.8687,-2087933.7617,3673568.9496,838172.6481
2025-05-27,1415556.9735,-639261.4955,6683414.0852,-1676377.2489,-876529.6127,-194314.0490,3547235.7034,761574.7800
2025-05-28,1306983.6505,-342412.7783,8680116.5808,-1113129.3901,-562900.0044,-17114.0195,2879479.1846,538302.6566
2025-05-29,1840693.3868,-572049.0380,10424753.2653,-1250805.6515,-1190041.1640,231562.6938,2906776.0582,495778.0919
2025-05-30,1997340.9795,-769664.2902,9588023.7025,-1601870.9719,-5018329.0527,507142.3330,3294651.2870,621564.9052
2025-06-02,1689444.4057,-632229.6874,8103253.5756,-1746395.4785,-1253318.2499,-297356.2771,3736416.4544,747942.5928
2025-06-03,1817414.9646,-533322.2940,9568430.6796,-1363597.4316,-1203575.7554,-136012.8132,3321209.2558,584112.3515
2025-06-04,2160275.7653,-682277.8827,9247807.1304,-1633149.6468,-2175387.4223,-217797.2205,3785196.6307,643281.8188
2025-06-05,2221344.8340,-739849.9971,9250532.7024,-1758678.5957,-3869455.8877,-237823.0291,3809253.0551,736404.9408
2025-06-06,2154419.6065,-799426.4424,8912399.7286,-1842537.1442,-13895265.6901,-493064.3203,3864564.8354,733297.3836
2025-06-09,1695703.6390,-418675.6569,11088472.3048,-1157644.2142,-701780.6917,-96556.1803,2850345.8476,494874.8374
2025-06-10,2426484.8774,-542663.4975,12667978.5005,-1352437.9346,-1873031.3437,-144300.1327,3626905.2517,576595.3413
2025-06-11,2496507.3700,-644767.4943,13508805.0252,-1361159.2615,-1372897.4067,102854.4856,3270883.1101,493319.9955
2025-06-12,2462442.7819,-880232.7226,12367803.0622,-1981181.6678,-2777842.5315,-37636.8499,3611250.5510,745209.4797
2025-06-13,2662139.2575,-1082547.3653,11195174.0141,-2455917.9494,-10620400.1706,-1507702.2400,4104594.1280,896098.1244
2025-06-16,2396821.5774,-891807.5146,11332760.1231,-2108941.6908,-3283798.1564,-246431.9541,3958229.8439,803921.4377
2025-06-17,2639948.3685,-929366.5584,11567546.0421,-2069061.1357,-4225204.5192,-180192.0347,3964891.5001,768123.6212
2025-06-18,2387962.7783,-1018586.5442,11201218.5408,-2294721.7229,-6808527.5599,-254273.7222,4173697.7584,852437.8961
2025-06-20,3810596.9976,-1357623.7040,11171933.7183,-1863828.7960,-39388012.5931,943718.9784,3573041.1541,379333.1081
2025-06-23,1745025.8408,-1039625.5903,9572265.8240,-2679867.3869,-1516118.5898,-546242.9264,3940663.3465,1036932.8391
2025-06-24,1884072.4557,-1095195.3263,10403260.2747,-2280919.4836,-1456885.8260,-277447.8065,3649154.0818,841705.2969
2025-06-25,2112133.1015,-961123.7347,10895417.2395,-2009681.0982,-1430916.4682,63199.0405,3592563.0679,736454.9229
2025-06-26,2199849.7399,-1532073.1941,10032368.9237,-2522533.4520,-2082814.1711,-257168.0903,4038623.4835,862940.8700
2025-06-27,2303056.0742,-964454.1488,11970000.3430,-1850485.9020,-54223746.9172,-37560061.0608,3352080.7824,626614.6454
2025-06-30,2321302.4104,-842780.0382,12820694.6637,-1446480.0870,-641817.2608,114724.2332,2352012.1216,432288.7140
2025-07-01,1946031.8709,-755205.9313,13158057.8158,-1621032.8273,-1935635.7816,303435.3654,3126378.8890,451340.7630
2025-07-02,2290294.1843,-841178.4523,13077219.2002,-1822384.5996,-4081645.2541,807699.6021,3657068.0202,491112.0753
2025-07-03,2494905.7973,-929610.7441,13452348.9091,-1898942.9002,-19676916.1715,5892986.3083,3469986.0540,577714.3951
2025-07-07,1916464.7075,-630435.5237,14160070.6954,-1427910.5964,-1367348.9403,-20515.4680,3118582.7149,396707.3091
2025-07-08,1935562.4738,-550727.9264,15031807.3588,-1273609.0815,-1041965.5221,62150.7714,2858643.4684,412202.6987
2025-07-09,1979541.6488,-573111.3250,16025968.1351,-1361327.7044,-1048856.9992,284004.6393,3130459.1444,369231.1051
2025-07-10,1941511.1136,-616345.0945,16624923.7560,-1359547.3801,201109.3729,869830.2498,3051819.6226,346442.0580
2025-07-11,1861609.6596,-566688.2013,18084631.9287,-1285192.1092,7387593.4487,3679465.8599,2945316.5166,431543.9894
2025-07-14,1704108.9392,-548541.2808,16814401.3842,-1463263.1960,-1022221.9365,481434.0855,3132429.1417,407417.1477
2025-07-15,1556831.0175,-401976.3207,18548941.6611,-1109946.0958,34155.6267,1031528.0020,2654585.1956,280648.5915
2025-07-16,1258026.7158,-276120.2750,20939575.0754,-873975.1466,1854701.0198,1896814.1096,2259094.9793,260449.0612
2025-07-17,1083882.8257,-553030.0111,22553400.3904,-1675167.0478,1833604.3550,4090925.5907,2447905.6023,506214.0451
2025-07-18,1226508.9365,-828757.3472,23861704.7053,-2330257.8592,10549638.0122,18340095.0048,2822432.8151,681266.4603
2025-07-21,881285.9087,-551671.1819,20195278.8702,-2031292.8819,-1569897.9863,56834.7181,2949567.8962,645821.6531
2025-07-22,1113231.3986,-1089025.6769,18780501.7780,-3484828.2827,-2685474.7736,-549592.9064,3611045.6797,924512.6933
2025-07-23,1207410.7048,-814615.0059,19963157.5988,-2271624.7101,-2542286.4911,1472242.9635,3397132.7108,483760.7437
2025-07-24,1800893.3877,-1021698.1900,20310393.0547,-1797354.4353,-2239298.5331,6784182.3893,2940006.7597,-433126.1001
2025-07-25,1286877.5083,-937009.0359,20272387.9274,-2129462.4016,-8286465.6193,28682260.7131,3241780.1818,320218.6837
2025-07-28,948928.1657,-526506.2431,20223739.5445,-1722830.8193,-1050446.6254,393255.1278,2984382.4600,471557.0640
2025-07-29,1102502.2895,-812272.9023,19310042.2623,-2426157.9940,-1609332.6672,209155.2827,3353616.5671,637404.3419
2025-07-30,1222183.0572,-926130.3603,18556039.9945,-2954780.9509,-2680153.7281,-24184.3279,3744842.2610,853156.3115
2025-07-31,1259480.7920,-1027458.6236,18710461.2248,-2951496.8918,-3540484.2658,1240980.1086,3600380.1038,803707.6154
2025-08-01,1288476.6594,-769471.9796,20138653.7498,-2248382.3026,-1651119.0680,12081321.6585,2993330.1446,736230.0562
2025-08-04,836988.3681,-381480.1977,20045683.0628,-1579208.0768,-1181532.3306,-140071.3348,2857973.3503,702390.7139
2025-08-05,843691.1025,-437877.4667,21706526.9376,-1830755.3202,-2220422.8923,24532.6942,2779708.5263,731314.4630
2025-08-06,1054377.8791,-579099.1771,21336555.1947,-2240405.3881,-3642089.7645,129093.6720,3172471.5520,778723.6305
2025-08-07,1475601.9534,-840689.5088,19707953.9138,-3370111.4559,-9434165.3400,174329.5189,3506665.5789,669027.5422
2025-08-08,1509576.6641,-1325739.3187,18923693.8912,-3870895.4587,-34993767.2547,6410329.3649,4333831.7251,1000455.4116
2025-08-11,1347917.2199,-949351.0716,18056630.4171,-3524702.3134,-3316568.4336,-337400.3471,4355064.5945,1103804.9766
2025-08-12,1470181.5241,-1020891.8677,18508667.9927,-3531832.8354,-4074251.7908,100886.2186,4431442.3351,990893.8324
2025-08-13,1584242.9220,-754683.4891,20630992.7465,-2572511.4214,-3153771.5192,1700397.4862,3850351.7417,699345.4522
2025-08-14,1660345.1244,-908702.4949,19769644.3350,-2959215.3376,-6565633.7072,3839213.0057,4226879.8619,815999.4534
2025-08-15,1787427.3871,-688289.5612,21132750.4000,-2327630.7919,-12294500.9186,22126275.7975,3698602.3504,673866.6866
2025-08-18,1172265.8107,-761176.0510,16254199.6900,-3414729.8655,-3276036.5860,-612782.8432,4546882.9788,1303149.9871
2025-08-19,1240323.2798,-867579.8468,16062237.6873,-3702665.1575,-4361395.6962,-762765.7002,4816188.5469,1378073.6211
2025-08-20,1198841.2806,-1068307.0991,14991589.1717,-4778316.8044,-7202056.1025,-1571740.5790,5378138.8615,1764384.2071
2025-08-21,1228156.1460,-1113589.9230,15377840.3397,-4652140.0478,-11724693.1831,-2041925.0974,5366772.3756,1720575.0730
2025-08-22,1250229.1480,-1190740.6774,14845507.8695,-5114575.2461,-38427171.0135,-5610669.0214,5351308.8959,1839225.8059
2025-08-25,1202358.1705,-1011492.8675,15119877.9640,-4310195.9863,-2497869.8962,-593405.1102,4914490.6029,1573090.8965
2025-08-26,1262297.8391,-1154542.2961,14719818.6073,-4820314.3796,-3105172.0494,-779756.3627,5186487.7318,1779735.5074
2025-08-27,1353558.6247,-1170961.1912,15060315.8044,-4706946.7077,-3984994.7623,-579438.4570,5166915.3252,1726595.7973
2025-08-28,1422699.7831,-1220132.9619,14973460.2459,-4790217.1691,-6479013.2382,-179570.1656,5158535.0438,1738564.3048
2025-08-29,1424679.9678,-1376103.0104,14666244.9880,-4943813.0009,-19775908.2633,4181873.6138,5288608.3221,1809469.4972
2025-09-02,1218503.9535,-1189481.0761,13303189.4508,-5843765.6498,-3374084.2578,-1752482.3107,5581641.6416,2258178.7459
2025-09-03,1326826.5737,-1247330.1819,13993900.6830,-5127117.2638,-3992741.9427,-1493518.1591,5458710.3916,1920626.7390
2025-09-04,1374182.8323,-1475684.5831,13558521.3313,-6100596.1466,-6309391.8206,-2916664.7133,5604597.3729,2256085.8637
2025-09-05,1401625.4492,-1766370.9436,13954306.6144,-5641606.2878,-14207169.9243,-2973539.7323,5494297.8506,2080978.1848
2025-09-08,1209062.2775,-1145353.6146,13933939.9959,-4873601.6947,-2612065.6674,-1110509.2283,5359053.1427,1746896.7610
2025-09-09,1323642.2677,-1242707.8973,13875374.0451,-5111043.1872,-3184666.6128,-1346340.4980,5610257.0552,1877243.9160
2025-09-10,1349519.3428,-1148772.6699,14771911.3035,-4328093.2978,-3318495.0529,-888087.4759,5167327.0767,1470900.7258
2025-09-11,1538331.4267,-1372963.4371,14028263.0744,-5440895.9432,-6112405.8137,-1825049.2842,5677529.7535,1885369.3041
2025-09-12,2303152.7690,-1591778.1898,14949827.5713,-3770667.0806,-3238183.3796,1841856.3686,5257504.2657,1059177.4258
2025-09-15,1576166.4838,-1158284.3247,16205534.8263,-4070170.4277,-4792213.5228,-1269293.4562,5364749.9298,1286913.0111
2025-09-16,1761093.2362,-1315837.9570,16327801.6323,-4410363.9549,-6393759.6804,-1684634.1076,5564801.0151,1314602.5870
2025-09-17,1804775.0372,-1480683.8038,16003680.2074,-4795855.6061,-9204618.2181,-2323086.9466,5633707.2402,1366076.5203
2025-09-18,1935707.4125,-1481896.5186,16619712.9556,-4510451.4510,-14856185.1243,-2961058.6293,5689541.3263,1310633.6709
2025-09-19,2150993.9509,-1645992.8380,17424052.3868,-4141092.9998,-38662873.6024,-871475.6358,5265001.2693,1156482.3313
2025-09-22,1390157.8817,-564653.0706,18301364.4170,-2179545.7982,-1715133.1102,-185040.5244,4560240.9192,811257.4455
2025-09-23,1635005.4134,-814587.5302,18949132.1653,-2131174.8992,-2637439.0830,229195.7211,4764638.2641,271039.5171
2025-09-24,1609040.3501,-587047.0723,20624206.6658,-2137263.2697,-2382303.6694,342540.6265,4512342.9320,746375.8161
2025-09-25,2000162.9953,-1379281.4108,18490333.2869,-2951297.2392,-6439511.3909,325322.3227,5126940.5657,609866.0350
2025-09-26,2120084.4126,-1206970.4596,19116446.1314,-2575954.6960,-18013351.7605,2403911.7542,5332253.8821,555834.6520
2025-09-29,1432794.5522,-532835.6018,20016029.3774,-2083902.7794,-1942680.4189,-84200.3167,4458202.5297,779984.1760
2025-09-30,1599092.2539,-666816.1613,19481955.9593,-2467622.4044,-2524655.3243,-237619.3318,4693325.3201,908723.4259
2025-10-01,1703971.9754,-750059.9783,19256889.6534,-2550737.3973,-3366043.5730,64777.1444,4878242.6111,837173.8763
2025-10-02,1770704.4294,-718371.1776,20220062.6979,-2310131.5435,-3809220.5029,1748976.2249,4761359.9918,618892.1503
2025-10-03,1756497.4642,-439324.6865,22642440.1058,-1750063.7392,1480436.8975,12926252.3940,4319172.7980,393006.8493
2025-10-06,1343279.7662,-317631.8382,22594833.8837,-1456588.9644,-1637597.5909,501955.3064,3875137.0280,409796.3367
2025-10-07,1436587.8735,-306761.4897,24206317.4360,-1447520.3867,-2567273.2858,735712.1305,4125470.4339,499140.0174
2025-10-08,856185.8487,-790604.3736,23098036.1494,-2722417.1468,-7249733.8488,724012.2132,2496030.4239,475594.2233
2025-10-09,2584081.1209,-1020210.9510,22756610.8485,-2675456.7603,-6963574.5736,2039520.6336,5404713.5352,599467.8290
2025-10-10,1979696.5348,-783591.0112,22873560.7158,-2837156.3167,-22671535.6827,6631156.5101,5478997.0804,734801.7824
2025-10-13,1697847.8720,-808248.5367,21019645.7206,-3102496.2787,-6230423.6081,174816.4844,5610478.9089,968168.0070
2025-10-14,1891396.5454,-996176.3065,20767750.5223,-3643183.5093,-7731034.4171,350342.6357,5894822.6302,1054656.2735
2025-10-15,1939603.2804,-733157.2308,23611721.7061,-2499976.7730,-6782032.6805,2930641.6057,5133044.4844,672748.7755
2025-10-16,2132378.5786,-792223.8128,23572774.8969,-2676771.3030,-13165728.5426,5793238.2127,5355691.5094,722367.7962
2025-10-17,1964213.9058,-1267440.6782,20791765.0224,-4204661.3650,-61574532.3374,7707485.3937,5608941.0503,1199009.9397
2025-10-20,1560423.0416,-636606.3214,18060287.3615,-2939873.1166,-2919004.0247,-351173.0236,5532740.6252,1190029.2537
2025-10-21,1741708.5413,-643405.4879,19047588.7705,-2715455.5524,-3724277.5710,51920.0093,5472660.3722,1076649.3526
2025-10-22,1798702.8386,-887689.2407,17613910.7567,-3615700.5432,-5837610.7115,-318061.9591,5985234.9780,1291181.0038
2025-10-23,1787657.3257,-1067630.2962,17424727.5375,-4305625.1653,-10152129.1886,-417591.2701,6031601.6914,1527319.6544
2025-10-24,1961899.2619,-1016439.3191,18295755.4894,-3844240.1818,-25962312.3755,5184789.4285,5803742.0174,1484963.9294
2025-10-27,1640532.5530,-679020.1207,18124727.0314,-3150913.4906,-3512413.6785,-311013.2966,5513164.5564,1372763.6382
2025-10-28,1766343.3305,-820093.8047,17972050.2933,-3563307.6145,-4747130.4650,-347110.6433,5783665.8243,1441473.4992
2025-10-29,1834058.0171,-782348.1478,18712635.4107,-3315967.1543,-5562731.2901,350072.7954,5613278.1094,1289894.4138
2025-10-30,2234379.7716,-847180.8363,19893283.2644,-3658013.2948,-10304581.0401,1593506.5886,5865848.9036,1443117.7826
2025-10-31,2113707.2030,-935121.0208,19732877.8345,-3668677.0250,-33972811.8940,9774085.5590,5688365.2932,1453621.1645
2025-11-03,1614482.6379,-725128.5770,19415509.4954,-3374551.0441,-3381215.8651,-810216.1513,5322547.7071,1392934.8132
2025-11-04,1843011.2440,-931182.8855,18534516.9686,-4433146.4842,-5299979.1010,-1576361.2099,5847191.9132,1803880.8972
2025-11-05,1816574.2725,-1228345.7702,17143007.1567,-5572043.5542,-8330200.7005,-2364894.6950,6191567.9014,2102919.5841
2025-11-06,2045041.2591,-1360121.5369,17181972.4381,-5752394.2111,-14918224.9296,-3746552.3853,6428298.0971,1964714.2033
2025-11-07,1784230.8793,-1562692.2418,15044925.5318,-7329032.0428,-58665367.2603,-19839568.9961,7009845.6747,2485281.1682
2025-11-10,1780210.5426,-983674.5655,17487149.7567,-4231953.2694,-3921390.9106,-621644.9076,6081671.7397,1652157.4538
2025-11-11,2037711.0050,-960024.3106,18364951.6794,-4127229.2114,-4708474.6397,-439557.4162,6335060.5541,1546748.0495
2025-11-12,2179239.0014,-844457.0439,19687713.9710,-3530269.1488,-4881251.2648,209148.1033,6095586.0432,1284339.9561
2025-11-13,2183036.0043,-989203.0086,18774149.0731,-3984018.4821,-8313832.4067,1012457.3694,6297081.7826,1459714.8477
2025-11-14,1987632.9210,-1453446.7457,16097503.3844,-6292696.4063,-31380423.0113,1149514.1070,7042730.3581,2280478.6325
2025-11-17,1868486.4985,-1269846.7426,15656270.9516,-5762326.3105,-8314692.5028,-1618000.3886,6664042.7544,2065209.7266
2025-11-18,1805239.5432,-1427302.8743,14742325.6585,-6586669.5272,-11367883.5703,-2313956.4327,7127168.0017,2301061.1060
2025-11-19,1812305.3433,-1449309.8085,14957308.4984,-6261488.5661,-15400338.1128,-2311602.4367,7331983.5413,2117092.8064
2025-11-20,1937572.9365,-1600638.6992,15256241.8170,-6360352.4197,-26807725.1056,-3220593.1255,7015385.0827,2263958.4051
2025-11-21,1568543.6040,-1614433.4312,13445600.1628,-8136099.3554,-84895606.9737,-13242854.1310,7138940.9383,2921877.9109
2025-11-24,1451127.9146,-1189049.3325,13365806.7281,-5840173.3155,-4281253.5532,-1016157.9033,6849369.8411,2337091.5736
2025-11-25,1616491.6060,-1156703.4430,14060007.0569,-5311133.5849,-5002589.2358,-609982.2866,6873595.4942,2037492.9804
2025-11-26,1729547.5442,-1082748.1336,14715183.2870,-4951192.0812,-6180547.7693,-292365.2174,6685432.7303,1935252.1106
2025-11-28,2021014.8384,-1156699.7617,14928180.4977,-4962898.9410,-50460610.1442,10082483.7625,6413750.2716,1959826.6760
2025-12-01,1540148.1708,-1036208.9400,13549152.0594,-5240471.4687,-3083600.3133,-833173.8294,6487002.4049,2067861.5245
2025-12-02,1563833.3110,-1201249.9439,13258196.5180,-6013856.6204,-3789492.1448,-841455.0358,6598275.2449,2578009.2288
2025-12-03,1712282.7049,-1119125.7547,14019457.0175,-5081390.0744,-3998855.8071,-624105.8501,6417637.5027,1895417.1086
2025-12-04,2013382.1805,-1014442.8864,15806156.3353,-4227143.2193,-3777185.1500,1503222.3807,5974116.7673,1452907.0038
2025-12-05,2252396.6337,-1037586.5044,16857711.0856,-4078995.1801,-7203114.9442,7985603.5528,5930061.6744,1479055.3993
2025-12-08,1745099.4641,-1011023.5573,15925217.2747,-4089044.2922,-3058639.2633,-479079.7143,5792446.8320,1263511.3380
2025-12-09,1855226.3531,-1001293.0654,16342738.7641,-3934964.2682,-3307597.8996,-482314.8519,5861377.4652,1399913.0341
2025-12-10,1917150.4869,-1109007.5329,15968364.1321,-4169558.8963,-4188166.8595,-386280.8848,6092304.0167,1251635.2451
2025-12-11,2004051.0248,-1178224.9925,15541090.1385,-4356183.8666,-5945295.3889,-310867.0661,6126114.0492,1241656.3770
2025-12-12,2241671.9318,-1063419.1685,17212801.6812,-3604983.7912,-10765212.7671,3595729.1129,6122747.4014,1049193.6428
2025-12-15,1851097.9697,-1079604.6760,15595157.6769,-4145123.8514,-4563524.8268,-177754.8173,6023913.4015,1066042.2812
2025-12-16,1809088.7367,-1201580.8038,14583600.3280,-4761455.8409,-5957330.4792,-413894.3532,6220844.8162,1182881.4717
2025-12-17,1934760.0966,-1343209.3542,14558841.0798,-4936551.5507,-8138261.3676,-404189.4248,6376356.9091,1274036.4048
2025-12-18,1994162.7899,-1531539.0520,14098074.5473,-5685055.0992,-15082840.3539,-392044.9621,6607281.6391,1639922.7250
2025-12-19,2054186.8965,-1501555.6940,14195016.4376,-5955118.1993,-44256896.7962,727751.7848,6381393.3071,1875488.2366
2025-12-22,1665133.0545,-892810.2784,14542822.8605,-3997455.4439,-2946680.1573,-479472.2425,5680160.9675,1406593.2929
2025-12-23,1806504.0270,-1154870.9902,14513685.9202,-4704202.7404,-3896262.0476,-540421.4657,6144077.4364,1616917.8844
2025-12-24,1830786.0063,-1215280.8551,14261554.8167,-4890179.9760,-4714464.8301,-474785.8424,6418635.2275,1560976.5951
2025-12-26,1713002.6238,-1431871.4919,13472855.3359,-5635868.3509,-21323743.9053,-1405117.5438,6320145.9282,1952837.8608
2025-12-29,1482396.5186,-1262794.4351,12804640.0363,-5599486.1255,-3935354.8402,-810069.5006,6492023.7119,1784257.8355
2025-12-30,1490775.8959,-1454488.2053,12542546.9639,-5789395.1530,-4444754.4527,-756822.0593,7015315.2649,1798047.4281
2025-12-31,1464684.6065,-1547663.4392,11930101.1283,-6116593.3030,-5349641.4838,-956287.3355,7269674.4665,2006651.0957
2026-01-02,1676125.9825,-1547273.7439,12225806.6666,-5934881.3583,-16161166.7624,-1265046.9637,6767994.7936,2112120.2645
2026-01-05,1570694.7578,-1029853.6698,14584057.1401,-4026271.7653,-3856060.9313,-515107.9657,4827014.6362,1290147.5999
2026-01-06,1805838.3564,-981862.6348,16847860.2532,-3735620.9912,-4125171.2974,-722.6331,4475701.0335,1173326.8828
2026-01-07,1955267.8141,-1111809.0517,16759500.5992,-3950635.3643,-6007459.4061,365879.3698,5527622.7435,1191502.7422
2026-01-08,2038007.6820,-1041204.0927,17053314.9097,-3947017.8391,-6492994.2143,1028121.6287,4972722.2141,1173524.2353
2026-01-09,2065274.7673,-1337440.9955,16069601.6617,-4824160.0918,-22271345.0047,3702633.0494,5357266.8143,1451135.7185
2026-01-12,1689607.2909,-1232657.4690,15800927.9505,-4531602.3090,-8404288.9917,557347.5498,5262357.3841,1412338.4300
2026-01-13,1864762.1420,-1319090.5740,15976377.4113,-4716841.8823,-11002363.8710,1279815.5395,5688390.5389,1591374.2493
2026-01-14,1911793.4400,-1829510.3011,14737978.7233,-6411721.9226,-17787805.6778,-248578.0169,5971249.9455,1842890.5205
2026-01-15,2070277.1768,-1723998.0756,16027006.5568,-5223983.7899,-24667587.0387,3652028.8883,5604216.5351,1523397.8272
2026-01-16,2327267.8087,-1755407.9597,16396070.2373,-4856570.8858,-72115604.8740,17722171.5153,4958919.9043,1507880.8469
2026-01-20,1331741.4052,-684032.9913,11428690.2783,-3510262.5806,-2433844.4683,-409070.2666,4498911.0194,1557226.4391
2026-01-21,1471794.6139,-805439.0614,11321466.6330,-3826124.6661,-3808407.5638,-419134.1198,4715560.8315,1642340.2099
2026-01-22,1567245.8287,-933315.6664,11042667.1513,-4043845.4425,-7074932.1120,-69828.7836,4905679.2198,1644409.5141
2026-01-23,1448876.0481,-1206419.2404,10576150.9791,-4741455.4546,-26298197.8902,-1128260.9100,4968152.0388,1930102.0837
2026-01-26,1262378.4086,-981289.5184,9818585.1209,-4700232.2824,-3454180.7564,-688634.9146,5086088.5360,1904894.3824
2026-01-27,1266439.3068,-1258482.1120,9417022.4027,-5510284.9479,-4753813.4723,-999893.1401,5342857.3919,2243352.7470
2026-01-28,1461854.9760,-1238697.6616,9927753.4382,-5203752.9946,-6339417.8970,-819730.4297,5457894.7316,2031068.4756
2026-01-29,1088044.8284,-1142539.4130,8341922.9392,-7986632.2400,-15980120.3284,-6804780.6796,5463169.1204,2821260.2401
2026-01-30,1664844.5288,-1308749.9493,9062388.8046,-7690912.2298,-28522853.7929,-8621300.4568,6780463.1377,3014666.7587
2026-02-02,1537068.3309,-1095431.0407,8574596.7300,-8088173.1583,-4750855.4861,-1571133.0397,7118575.2533,3682465.3585
2026-02-03,1788224.5862,-1204767.1475,9115203.2710,-8235480.2386,-5668757.6688,-1642060.6461,7253897.1002,4402253.9298
2026-02-04,1747404.1892,-1235770.6920,8899391.2210,-8678583.1489,-7649675.1916,-1840858.1575,7562021.3381,4766408.6883
2026-02-05,1632566.4842,-1308211.8898,8719500.2691,-8648870.6641,-13176689.7065,-2563211.2179,7598866.3052,3673513.7938
2026-02-06,1753483.6948,-1566634.8685,8784998.5659,-8435471.9153,-36097708.5326,-2347289.7521,7767353.9376,3392040.9132
2026-02-09,1706223.0008,-1188642.1013,9696501.3686,-8015722.8698,-4249914.2155,-1383928.4553,7213477.4970,3707612.6673
2026-02-10,1974429.6537,-1263308.6128,10176685.0649,-7263319.1414,-4700368.1599,-1222547.2079,7444927.8552,2809944.8164
2026-02-11,1820856.9632,-1317365.2000,9400571.1138,-8575289.2473,-6658322.0981,-1606407.4497,7492874.9499,4032827.3900
2026-02-12,1834012.2966,-1341552.1521,9495686.1200,-8707143.5106,-10148195.5994,-1613037.1548,7343274.6433,4394786.6507
2026-02-13,1775640.7366,-1493232.8561,9177376.5059,-8885811.6501,-26491058.1201,-1699439.3546,7452117.5362,4261433.4936
2026-02-17,1564423.0967,-1311410.0831,8852047.0811,-8566661.4659,-8385555.5019,-2171772.1524,7188738.1755,3723135.1899
2026-02-18,1750609.4648,-1345304.9468,9201980.6307,-8211721.4607,-10509754.3549,-2370186.7037,7086444.5128,3209709.3347
2026-02-19,1807916.5328,-1368975.8042,9236107.0736,-8491287.8688,-17987197.3140,-2581786.8400,6996017.8635,3759739.1462
2026-02-20,2184079.7862,-1358243.1256,9681972.1595,-7624687.3827,-36384452.8125,-1646419.7600,6804163.3899,2882617.5140
2026-02-23,1537953.9756,-1105775.7566,8742353.9338,-8501515.4600,-3603740.2348,-2099180.5408,6568783.4830,3968521.5952
2026-02-24,1692690.0079,-1109470.9941,8834113.4694,-8815586.5869,-4686299.5022,-2442482.1268,6764176.5001,4344053.8955
2026-02-25,1864568.1031,-1059341.7328,9719809.9786,-8577049.1289,-5888854.4041,-2658890.2470,6637225.8598,5394624.5670
2026-02-26,2653672.6759,-1119935.3226,11112108.9919,-7769845.9380,-8364767.9578,-1523802.6584,6841923.3307,4620902.2468
2026-02-27,2727613.3092,-1415822.5061,10329761.5041,-8139800.9078,-32650162.4052,-94855.9231,7654070.6394,4213775.3071
2026-03-02,1971002.2169,-1239079.8198,9415657.3150,-7365310.1858,-4195490.4440,-1658536.6049,7939032.8925,2624103.8124
2026-03-03,2224025.2568,-1216503.4715,10043516.3457,-7955007.2927,-5363568.9148,-1788052.7447,8025801.0924,3632128.5600
2026-03-04,2194559.3857,-1203679.1983,9864341.7170,-8397194.6604,-7029883.2137,-2047787.1800,8035095.0308,4893171.8920
2026-03-05,2305156.3122,-1409440.0584,9886926.9191,-7987638.8781,-11132634.8739,-1649068.6070,8382465.4691,3116589.2770
2026-03-06,2228111.6461,-1519580.7318,9429416.3042,-8407534.3423,-38718361.1643,-3693010.1726,8197497.1012,3428893.6983
2026-03-09,1777254.3448,-1161337.0255,9061305.0359,-8630520.5356,-4588918.2628,-2383862.4044,7915810.4184,4452086.9065
2026-03-10,2261497.9533,-1065012.0942,10854225.1948,-7464346.3949,-4092128.9740,-1816799.9258,7525427.5139,3764060.0478
2026-03-11,2471445.8549,-1222861.0785,10604792.2024,-7602759.3944,-5417572.2920,-1988101.7554,8347243.5009,3309283.8315
2026-03-12,2695588.1192,-1297194.7010,10739658.2179,-7520866.1840,-6984731.8347,-1554566.3771,8355739.4177,2872534.6587
2026-03-13,2606913.5932,-1389697.5127,10456018.7899,-7695416.8540,-16791218.2644,177573.5570,8486396.2977,3182624.7128
2026-03-16,2110574.9966,-1039069.0321,9796316.1926,-6174968.4088,-6380338.9724,-2129319.4753,8328545.0788,2790783.2561
2026-03-17,2342757.4442,-1195001.4595,9971115.1210,-6048607.5353,-7169340.1596,-2602707.2300,8377818.3751,2350798.0864
2026-03-18,2398772.2728,-1179008.8899,9853931.5872,-6338486.9371,-10290591.2243,-3342562.9109,8984481.3866,2675417.9993
2026-03-19,2032562.4370,-1434363.7313,8993562.2048,-6898166.2202,-17631626.9242,-8077185.7277,8970571.1921,2594911.8244
2026-03-20,2210154.8008,-1209288.3870,9394157.7698,-6340868.9055,-45517660.9693,-3577068.3138,8810290.0311,2613029.3598
2026-03-23,1802414.0907,-910676.6240,8864419.1679,-5056950.7081,-4506760.8604,-711522.6015,8561418.8286,2476753.8778
2026-03-24,2007717.7708,-1037894.7276,8877706.5804,-5296287.6819,-5910472.0966,-776241.9052,9323630.1009,2503644.1478
2026-03-25,2157645.3002,-1067706.6381,9198138.0898,-5223550.4465,-6674407.2872,-773113.9303,9427534.0854,2493279.5674
2026-03-26,1988748.5276,-1172442.5565,8534942.7930,-5951859.2302,-10521108.0652,-1577016.6666,9853727.0279,2932431.3137
2026-03-27,1968217.4435,-1343122.7792,8256761.0472,-6386555.8883,-25575798.4296,-4797459.4552,9743405.2702,2822639.6628
2026-03-30,1660165.7614,-1221388.7925,7630004.9282,-6570297.6859,-7925776.1142,-1501448.2680,9745958.4205,3068097.7348
2026-03-31,2538465.4654,-1450661.7738,8373881.2669,-6563526.7833,-9502666.1868,-1521929.3779,9735225.0027,3130032.9139
2026-04-01,2723758.8882,-1231844.8056,9341183.5383,-5979755.2624,-10131446.7773,-957858.9079,9860029.3733,2759535.3096
2026-04-02,3446020.3548,-1574242.6705,8320054.2445,-6192906.9763,-27064642.2683,-3117086.7504,10367818.4539,2409464.5798
2026-04-06,2167180.4105,-995219.5451,9145128.6572,-4966588.8968,-10135166.4522,-1109349.4398,9350974.0872,1813592.8593
2026-04-07,1994094.0084,-1018465.2230,8375362.7015,-5778384.0718,-12231396.0328,-1316635.4465,9979608.0100,2559382.4157
2026-04-08,2192189.0927,-1265599.0717,9105344.4503,-5508177.4883,-12160048.6556,-1226499.0837,10255890.4218,2393731.3715
2026-04-09,2180253.0240,-1085722.2157,8513093.5788,-6312772.9972,-17366719.4318,-3873317.1587,9457507.4010,3197553.6217
2026-04-10,2168749.9169,-1349570.0264,8276974.8913,-5871554.1188,-27512847.6355,-5208013.5775,9784107.9718,2050921.4549
2026-04-13,1620272.3735,-996814.3775,7660912.7536,-5811913.6995,-26464962.1513,-2326571.7713,8738302.2296,2426424.8091
2026-04-14,1977319.6965,-990541.3831,8866311.3438,-4961064.1343,-12558332.5237,-725972.8692,7917793.6539,1876871.0923
2026-04-15,2061410.0278,-1032250.7327,9124478.7409,-4977889.1791,-22747634.9733,-921405.2877,7715359.4945,1811971.6061
2026-04-16,2247391.5414,-1088830.9341,10001818.6701,-4434993.8764,-30106188.7899,-2331011.3518,6609104.5901,1486198.9970
2026-04-17,2436061.6630,-1061314.1672,10881057.3424,-3930009.6748,-62496965.0753,-3606494.5249,5720850.5537,1325661.9534
2026-04-20,2177251.2554,-841993.0715,9752011.6598,-3466282.9460,-2021902.6085,-269824.2402,6018227.8356,1549199.3436
2026-04-21,2386876.2639,-1077299.0254,9854720.9329,-3542186.9539,-2350556.9664,-140740.5857,6194220.9390,1498261.4326
2026-04-22,2675748.1200,-1018523.5523,10111701.7766,-3544384.9471,-2940759.6861,-35168.5844,6241389.3203,1521398.1920
2026-04-23,2580656.9348,-1162637.8382,9914738.4835,-3784075.2039,-5298993.1848,76311.1201,6473098.9042,1579497.6003
2026-04-24,2394781.5168,-1343653.7330,9405632.3552,-4283162.5222,-20442474.0289,-1547501.2424,6656293.7434,1773592.0380
2026-04-27,2170682.3560,-1168550.4544,9334488.5278,-3894157.4141,-3423452.0528,-205763.8472,6553560.3120,1615079.0447
2026-04-28,3603951.0537,-1036689.0951,12459374.8140,-3490618.0434,-4642772.3745,160570.2975,6382201.7301,1429376.5797
2026-04-29,3131475.9863,-1722696.6252,10582905.4861,-4656105.6584,-10168300.2408,-329532.7688,7432828.4214,1922327.4432
2026-04-30,4076757.0281,-1570379.4652,11723901.2584,-4417050.3256,-17559717.5639,124307.1722,7324983.4445,1766482.6363
2026-05-01,4634925.0694,-1488469.4565,12268466.1870,-4083518.9497,-53787774.5077,11780435.6298,6994095.0672,1680050.2173
2026-05-04,2652828.5509,-969447.3316,11616193.1628,-3937467.9797,-2967047.4211,-386814.3550,6580912.0384,1821634.4012
2026-05-05,2771663.5706,-1219576.7661,11419380.0553,-4387929.8028,-4140600.9901,-571716.4510,6831278.9135,1899938.1547
2026-05-06,3265848.6508,-919639.7787,14242237.8337,-3269892.6938,-1761036.0419,775543.7388,6211185.0195,1287948.4196
2026-05-07,3398737.7624,-945043.2514,16686758.8143,-3122126.8995,-552102.5290,1910812.6906,5955899.5853,1308402.2105
2026-05-08,3844059.5075,-1168857.8064,16014967.2277,-3337160.7832,2052592.6097,11425906.6535,6285791.2172,1345998.4517
2026-05-11,2737062.0692,-885544.7443,14836750.7496,-3249224.9679,-2489800.7998,-97395.0312,6228488.2077,1504996.6031
2026-05-12,3176442.4664,-927190.9546,15784268.1782,-3171266.6215,-3851137.2153,58290.7814,6421613.5395,1362668.2011
2026-05-13,3419406.9711,-935299.2243,15696706.0149,-3116239.6899,-5250715.7445,492708.8731,7051924.3548,1239900.3613
2026-05-14,3885297.2324,-980654.4008,17267281.8286,-3117941.2738,-14605789.3040,1528873.6456,7315652.3823,1286314.3569
2026-05-15,3743543.1114,-1300727.4899,15856359.0579,-3527820.1067,-66276269.6138,7287309.1913,7423323.4902,1370405.4412
2026-05-18,2387842.8131,-824606.0216,14886435.3352,-3219187.6532,-2372473.6430,-112203.5234,6872363.9484,1424345.0542
2026-05-19,2530253.9848,-1039477.9687,14130038.8766,-3576884.8630,-3405352.6394,-251471.6877,7460510.1286,1560572.8319
2026-05-20,2974216.1219,-1117192.2477,14266675.1884,-3552323.1811,-4147186.7727,-145224.5060,7661416.8814,1499398.1780
2026-05-21,3135794.1420,-1244392.9643,14151100.0291,-3749723.2722,-9321134.0088,-14182.2191,7865364.7214,1550693.0278
2026-05-22,3298899.2337,-937243.9487,16082834.4988,-3149406.2030,-12233884.1133,6592704.2268,6777037.6307,1322558.4437
2026-05-26,2627970.2855,-571603.5577,17787560.7611,-2473930.1639,-2071188.5967,-17895.2380,6572677.5797,1118073.2766
2026-05-27,3370235.5171,-657553.0569,19073815.0744,-2613961.0374,-7037772.1608,65415.6346,7158704.7908,1168300.7866
2026-05-28,3560755.7035,-724279.2238,19319982.2589,-2685987.4690,-13020071.1337,537661.2481,7409895.6586,1164365.0626
2026-05-29,3790402.5388,-595667.0661,21518750.0010,-2412548.5641,-10523661.5225,4589050.8062,6302224.4079,1055653.4544
2026-06-01,2641564.8854,-573740.8864,19165694.4328,-2455553.0018,-2202476.6617,-132241.7450,6403086.0891,1096638.1067
2026-06-02,2769251.4615,-667978.2918,19144103.4417,-2656265.3198,-3224608.0009,-130097.6649,6762950.2381,1195512.1653
2026-06-03,2916365.0010,-884403.5089,17699782.7197,-3175858.9432,-5366577.9658,-325920.0708,7254872.3448,1385012.1339
2026-06-04,3125170.0271,-840592.1900,18322287.7158,-2934675.2005,-7300425.3401,73425.3392,7174095.2396,1218810.6276
2026-06-05,3019944.6988,-1105829.1162,15434824.7778,-4103042.7741,-38987373.3119,-3641526.6860,8047804.0268,1710811.2789
2026-06-08,2626233.1468,-1150421.7382,13429184.9836,-4675574.3747,-4514597.1357,-879504.8954,8406955.9336,1971030.9234
2026-06-09,2822347.3445,-1233139.1315,13598448.0201,-4548480.7823,-5194213.8474,-818693.5148,8736250.9610,1813093.0090
2026-06-10,2829632.8510,-1421621.2666,12218475.2380,-5194872.0301,-7099062.8456,-1461158.7537,9392134.3003,1976371.5922
2026-06-11,2524042.3610,-1630034.7173,11415758.2367,-6006443.5669,-11763325.5418,-3065900.8510,9618408.9387,2341576.1480
2026-06-12,2983295.7874,-1575132.7808,12907915.0784,-5378696.9740,-24605310.7969,-4341442.1683,9137767.0854,2210023.2466
2026-06-15,3098320.1533,-1162348.4560,13993974.9476,-4261670.3077,-7248051.0795,-568085.6945,8430660.7890,1819301.5416
2026-06-16,3201576.7467,-1312635.0920,13501896.5559,-4554358.3552,-10601148.9492,-528238.9539,8831639.4077,1830953.9818
2026-06-17,3193322.9720,-1352207.2261,13231212.6338,-4478011.9138,-15820288.7026,-160727.7520,8685302.7182,1662629.2995
2026-06-18,3329635.8408,-1420487.9829,12902409.5046,-4549188.8886,-60654014.9997,2024522.8918,8855130.4049,1839989.1308
2026-06-22,2691227.7530,-952943.5616,12894276.2538,-3885032.8553,-3423172.6056,-442412.3244,8096846.1463,1676851.6665
2026-06-23,2991979.9975,-1045037.0222,12684520.4206,-4156510.5245,-4855317.7360,-616377.7898,8430203.1179,1796295.1347
2026-06-24,2888913.6671,-1308850.3769,12398845.9379,-4510711.9484,-6752077.2487,-888734.0334,8547877.9902,2182982.5757
2026-06-25,2992558.0262,-1293891.0915,12153678.9742,-4515148.6273,-10665185.3215,-815589.2954,8718548.2547,1999884.5941
2026-06-26,2854946.3728,-1302976.8694,10824948.7642,-4981537.8166,-36446826.9753,-2676218.4474,8956591.9323,2159014.3286
2026-06-29,2331964.6416,-1253672.8651,9709244.7884,-4868090.4714,-4315096.1549,-760055.6514,9753330.3825,2174469.7632
2026-06-30,2409345.9457,-1247052.5124,10853687.1573,-4838846.2339,-5178437.1293,-967050.3410,8800982.6615,2059848.7004
2026-07-01,2796293.3197,-1320621.3875,11234142.7416,-4848331.2455,-8789546.2497,-1211118.7410,8995628.9433,1964414.0324
2026-07-02,2886881.3251,-1289726.6641,11081785.9642,-4578396.8948,-23699340.9021,-1475842.6610,8983456.8971,1747853.9151
2026-07-06,2362530.6938,-1202071.0124,10901367.5512,-4492258.6089,-5096653.2327,-740892.8521,8731425.3170,1731389.8876
2026-07-07,2233310.2446,-1361488.0487,10190234.1272,-5335617.6827,-7072395.2881,-1101805.5268,8969333.6542,2267985.0895
2026-07-08,2337705.3668,-1460685.8676,10087527.1249,-5456196.6929,-8764746.8733,-1402332.9446,9049703.9482,2033371.8365
2026-07-09,2398868.9461,-1665360.0387,10157786.2979,-5713002.8745,-12558125.3575,-1897544.1999,9200499.3669,2087275.5964
2026-07-10,2774090.9722,-1696325.1030,10308136.2779,-6088382.9659,-32301915.6783,-5108537.5259,9037084.0670,2630514.3066
2026-07-13,2292413.7823,-1662717.9081,9591943.5984,-6486416.5865,-13394563.5044,-2101941.0272,8866475.6865,2650646.0942
2026-07-14,2132459.5283,-1728828.2989,9374572.7213,-6418800.2700,-13617788.6203,-2335978.3595,9420217.0077,2447671.8204
2026-07-15,2454053.3313,-1650282.8501,10549812.1485,-5646958.1599,-17658924.9711,-2039086.2949,8900571.1431,2089274.8675
2026-07-16,2669310.4080,-1729859.4977,9969340.6669,-6085821.7718,-39934227.9745,-2956543.0489,8594717.7631,2474871.1941
2026-07-17,2283301.8496,-3212435.5497,8714578.5304,-7295533.2342,-87979747.2060,-14055849.9194,8385147.7615,3303146.9966
2026-07-20,1948603.8292,-1247902.4214,9225526.4527,-5359921.4674,-2945842.8263,-726130.1495,7766141.1516,2375812.7301
2026-07-21,2190396.8071,-1307231.6018,9905513.9567,-5217022.5605,-3298598.6903,-634041.4400,7956054.9602,2358228.9713
2026-07-22,2812987.5249,-1274007.3953,10921014.1613,-4887408.2910,-4461849.4621,-525016.4087,8295530.9797,2132907.9688
2026-07-23,2797659.9789,-1397832.8472,10191417.1483,-5350282.5902,-8615050.0615,-903948.6143,8379389.9359,2287374.1451
2026-07-24,2808905.3478,-1605685.0463,10027571.3554,-5605994.1491,-26709987.5612,-438927.7167,8315597.8201,2595210.5724
2026-07-27,2111293.5995,-1338261.0988,9129441.0028,-6130833.8302,-3255876.0981,-1085117.0420,8443636.9214,3159051.3998
2026-07-28,2470861.3795,-1544809.8948,9872474.5746,-6070791.3501,-4053145.0217,-1273508.5957,8824543.3679,2759676.6111
2026-07-29,2504609.3622,-1535262.8139,9540398.9221,-5910720.1686,-5023520.4433,-1550351.6909,9013442.9609,2356398.6649
2026-07-30,2516964.0727,-1570657.7361,8857487.4784,-6416521.5452,-8060428.1536,-2807396.6196,9484896.8843,2705659.3191
2026-07-31,2814846.5640,-1707940.6705,9866288.1239,-6079207.4823,-21095036.7117,-2740500.0964,9074859.3461,2973631.6547
2026-08-03,2485808.6484,-1167713.4745,9677918.9627,-5402148.5331,-3595190.9595,-945390.7222,9032153.2381,2407118.3655
2026-08-04,2758426.0302,-1207477.2106,11094191.9903,-5135526.6499,-3965656.7313,-842537.9753,8913041.9432,2379519.3400
2026-08-05,3088650.1862,-1180134.8228,12162592.1780,-4759523.9157,-5107588.1302,-830405.2892,8771042.9330,2076336.5010
2026-08-06,3485175.6013,-1291514.9778,12715724.9260,-4681146.4258,-6304646.4840,-7266.9752,8709732.4725,1931362.8543
2026-08-07,3582008.5146,-1268127.2822,13865332.9694,-4254471.9661,-5524352.8543,3928936.2470,8703499.6965,1740660.4517
2026-08-10,2872706.8814,-1043217.6945,13423513.5589,-3703187.6852,-2824856.8038,-384578.9596,8555326.2615,1573204.7538
2026-08-11,3014055.5608,-1075831.9004,13809283.4339,-3519674.0112,-2997144.4739,-310744.9950,8638040.9606,1391296.9151
2026-08-12,3281251.4400,-1516710.3436,12324595.3598,-4647397.1210,-4893003.1284,-683707.9726,9406396.1412,2119420.7109
2026-08-13,3494125.2830,-1781973.1069,11626201.3377,-4892234.0677,-7350389.5729,-939521.8835,9882609.1726,1866989.8661
2026-08-14,3561700.2207,-1756175.0055,11919282.6399,-5091484.7714,-17407851.2207,-1366439.2676,9942463.8105,2743436.0003
2026-08-17,2902758.6072,-1640602.8407,10838284.4460,-4949036.4485,-5992083.8199,-1032726.9883,10122933.8074,1903734.0981
2026-08-18,3067405.0959,-1728013.1720,10520729.7527,-5080859.2502,-7486610.1443,-1275279.7841,10502313.5598,1912970.5532
2026-08-19,3154214.6651,-1885415.6304,10482426.9559,-5272361.1119,-9207048.1007,-1702341.7919,10414085.6690,1992651.3301
2026-08-20,3171511.4024,-1840325.7785,10346865.9237,-5463976.0355,-15681168.5941,-2612903.2722,10315521.2065,2324423.8210
2026-08-21,3205947.2569,-1979223.6343,10431673.5302,-4934159.2512,-46513763.2489,-650764.0855,10055171.6479,2044372.2645
2026-08-24,2631138.7648,-1371282.0005,9452310.7467,-4563076.5192,-2799332.8601,-498458.5055,10057360.3214,2120867.3996
2026-08-25,2650407.4883,-1536967.2307,9204390.4103,-4910186.5825,-3485498.3434,-674088.2575,10349741.0001,2417996.5018
2026-08-26,2908202.1586,-1627061.5233,9135619.5748,-4767592.9592,-4274835.7306,-596620.6629,10710471.9943,2098681.2382
2026-08-27,2814080.0903,-1766614.3846,9111751.6041,-5288861.6014,-7160545.5380,-785143.1239,10688493.7690,2959579.0501
2026-08-28,3187429.3660,-1976298.9689,9076798.5389,-5160828.0007,-22734847.6053,-453139.9833,10838225.2049,2386428.3375
2026-08-31,2561567.7096,-1782057.5272,8568774.4585,-5264583.5796,-2922701.6438,-707534.4259,10892566.1092,2252917.5404
2026-09-01,2467989.7198,-1882946.8943,8244912.9005,-6022383.5847,-3601513.4317,-1063678.6066,11252364.5262,2854361.6206
2026-09-02,2580341.4417,-2106966.5818,8065992.6208,-5963345.5451,-4188593.4637,-1071299.6772,12130595.6350,2478383.5820
2026-09-03,3191243.5073,-2069885.6607,9220722.7717,-5223134.1568,-4277428.4270,-564288.3716,12147994.9229,2119388.2950
2026-09-04,3437552.0332,-2234146.4731,8805555.1754,-5505538.7230,-11626634.3353,-2046314.2713,12128027.2374,2302133.9312
2026-09-08,2541998.9294,-1939386.3863,8486463.1655,-5521653.0647,-4212715.6226,-812589.8191,12385861.5829,2464972.8227
2026-09-09,2705254.0475,-2103268.7393,8482250.2297,-6027844.5300,-5296769.8808,-1022235.2424,12552666.0459,3086688.6657
2026-09-10,2529111.0244,-2032317.5559,7886876.8055,-6075221.8917,-7770348.7350,-1848976.6875,12902179.7316,2458505.4280
2026-09-11,3078104.4922,-2286843.8660,8129480.4922,-6567656.0505,-20175692.7315,-4493063.6926,12506831.0816,3012200.0297
2026-09-14,2537287.3225,-1841477.9070,8110408.7566,-6250120.7191,-7131164.8841,-1527133.2320,12158596.6943,2893070.0150
2026-09-15,2575144.9933,-1513197.1227,8056354.2780,-6748315.4134,-8828275.5442,-2279207.9754,12396854.9091,3859105.5541
2026-09-16,2603203.5263,-1680208.3680,7925503.7001,-7079662.7131,-12253376.1640,-3121002.5573,12409434.1570,4414019.7946
2026-09-17,2715958.3278,-1845565.9744,8279832.9734,-6665233.1489,-16719669.0345,-3639810.6299,12304541.4605,3656285.2379
2026-09-18,2881361.4265,-1855297.5637,8640353.5336,-5566178.6364,-60429312.7612,-4933791.1352,12523160.6526,2641229.0827
2026-09-21,2650327.0877,-1547223.2123,8507489.3535,-5035088.4921,-3389649.6127,-609854.2889,12403066.5713,2478664.9627
2026-09-22,2975265.5411,-1641063.4596,9193015.7360,-4872271.0834,-3314250.0303,-400184.6472,12465612.0300,2467390.0599
2026-09-23,3126066.7343,-1796494.9310,9047496.7683,-4998020.9173,-4340032.7393,-483609.9702,12618495.2831,2465045.9643
2026-09-24,3306832.5435,-2143330.2075,8817911.3897,-5361066.6806,-6956696.4917,-505079.9362,12711799.0857,2374626.1259
2026-09-25,3560657.5463,-2075282.7718,9192606.6448,-5413081.3957,-20984333.8374,-1068600.1362,12321715.1953,3057143.9495
2026-09-28,3153848.5122,-1697093.1414,8593343.2501,-5395625.0169,-3567414.0572,-768755.3468,12945552.9127,2754637.5668
