date,call_gamma,put_gamma,call_delta,put_delta,call_charm,put_charm,call_vanna,put_vanna
2023-09-29,22014.5363,-41989.3154,256149.3544,-761440.6635,0.0000,0.0000,0.0000,0.0000
2023-10-02,22361.3612,-42645.5815,256911.5302,-764672.4606,0.0000,0.0000,0.0000,0.0000
2023-10-03,20473.4397,-41795.9959,229564.7001,-860117.8850,-234002.0958,-101862.8314,1630317.2371,372585.7079
2023-10-04,20086.9117,-40505.2537,234039.7935,-867666.4802,0.0000,0.0000,0.0000,0.0000
2023-10-05,23281.6605,-44714.3688,249908.1993,-912003.7343,0.0000,0.0000,0.0000,0.0000
2023-10-06,24212.0718,-45404.3908,263040.0706,-881990.0326,0.0000,0.0000,0.0000,0.0000
2023-10-09,24754.0655,-47126.6470,251876.8852,-947805.4236,0.0000,0.0000,0.0000,0.0000
2023-10-10,26408.6071,-48768.4208,276435.9959,-882947.6351,0.0000,0.0000,0.0000,0.0000
2023-10-11,30423.6291,-49863.7351,311279.6777,-846720.2564,0.0000,0.0000,0.0000,0.0000
2023-10-12,32987.4708,-49820.3895,361113.3318,-745565.2774,0.0000,0.0000,0.0000,0.0000
2023-10-13,31558.8789,-49605.2769,305617.0295,-865624.6530,0.0000,0.0000,0.0000,0.0000
2023-10-16,33612.1183,-54218.9863,331304.6924,-877183.1913,0.0000,0.0000,0.0000,0.0000
2023-10-17,49439.3930,-59132.9049,441467.4023,-839817.5331,-716431.7835,-87116.7889,1593158.1038,184171.4962
2023-10-18,37490.3937,-68005.8595,276019.1614,-1008887.7095,0.0000,0.0000,0.0000,0.0000
2023-10-19,22428.7200,-61771.7357,199035.8519,-1180913.4914,-2243380.9792,-470242.9482,1942354.3826,668928.0285
2023-10-20,20746.5374,-55118.5130,192975.8607,-1252491.3753,0.0000,0.0000,0.0000,0.0000
2023-10-23,23919.6046,-45431.9585,328717.1688,-1178794.1161,0.0000,0.0000,0.0000,0.0000
2023-10-24,20475.8465,-44468.6999,202131.7074,-1152893.2313,-322285.5410,-158271.1405,2207209.8974,765632.0902
2023-10-25,77327.6618,-44713.0933,651949.6906,-1112301.3563,-453360.9032,-149243.8875,2251950.5348,712575.8295
2023-10-26,62626.7391,-45494.3243,435075.3249,-1288014.5526,0.0000,0.0000,0.0000,0.0000
2023-10-27,72388.4447,-47316.2740,550525.0012,-1224528.5006,-518666.3067,-175519.1555,2351875.8495,780968.5777
2023-10-30,58567.4579,-46000.1627,390785.2948,-1339586.0611,0.0000,0.0000,0.0000,0.0000
2023-10-31,70563.9479,-48211.4833,462346.8081,-1264319.7882,0.0000,0.0000,0.0000,0.0000
2023-11-01,86935.3613,-55892.5117,573177.7290,-1201104.6218,0.0000,0.0000,0.0000,0.0000
2023-11-02,100049.9124,-55819.3134,724397.5101,-1120615.0953,0.0000,0.0000,0.0000,0.0000
2023-11-03,121384.8414,-58684.9959,961043.8597,-1022392.6845,0.0000,0.0000,0.0000,0.0000
2023-11-06,93322.4090,-59735.0077,938015.6155,-912401.5166,0.0000,0.0000,0.0000,0.0000
2023-11-07,99333.6135,-65975.3415,764908.0377,-1038575.3150,0.0000,0.0000,0.0000,0.0000
2023-11-08,102382.7587,-67919.0609,705749.7904,-1099854.1564,-771806.7315,-183878.3325,2070059.9015,455716.7123
2023-11-09,109420.1609,-70670.5597,813889.4656,-1024746.4565,-767150.1580,-137688.4165,2135266.3859,251655.9675
2023-11-10,104979.0353,-73451.5971,644472.8836,-1169116.8992,-943930.0256,-215377.0672,2269835.6726,458437.4976
2023-11-13,119693.5827,-76721.3687,752914.6115,-1100687.3790,0.0000,0.0000,0.0000,0.0000
2023-11-14,100949.3013,-75588.4157,551843.6560,-1249371.4806,0.0000,0.0000,0.0000,0.0000
2023-11-15,111522.7992,-61585.4316,1278475.5223,-767478.7950,-1468566.9285,119500.2265,1456122.3900,38662.1752
2023-11-16,117858.0340,-60529.5187,1304331.3205,-752906.1873,-1639503.5832,373904.8999,1601924.8814,4631.4470
2023-11-17,101438.9426,-46869.8671,1303979.2286,-720824.0103,0.0000,0.0000,0.0000,0.0000
2023-11-20,45987.2512,-33872.1194,680185.1215,-594656.0938,0.0000,0.0000,0.0000,0.0000
2023-11-21,49092.6341,-34720.3942,731607.8529,-579547.1438,-184372.4198,-61859.0309,1454534.3816,72225.5348
2023-11-22,51428.7937,-36594.2971,752873.4546,-581302.6745,0.0000,0.0000,0.0000,0.0000
2023-11-24,58211.4112,-36657.2428,801441.5755,-583140.8203,-203242.0660,-62074.5469,1450197.7213,30268.4449
2023-11-27,60070.2768,-36553.8980,823208.0146,-565082.9861,-209183.0532,-59893.0675,1479858.8547,4007.0129
2023-11-28,60771.9889,-37569.9044,808743.4624,-575307.1642,0.0000,0.0000,0.0000,0.0000
2023-11-29,63101.7936,-42663.6947,857039.2128,-596936.1631,0.0000,0.0000,0.0000,0.0000
2023-11-30,66017.8309,-45430.5931,922147.0137,-601688.1781,0.0000,0.0000,0.0000,0.0000
2023-12-01,66396.4890,-39916.4032,1041243.6915,-517526.3873,0.0000,0.0000,0.0000,0.0000
2023-12-04,61987.9448,-36009.5301,1224716.7035,-452587.3025,-175978.6668,-21764.3690,1049577.3766,-304090.9518
2023-12-05,59959.6975,-34762.0279,1271315.9325,-437784.3051,-100534.8363,6740.5993,465599.8912,-290171.0944
2023-12-06,63400.7930,-36511.0861,1259614.2159,-460045.9045,0.0000,0.0000,0.0000,0.0000
2023-12-07,62672.6319,-36466.9461,1279175.8478,-447820.3059,-172933.1561,9024.4031,1073154.7486,-311725.9339
2023-12-08,65213.2563,-36360.5904,1312736.5136,-454320.4182,-150474.3904,21272.2394,965974.8906,-308760.8885
2023-12-11,63481.5286,-35802.0348,1371194.1520,-431862.9678,0.0000,0.0000,0.0000,0.0000
2023-12-12,63026.7955,-32883.4589,1545525.9331,-389208.4049,0.0000,0.0000,0.0000,0.0000
2023-12-13,79081.2590,-33502.9586,1663908.1394,-378504.9374,267067.3538,421316.0940,695995.0326,-360836.5114
2023-12-14,54140.5097,-19292.6830,2193012.5050,-209309.1270,0.0000,0.0000,0.0000,0.0000
2023-12-15,47708.1591,-14779.4614,1409968.6973,-189839.2756,-131661.5799,587312.6100,303993.3536,-387156.3077
2023-12-18,44780.5576,-17927.6128,1308442.3251,-214682.0791,,,,
2023-12-19,47769.0502,-21682.2530,1239618.9505,-251632.1032,-164641.7484,-473.5602,614072.2418,-568311.2358
2023-12-20,50313.5498,-22409.1526,1274487.5954,-259232.1139,,,,
2023-12-21,49781.3231,-27488.0615,1147335.7283,-334883.5825,,,,
2023-12-22,51798.4960,-29137.9318,1168948.2136,-358525.9194,,,,
2023-12-26,53106.0098,-32007.8672,1258090.5522,-369715.1637,,,,
2023-12-27,55074.5294,-31338.3385,1284213.8276,-349629.0002,,,,
2023-12-28,57173.5566,-31077.9213,1315063.7924,-339811.5323,,,,
2023-12-29,56906.0546,-31691.6206,1312763.2461,-347825.4310,-213450.0487,12951.9790,709935.0163,-557962.2850
2024-01-02,57195.2573,-34425.8636,1249464.1857,-377655.4521,,,,
2024-01-03,59157.3239,-32631.3760,1347743.1140,-345269.3632,,,,
2024-01-04,58039.0647,-43068.6847,1143619.4890,-485574.6804,-282470.5382,12557.3727,820084.0336,-456290.5020
2024-01-05,59649.9807,-44387.8329,1157419.4798,-506736.3005,,,,
2024-01-08,61394.5837,-45744.0483,1172596.4244,-512727.0189,,,,
2024-01-09,66208.8182,-40185.6737,1324781.1897,-413317.2769,-335122.3177,81924.4340,773265.4233,-470065.3710
2024-01-10,67756.3764,-41558.2358,1312882.5154,-419296.6735,-358963.7211,105186.7735,761269.1837,-498749.2287
2024-01-11,72159.9842,-41442.7696,1364763.3765,-423451.3262,,,,
2024-01-12,72616.5669,-48945.1310,1225050.2058,-517178.1762,-531241.8248,138311.7937,997087.1785,-460126.1752
2024-01-16,75318.3648,-49713.2132,1240790.0298,-512468.2149,,,,
2024-01-17,60743.9885,-66109.7603,971725.3077,-798958.8996,-2069336.6425,652191.0779,1100195.8922,-146837.5285
2024-01-18,56283.1627,-67131.5502,904240.8305,-785533.3710,-3765270.5302,1632501.8612,1172318.2107,-199574.4420
2024-01-19,55248.0280,-73621.8611,935529.2693,-690854.2620,-2004061.9142,1967275.5288,1242433.7940,-330808.6148
2024-01-22,41116.0400,-39166.5357,793050.6294,-494592.9930,,,,
2024-01-23,43832.4353,-39904.6950,829711.3385,-480574.1245,,,,
2024-01-24,47591.9727,-42152.3578,842225.8018,-509703.1071,,,,
2024-01-25,46261.6300,-48995.5728,716469.4392,-647358.5348,-222958.5069,-70729.4941,1000401.5306,-159579.6353
2024-01-26,48193.8233,-47174.7984,760745.3009,-610946.4103,,,,
2024-01-29,50360.6393,-46075.1391,803185.1172,-587557.9447,,,,
2024-01-30,53534.8001,-44985.7343,851263.7808,-547457.6250,-250916.8163,-41808.3123,926577.2166,-248222.8392
2024-01-31,53337.7921,-48635.6254,796894.8930,-594616.7967,,,,
2024-02-01,61088.3610,-46415.8753,932778.6034,-542033.5539,,,,
2024-02-02,68167.6246,-41404.4362,1098113.6142,-457688.9864,-279057.8288,-1880.1544,876145.1378,-333673.5948
2024-02-05,67183.3288,-46115.4766,1000442.9592,-514096.6089,,,,
2024-02-06,63467.6295,-50743.7609,904798.4408,-578095.6005,,,,
2024-02-07,71739.7334,-43626.3915,1118857.6569,-456789.3814,,,,
2024-02-08,71673.6695,-48392.8214,1024180.2637,-504864.1703,-407155.9204,51892.8250,982526.3475,-338029.7433
2024-02-09,76932.7900,-42004.7410,1229223.3177,-403509.8456,,,,
2024-02-12,79036.0443,-41651.9959,1284615.4470,-393451.8847,-475329.6030,397633.7597,713597.0995,-353617.9527
2024-02-13,78576.8227,-42861.7257,1203803.9130,-404168.8218,,,,
2024-02-14,81377.5921,-40859.1479,1241906.9821,-396173.2246,,,,
2024-02-15,81428.2908,-48511.7706,1103317.6314,-414911.1156,,,,
2024-02-16,86761.6342,-34101.1901,1291428.2115,-325163.2605,,,,
2024-02-20,46936.8059,-13756.0629,805437.4104,-250673.6558,,,,
2024-02-21,49206.3658,-14841.4477,845885.5961,-258481.7355,,,,
2024-02-22,49473.1890,-15785.8774,812938.9721,-273224.9468,-150954.2307,-16584.7326,661836.8132,-149749.5942
2024-02-23,53142.7274,-15505.2831,864090.3410,-257663.6470,-148866.8705,-15193.5738,613392.6695,-183314.2843
2024-02-26,54721.8192,-15970.6555,852130.1151,-259290.4341,-160216.8067,-15325.2251,643131.7227,-198771.0494
2024-02-27,55932.4854,-16735.7750,867677.1916,-263605.3901,,,,
2024-02-28,55006.0787,-17461.8507,815057.4037,-272817.5012,,,,
2024-02-29,58231.1258,-17030.5017,859564.5860,-267219.9922,,,,
2024-03-01,55573.7035,-18981.9186,792846.2686,-297412.6336,-233051.0621,-14648.2007,818512.1838,-191499.6547
2024-03-04,63763.8821,-17009.7900,946670.0773,-259774.9688,-193290.7149,-8408.3689,605549.8697,-216754.7177
2024-03-05,62696.1068,-17700.7560,900216.6883,-274088.0099,,,,
2024-03-06,62828.0238,-19191.5486,876526.2057,-297400.9326,,,,
2024-03-07,65168.3145,-19604.2178,875412.7680,-297312.3870,,,,
2024-03-08,67617.3526,-19779.7846,885746.1173,-297110.4452,,,,
2024-03-11,82357.4127,-18261.0492,1064482.3679,-266350.8101,-303408.5942,14880.2200,656335.5292,-203878.4326
2024-03-12,83239.9244,-20501.2451,992143.5121,-290605.3872,,,,
2024-03-13,100919.9787,-21213.5568,1065608.7876,-288385.6081,,,,
2024-03-14,85998.8116,-23576.0180,916863.9521,-317541.3737,-1829681.7840,357234.9347,842324.7625,-204885.0818
2024-03-15,60512.7270,-28078.7070,726677.7274,-381368.8057,,,,
2024-03-18,34599.7604,-20249.4346,664584.8940,-368908.5218,,,,
2024-03-19,34739.9530,-23164.9947,629333.8521,-401675.6787,-150135.1606,-35899.8085,1056355.3996,-98077.4142
2024-03-20,35568.2845,-24373.1864,641261.6693,-407502.2000,,,,
2024-03-21,38658.5448,-23694.7867,702653.2724,-372764.3493,-139869.6722,-33071.9628,921842.1371,-172586.3615
2024-03-22,41427.9698,-23756.4510,730708.9586,-371698.0989,,,,
2024-03-25,39375.1310,-25301.5227,676514.4801,-408267.7019,,,,
2024-03-26,38871.9372,-26046.0745,656229.8634,-424268.7494,-168284.6102,-40678.4387,1033290.0083,-125175.4585
2024-03-27,34606.1718,-27844.6349,586606.7356,-469634.9416,,,,
2024-03-28,39926.6562,-26311.8575,686007.2363,-402749.1871,-157836.4718,-38740.8014,917909.1401,-171593.7944
2024-04-01,43738.5844,-26140.7113,746198.4741,-391207.6850,-161902.4074,-35360.0486,804364.1979,-185340.2602
2024-04-02,38617.0326,-28769.4230,626253.8656,-476528.8020,-466.8651,,1036.2152,
2024-04-03,36346.3167,-30039.8495,578898.6799,-518524.0324,,,,
2024-04-04,37813.6375,-29998.7767,610038.4357,-493772.3835,,,,
2024-04-05,35921.3000,-30717.5613,577183.7978,-551416.0664,,,,
2024-04-08,43972.5947,-30943.2348,641919.9033,-543013.1416,,,,
2024-04-09,47378.0786,-31027.5190,700437.4706,-506800.3994,,,,
2024-04-10,42573.4791,-32241.9544,599153.4900,-582424.8925,-316468.8169,-68826.5584,945219.2476,27709.3864
2024-04-11,36219.9551,-34546.2486,496433.5998,-701598.7186,-411192.6315,-93731.5376,1394949.5364,122528.0771
2024-04-12,35193.9130,-35698.2187,473139.1007,-721275.9732,-463834.9144,-97670.6648,1405456.0909,116528.4887
2024-04-15,33384.9212,-34903.7372,464451.6804,-761062.8816,,,,
2024-04-16,26554.3216,-35097.0007,400548.8340,-797338.3911,-972224.1435,-186798.8093,1452019.9855,216469.1564
2024-04-17,19908.1614,-34801.5250,313703.3130,-1015017.5637,-1559414.5254,-359716.2132,1427922.0948,387534.0690
2024-04-18,49064.3556,-57439.5771,377891.3785,-937809.2385,-2873759.9068,162832.8385,1684321.8534,339528.6948
2024-04-19,31329.7353,-98390.0498,306979.0674,-1108191.4221,-32232098.6581,-352456545.9477,1439850.7861,512760.6782
2024-04-22,17726.0082,-31766.2237,317223.8526,-1014460.6343,-256375.8765,-73920.1415,1796747.7763,532951.2368
2024-04-23,22087.1064,-37068.7320,353768.6166,-991766.1913,-95000.7871,-70267.7305,796493.1145,400349.6117
2024-04-24,41948.2785,-38531.0866,532042.9568,-986359.1854,-319911.8949,-73295.8566,1801884.0743,382607.2348
2024-04-25,41576.0190,-40708.9581,473269.8303,-1072353.6943,-241991.0588,-23949.1162,1123818.3856,41232.5172
2024-04-26,43773.7377,-41105.9940,503370.2502,-1050937.3434,,,,
2024-04-29,59311.8225,-43168.9222,688535.5198,-1052711.2210,-424804.0714,-82987.8244,1904843.5928,398967.6258
2024-04-30,61638.1419,-44628.9559,684021.7964,-1065371.1036,-454187.2330,-88291.7258,1963164.2877,401316.8286
2024-05-01,59610.6015,-49933.4505,594079.1069,-1167607.4089,-497393.9814,-102153.9302,2023682.4590,474921.4025
2024-05-02,66258.3100,-52515.6138,671477.9590,-1148487.4407,-534515.8401,-103501.7089,1963909.1002,410344.2436
2024-05-03,75297.0978,-48721.8925,938377.6043,-968585.5630,-422774.4973,-78180.5355,1300644.1350,190737.2507
2024-05-06,78659.6232,-49484.7334,971817.7341,-953142.2898,,,,
2024-05-07,80840.6331,-54145.5520,814034.4150,-1064908.1663,,,,
2024-05-08,82047.0537,-52701.2237,1002686.8616,-955732.4495,-623659.1718,-70938.9755,1624699.8022,83916.0415
2024-05-09,84747.8768,-54549.3144,897132.0098,-1050383.5880,,,,
2024-05-10,80277.2695,-49590.2208,1130644.7564,-896998.6336,,,,
2024-05-13,88540.8636,-52789.1049,1048028.9110,-957527.4442,,,,
2024-05-14,90184.7135,-54527.7504,1066288.8540,-980262.9540,,,,
2024-05-15,9322.2337,-13826.7077,175206.1190,-448832.8179,,,,
2024-05-16,89146.4025,-51439.9769,1265183.2140,-846149.3978,-1293240.2193,462205.0634,950112.8863,-165875.9591
2024-05-17,88823.9153,-50932.2249,1305360.1220,-826166.9949,,,,
2024-05-20,42728.6677,-36358.6862,823722.8224,-731349.3250,,,,
2024-05-21,46419.8090,-35985.6799,869481.1160,-716879.8687,-105135.0100,-37215.4976,907697.3424,-132306.9713
2024-05-22,47237.5767,-39460.1787,805862.2888,-788495.4801,-119572.2847,-42423.6578,1100746.7393,-24876.3885
2024-05-23,47410.2111,-40786.7924,779613.2521,-821669.3462,,,,
2024-05-24,43558.6265,-45989.6624,638906.7434,-990421.6781,,,,
2024-05-28,46252.1433,-47460.9779,661975.1953,-1006700.9835,-159963.6851,-61635.6253,1439995.8087,241854.1868
2024-05-29,43797.2469,-49762.7640,631884.6270,-1065264.2667,,,,
2024-05-30,47781.6068,-48221.5989,716886.7710,-1017291.7342,-165499.5322,-63732.5291,1417505.5503,289870.1593
2024-05-31,51668.7821,-45766.8782,819814.2946,-949790.9293,-156871.5674,-53740.0866,1297690.8103,213819.1697
2024-06-03,55101.7310,-41110.4812,966794.2587,-823637.7364,-153482.7547,-29476.9823,1127079.6765,66919.9824
2024-06-04,55463.3373,-47408.0923,809294.3150,-980097.7242,-194879.7868,-48882.5140,1330083.9788,210632.8354
2024-06-05,59924.6147,-45252.1474,917088.5232,-902763.6618,,,,
2024-06-06,61502.7139,-47354.1815,904875.0872,-916252.1436,-196088.8496,-31576.1546,1278994.0413,102675.1385
2024-06-07,64142.3273,-48204.3977,927849.3906,-921087.9785,-195114.8299,-19751.5375,1169156.2207,24282.9297
2024-06-10,67855.7795,-45901.9163,1034096.0915,-846808.1865,,,,
2024-06-11,68720.9588,-46007.7118,1038933.4005,-845565.7269,-225744.6935,6175.6808,1243269.0757,55332.7946
2024-06-12,70581.5804,-38161.5828,1283272.6987,-693617.1324,,,,
2024-06-13,76980.7312,-42725.5328,1176846.1065,-760971.5492,-212166.9067,76561.3621,1064574.0211,-113030.5513
2024-06-14,76518.6354,-46229.3642,1077537.0638,-818756.7792,-253517.5702,82330.9458,1182877.4632,-35401.1420
2024-06-17,75321.7044,-46126.9576,1032900.6664,-817111.9394,,,,
2024-06-18,67932.1955,-52326.0743,1002975.3048,-837743.2860,,,,
2024-06-20,70566.2970,-68356.8756,942340.8708,-898752.6650,-447412.2675,299085.5572,1315204.4818,33897.3117
2024-06-21,71357.4324,-78402.1707,887314.1305,-934469.6442,-32080229.6334,-50738240.7333,1220786.5184,190692.9342
2024-06-24,45056.6828,-38116.2483,821168.6091,-830311.7182,-156121.6960,-54219.2137,1266476.4750,174850.3564
2024-06-25,52800.0979,-39173.9447,946208.9093,-761658.6358,-182996.3803,-58179.6549,1254865.9334,69702.4189
2024-06-26,51276.4830,-41614.3702,850608.4667,-837085.3810,,,,
2024-06-27,53163.8365,-41890.2560,889293.2814,-826472.8936,-208952.3295,-65337.3027,1345912.3494,126162.9275
2024-06-28,56769.7415,-42042.8742,947475.8596,-798773.9676,-209283.9833,-61804.2502,1309000.0211,73972.4115
2024-07-01,59385.3273,-40401.7934,1009861.3335,-755566.6087,-220046.7940,-56213.9969,1208457.6921,44423.0908
2024-07-02,59618.8967,-41200.7703,991833.8776,-769839.5145,-225446.4551,-57371.3089,1223189.1198,37675.6143
2024-07-03,71933.7609,-45055.6791,1148933.3076,-788051.3102,,,,
2024-07-05,71984.9948,-45597.1039,1159939.1844,-790593.1317,,,,
2024-07-08,76749.9980,-43333.0513,1256349.6181,-736769.9242,-262012.1879,-49853.5454,1476495.9368,-88922.5018
2024-07-09,77416.2265,-48862.9228,1257799.8942,-832275.0244,-285707.0894,-73035.2470,1467358.1315,-26847.9266
2024-07-10,77689.9426,-49444.2725,1256705.1139,-837190.9155,,,,
2024-07-11,82117.8907,-44086.9257,1549637.4828,-667478.3847,-191007.4354,-30600.5954,769508.6896,-153454.7402
2024-07-12,75556.6276,-44863.6246,1708044.5441,-575694.9861,-114677.2581,-28565.3246,361800.2832,-216720.1246
2024-07-15,76341.3619,-86363.0261,1628155.9353,-926629.0675,-207872.7885,-121750.5314,784735.5558,-153917.4046
2024-07-16,76279.1677,-88200.2696,1688223.5886,-838804.1843,,,,
2024-07-17,77355.3707,-91401.3536,1746652.2608,-929606.2599,-301758.0377,93773.6729,751452.9941,-179616.0057
2024-07-18,86411.7562,-98690.8415,1879632.6968,-702376.8131,230201.4588,1817158.1142,523839.3586,-541204.7406
2024-07-19,89717.6325,-116354.9905,1809783.9290,-706068.0452,,,,
2024-07-22,59762.8505,-33496.5356,1592940.7633,-488744.2797,-188713.7797,-34863.6092,685405.8296,-315252.0350
2024-07-23,61344.1889,-32680.6328,1665108.5659,-444177.5708,-177317.0491,-18797.4556,624669.7323,-457944.0892
2024-07-24,63753.3920,-35537.0294,1622447.5089,-485107.7854,,,,
2024-07-25,64742.5285,-39825.7490,1507874.6139,-582868.3524,-229692.5267,-42318.6453,868696.8740,-279254.7969
2024-07-26,65408.1091,-42167.0219,1425847.9401,-634303.0295,,,,
2024-07-29,68061.4622,-42999.0709,1472604.1460,-622406.0947,-282842.1364,-54362.1403,972260.6950,-146888.6559
2024-07-30,68659.2958,-42749.2303,1522333.8602,-588115.8033,-267007.9495,-35365.7022,856135.9327,-271912.2347
2024-07-31,70278.7113,-39362.8385,1738554.9318,-508359.4897,-242286.6655,-20525.0898,704665.1293,-398018.0921
2024-08-01,72720.9510,-39493.7502,1772220.5932,-506648.9590,-150576.5640,-2914.4458,456980.2357,-194862.3218
2024-08-02,78198.3948,-40192.5627,1856304.2527,-533049.2473,,,,
2024-08-05,77810.4928,-46729.2626,1664458.1386,-705706.9960,-324699.1844,-39711.6097,961844.2693,-109845.3572
2024-08-06,70518.0905,-50282.8897,1400495.3869,-943604.5998,-452457.1100,-81090.5936,1145242.9261,203360.5772
2024-08-07,84491.0481,-58435.4012,1525448.2833,-881798.2822,,,,
2024-08-08,84458.8554,-60225.3822,1496129.2427,-924163.6571,,,,
2024-08-09,92728.4353,-61660.3970,1596028.5421,-840793.1346,-595172.4033,-38239.2703,1280540.1300,41150.0409
2024-08-12,90768.9386,-65493.6648,1456699.2720,-904955.8470,-565508.9359,14058.1021,446484.1939,-5465.7188
2024-08-13,89305.0381,-67968.8439,1411142.1542,-953932.8981,,,,
2024-08-14,109197.5707,-66009.8619,1633367.8510,-790166.6664,,,,
2024-08-15,115602.9581,-60639.0605,1652600.4051,-732219.5646,,,,
2024-08-16,133867.8210,-69131.0596,1789919.2148,-652241.3196,,,,
2024-08-19,54741.0608,-37759.7026,1167001.9184,-624672.1344,-136743.1541,-49266.3039,690828.9691,-136937.1092
2024-08-20,59391.8619,-35637.8329,1293973.0162,-562227.5774,,,,
2024-08-21,66922.1082,-37087.8058,1338139.8208,-603178.6570,,,,
2024-08-22,66396.6370,-36769.7554,1369924.8488,-599975.4646,,,,
2024-08-23,67960.3820,-34732.7318,1479851.0975,-573644.0767,,,,
2024-08-26,73200.4851,-30928.4515,1707425.1640,-473144.0673,,,,
2024-08-27,74156.5185,-33110.5639,1678441.6770,-503842.7576,-160463.1776,-41654.5272,562296.5946,-248040.3557
2024-08-28,77782.5203,-32997.8587,1682731.8837,-497448.1558,-172045.5842,-39357.9072,629421.8674,-265485.7644
2024-08-29,76497.8765,-37056.0348,1535593.8793,-572231.8883,-194851.9927,-48383.0002,793461.1836,-205295.7510
2024-08-30,78676.0460,-37713.1029,1502432.3217,-587725.4803,-207466.7355,-48711.8783,812038.6371,-196855.8979
2024-09-03,80152.4575,-38693.6434,1540619.6197,-568751.2825,-213306.2284,-41493.2647,774871.7415,-241624.5325
2024-09-04,79962.4868,-33823.2665,1711797.2818,-516568.7722,-190788.8841,-30664.5797,573092.5132,-215028.9141
2024-09-05,84144.0313,-34041.4932,1739317.8587,-511542.8045,-197177.9988,-30377.2325,573318.4317,-206271.3538
2024-09-06,82886.0309,-37542.7108,1600389.1313,-569169.9008,-229051.3154,-35473.4595,780846.1217,-189183.3750
2024-09-09,82465.0408,-36868.0691,1631573.4548,-573398.5065,-250332.5649,-23029.7526,760338.7671,-145173.3623
2024-09-10,84694.6413,-31985.2721,1923666.2024,-461008.0286,-186279.7765,2949.9724,429005.1555,-233451.7893
2024-09-11,88894.4653,-33581.7573,1847485.6525,-491104.7005,-223932.2789,6280.7521,601301.4826,-207792.5855
2024-09-12,89269.6753,-34487.3898,1905849.2661,-486703.5274,-141252.0890,40708.8985,408520.4895,-163857.2700
2024-09-13,92165.5598,-32738.4055,2018939.5841,-450230.7768,-183491.1157,36358.1535,341920.9564,-254352.5902
2024-09-16,80724.8988,-42002.8641,1659147.6507,-524790.0684,-339606.6929,58486.2763,758070.4540,-184687.9350
2024-09-17,81321.7928,-44401.5342,1634567.4616,-524329.7452,-394618.2229,166904.6875,591031.2125,-205080.0050
2024-09-18,81164.5917,-44498.9948,1548858.7463,-573641.6390,-632680.5758,225455.9505,854482.6243,-192632.6767
2024-09-19,79872.7819,-52266.3749,1536944.8670,-580868.1863,-1234508.0272,614635.5923,811132.4519,-190337.3356
2024-09-20,83569.9755,-50753.1696,1427865.1685,-609020.3993,-4354837.5046,2725710.1512,918949.1590,-194759.6058
2024-09-23,64308.6765,-31472.1977,1356665.3340,-525677.7988,-195811.5075,-51858.7828,853666.9021,-191217.3564
2024-09-24,67183.3448,-32833.1625,1334181.1438,-539857.3940,-207488.7281,-52411.2963,845085.8499,-194916.2134
2024-09-25,69469.8838,-33255.4417,1374300.7394,-528787.3949,-217734.7138,-50914.9201,917091.4087,-241622.7792
2024-09-26,67951.0716,-34765.4177,1278084.7709,-569250.7274,-243801.4174,-56228.5108,1057546.1169,-175981.0209
2024-09-27,69692.0697,-34662.5604,1316104.3697,-566848.3586,-250151.6798,-55744.2070,1035505.0576,-164271.3840
2024-09-30,67281.1819,-36009.1495,1240239.2218,-605902.4660,-278141.6622,-55896.5013,1099053.2211,-156840.4869
2024-10-01,72481.0120,-34664.2550,1335150.9350,-559955.4123,-270728.6824,-52969.1298,995602.5941,-185606.4461
2024-10-02,63578.6403,-38922.7821,1134683.1393,-682451.3040,-322053.3074,-65554.6218,1247079.5967,-61664.8766
2024-10-03,67255.3682,-38783.6954,1191048.1721,-655664.1052,-278111.3241,-29263.8258,944129.7172,-153628.2549
2024-10-04,62628.1621,-40941.5582,1067087.5567,-723749.4251,-345099.5722,-35126.2095,1217593.0184,-43485.9563
2024-10-07,60858.3155,-43406.1178,1034917.9447,-751945.8776,-432358.3278,-73694.9902,1322860.1121,-30895.5060
2024-10-08,59284.6376,-44300.5838,1000919.9322,-779895.8669,-480468.9197,-79557.1219,1392539.0439,-6712.6475
2024-10-09,54431.3703,-52499.1398,906399.3518,-914111.8679,-550438.7062,-103441.1204,1479356.6322,54313.0546
2024-10-10,57621.2756,-54987.9701,910298.7069,-919799.6458,-532506.6510,-40702.2268,1041574.1506,-109025.5561
2024-10-11,58967.4854,-55098.1693,929927.7557,-891277.9820,-605364.2298,-31786.1391,1335553.0283,-186631.2515
2024-10-14,64862.7565,-53013.3890,1021742.9651,-814494.8777,-966594.2308,-80575.3587,1306146.2141,-72985.1984
2024-10-15,68243.1805,-52076.4445,1070863.9689,-767467.8331,-1212139.2393,-47023.5206,1264806.6052,-139303.8386
2024-10-16,78247.5058,-48804.6027,1203885.0302,-718963.1184,-1809551.9719,94047.7331,1099248.9881,-111778.4867
2024-10-17,97069.6568,-44701.7691,1379358.7161,-565107.0572,-2812131.5137,446953.0274,1065975.1452,-371697.6251
2024-10-18,67131.8572,-53760.8969,1137475.2382,-705837.3896,-10785989.0172,1193766.4889,1095083.5875,-334548.5212
2024-10-21,54468.9865,-47038.6485,1014879.2451,-736824.9856,-217859.5903,-61604.0184,1057726.5508,-145104.7539
2024-10-22,52567.8223,-53468.4511,882468.1419,-919832.8084,-248408.7823,-85401.7583,1263713.0474,11427.6959
2024-10-23,54545.1612,-56761.1021,949694.6760,-882236.1459,-242233.0193,-61863.4700,1118461.7542,-211552.9055
2024-10-24,57456.6573,-54644.0700,1053199.9515,-845251.7419,-256755.6431,-71410.7506,1230139.5378,-150321.5631
2024-10-25,60363.2894,-55826.8033,1052109.9136,-849657.5809,-267452.0338,-72918.1225,1220144.5027,-142162.5399
2024-10-28,57771.6707,-59624.0192,954416.1709,-938790.6896,-307931.1200,-74094.8108,1285488.0470,-110271.4256
2024-10-29,60205.2400,-62269.9382,941566.5990,-997297.0913,-325258.9712,-89474.4086,1310866.7374,-31747.4918
2024-10-30,58494.2272,-65932.7693,855556.1295,-1074505.4318,-364465.9293,-111512.4623,1443679.4817,99866.6893
2024-10-31,55415.5980,-68622.5734,807227.8880,-1110582.5958,-390903.5989,-65982.0218,1461244.1587,-69008.7095
2024-11-01,53965.8263,-68200.3849,777086.3730,-1122831.4570,-432776.8886,-108733.9155,1646797.7201,197142.9230
2024-11-04,55916.7467,-69005.6830,790231.5101,-1166107.0009,-494704.5530,-91793.2971,1490180.0463,207459.7023
2024-11-05,55212.0612,-75238.4131,745055.1567,-1234668.9672,-539374.1324,-108388.9691,1509233.5648,270532.2218
2024-11-06,72048.9886,-63486.2872,919759.1973,-1041819.2642,-501160.6294,-22141.4686,892867.6512,96965.7035
2024-11-07,59535.6448,-77033.5888,779078.1226,-1118591.6617,-372174.5437,-37324.2017,874941.8678,45040.1541
2024-11-08,60716.5072,-78229.2880,767559.0337,-1114799.0359,-728506.7059,-41256.9383,1645860.5801,34637.6574
2024-11-11,66116.7897,-67771.1067,925733.8546,-929074.1019,-479328.0597,53515.4781,455511.2349,47218.4351
2024-11-12,62686.0044,-75235.4705,836290.3574,-1043200.9084,-1275029.0058,288778.8624,1410616.9008,-54916.8837
2024-11-13,61300.2832,-79556.3506,816948.2503,-1109652.6441,-1796583.4504,440662.2689,1397339.4897,-91614.1948
2024-11-14,70946.4892,-72490.6949,922321.3493,-994377.9787,-3193690.5708,1266798.2478,1233702.9407,-152791.6588
2024-11-15,57488.0690,-85817.9961,824888.5593,-1121698.3676,-7504335.3282,3852348.8779,1113005.4273,28431.3548
2024-11-18,33434.4438,-55964.2649,514054.3095,-1067338.9570,-153655.3477,-99960.8842,1106833.5943,176601.4693
2024-11-19,35898.1868,-57347.1975,536824.6158,-1043934.0358,-159002.0662,-100316.8068,1105816.9324,131190.2960
2024-11-20,41577.1945,-60620.7816,594260.4267,-1024543.5781,-171865.4546,-98200.3096,1173233.0289,11461.2076
2024-11-21,42707.8672,-60327.0466,606268.4248,-1028379.7895,-178322.7017,-99173.7385,1194414.3758,22849.0234
2024-11-22,46773.3799,-59569.4132,637691.8446,-993504.9676,-183811.8285,-94547.0701,1163636.2499,-32015.6264
2024-11-25,52020.8677,-55529.6388,746138.8978,-860142.9406,-180234.2828,-81300.6354,1011713.7332,-175207.7281
2024-11-26,53757.9129,-55021.1672,767057.0350,-833197.9103,-183604.0337,-76196.0839,979865.9055,-236565.4867
2024-11-27,53494.3210,-57885.0115,753762.3846,-857175.9523,-190260.0416,-81530.6173,1003708.2533,-203080.9041
2024-11-29,56373.6017,-54752.4706,804200.1949,-806578.1587,-193586.1656,-73173.7237,962572.3630,-247447.8276
2024-12-02,52917.6603,-60770.2788,699506.7745,-901389.5783,-223018.1457,-85667.4814,1112681.0911,-163638.6094
2024-12-03,53755.4151,-64170.1799,666323.5472,-923502.8933,-236492.1567,-87919.4489,1159118.1994,-177729.1683
2024-12-04,55288.1922,-63068.7082,680290.3450,-918463.8821,-236580.1866,-84123.1980,1104361.5708,-181211.2309
2024-12-05,50803.2318,-71207.0007,592281.1400,-1052085.8919,-266903.2999,-104996.5677,1264997.1672,-92130.9379
2024-12-06,47794.3779,-73855.9267,569998.5923,-1093802.7328,-274235.8876,-110979.4421,1310819.0199,-71843.5438
2024-12-09,50880.1515,-73203.7683,568116.3842,-1100595.2785,-300764.9668,-107089.2938,1214497.8402,-18409.2664
2024-12-10,55809.2664,-69648.1281,627049.3002,-1015062.5296,-304066.6982,-84998.2303,1181020.5385,-104014.1781
2024-12-11,55519.3324,-73375.8404,591355.5235,-1109365.9344,-336607.6777,-106111.8249,1209108.6434,5524.1784
2024-12-12,46436.8618,-81934.3833,520881.3505,-1220351.4999,-377382.7149,-131009.6976,1342821.8831,50875.9268
2024-12-13,45490.2804,-80959.7428,501011.0708,-1273820.7279,-419646.7917,-147709.9417,1317292.5521,132056.2348
2024-12-16,44251.6097,-96102.5813,477254.8413,-1403558.8491,-610452.5549,-202137.3659,1388262.5498,292363.1978
2024-12-17,41950.5185,-99401.3630,459141.9970,-1399930.1267,-815076.2933,-266861.9610,1469684.1791,233943.6392
2024-12-18,38688.2162,-96678.6273,428551.5217,-1363888.0520,-1143028.7526,-265149.2617,1646729.5154,227394.9505
2024-12-19,28849.9502,-76360.4281,330588.2713,-1451176.7675,-2135847.6442,-688199.7675,1723514.1905,423430.5404
2024-12-20,21198.6216,-33264.9226,320063.9727,-1145339.0379,-6631153.7193,-1011381.9187,1630894.8770,407110.6364
2024-12-23,24647.4764,-62708.9783,327456.5717,-1271907.9845,-275446.0716,-132322.5512,1498995.9469,391223.1320
2024-12-24,25205.1162,-63867.6151,335173.4228,-1242743.5848,-206947.6380,-130500.3042,1123751.0239,381290.7030
2024-12-26,27271.1481,-66313.3222,345797.0643,-1243821.6964,-309626.9629,-139082.1118,1558521.1209,334970.2140
2024-12-27,30936.9913,-66966.1990,397732.7592,-1157032.1531,-312623.3430,-125505.2194,1507878.9866,207817.3965
2024-12-30,28808.6222,-69620.1067,364231.9843,-1227210.4788,-353586.0159,-137155.1221,1485019.5059,277034.7149
2024-12-31,30262.8499,-66063.4212,394960.0184,-1098664.5548,-356294.1519,-114443.8755,1564061.5024,175375.9613
2025-01-02,33009.2287,-66129.8567,413975.5643,-1107239.2175,-392316.0637,-122433.1218,1504066.5921,208510.2309
2025-01-03,31647.0121,-68499.7173,388609.5870,-1203990.5461,-429827.7779,-138705.7761,1496088.9035,286378.1547
2025-01-06,36660.7635,-69346.2162,440967.9497,-1122216.2456,-495822.3804,-134519.0562,1389633.3611,230243.4196
2025-01-07,40290.8888,-71145.4020,494541.7984,-993637.4581,-515023.9835,-97790.7920,1363565.1863,91615.5100
2025-01-08,38720.5984,-69672.8464,475732.8611,-1026745.2013,,,,
2025-01-10,32271.3838,-73145.4943,394604.7535,-1221373.4698,-678059.7743,-165807.9886,1439074.5085,282751.0385
2025-01-13,35094.5836,-70644.9577,409092.7957,-1174178.7955,-1104103.7084,-151988.9933,1290585.3344,226509.5557
2025-01-14,35477.0920,-70867.5259,432266.6726,-1059475.8144,,,,
2025-01-15,47765.1612,-60455.8974,668519.7063,-717853.2916,-205153.3220,-31654.1502,275067.3034,34268.1192
2025-01-16,47751.7953,-69877.0100,525862.6168,-890200.9093,-1341219.3524,532814.9964,1059758.2296,95292.5139
2025-01-17,56610.8506,-60834.3309,704343.3601,-663401.8756,-7182473.7316,4670438.4739,866360.4035,-139703.2396
2025-01-21,33789.1902,-37757.5196,539346.2468,-606268.6583,-132193.6401,-42124.2832,803226.9798,-147116.0890
2025-01-22,50931.2642,-34516.7768,685462.8181,-461809.0135,-215106.5351,-30701.5006,995870.2573,-523588.8346
2025-01-23,44848.0114,-35181.1756,712495.9639,-503804.6799,-151864.8368,-27640.1080,925480.7422,-327108.8990
2025-01-24,51557.7777,-31103.6935,866820.8758,-439452.4979,-139353.3983,-16910.9358,710333.5779,-345604.3617
2025-01-27,51821.2805,-27764.1346,974892.0110,-402575.8993,-131745.7324,-4917.6406,594293.7839,-337305.1028
2025-01-28,53834.3829,-25962.0613,1080169.1363,-372741.4746,-132283.8802,-1816.7949,591415.2415,-350395.9894
2025-01-29,55810.3925,-29451.7281,1035350.7220,-420649.3186,-105313.0210,-3987.8567,358239.2511,-273456.2109
2025-01-30,57106.1267,-29227.6005,1076506.7667,-414288.4026,-149535.0220,-2399.5532,644088.1487,-338828.8499
2025-01-31,57947.6087,-32006.3349,1043854.0502,-455434.8173,-159871.4886,-7511.3082,702919.8643,-289262.7306
2025-02-03,52855.9663,-41815.9080,791342.1028,-623419.4119,-225905.1593,-24759.9548,1055075.0582,-152894.5299
2025-02-04,57421.7189,-38995.5822,878277.8084,-572920.7572,-212627.0675,-14411.5132,905477.9204,-170179.5818
2025-02-05,63302.3509,-34614.5775,1023524.0536,-483311.9254,-194878.0845,11998.6449,729745.7427,-270366.8942
2025-02-06,62045.1251,-38502.3344,995564.7008,-523550.9116,-206439.6326,1177.3723,780406.2881,-239062.1457
2025-02-07,62967.8385,-38443.2107,960905.0177,-519098.2480,-224464.4616,11504.2288,882724.1246,-314661.4673
2025-02-10,67500.5514,-40849.6722,973283.6443,-550586.4178,-259762.1949,41269.7194,891786.2981,-278622.5930
2025-02-11,73706.9594,-38667.6957,1062086.8519,-513449.4406,-245322.1811,47858.0391,796627.9869,-248034.2527
2025-02-12,94549.6878,-51597.7679,979832.4780,-496652.7710,-327950.0143,71584.8530,608909.1958,-823661.8897
2025-02-13,72735.8914,-41477.0376,1108526.1151,-514113.5888,-266006.8011,67971.9491,802478.4528,-262606.0754
2025-02-14,78439.4027,-36673.9190,1225758.3848,-459682.9673,-244189.8515,128250.5006,636467.9739,-317928.5272
2025-02-18,75763.9138,-41607.0778,1153211.7217,-484444.4973,-406252.0348,428517.4730,706892.3001,-261128.8378
2025-02-19,85689.4577,-41413.8163,1155306.6677,-474656.2033,-473429.5631,767554.7430,688106.7523,-283279.5035
2025-02-20,80696.4105,-42802.4595,1141230.5608,-470309.9500,-587740.8151,2003685.6679,634964.4747,-327479.6797
2025-02-21,96889.3735,-36699.9200,1192975.8903,-462596.5598,-1356229.0947,7206137.4826,613863.1163,-264103.6936
2025-02-24,52580.7640,-27562.1156,906630.7628,-461557.5009,-128094.7455,-30941.4129,708985.6476,-166198.4645
2025-02-25,60488.6664,-30080.6653,954256.4254,-479689.9640,-142145.5688,-34700.6436,694435.4478,-199675.9876
2025-02-26,66355.3512,-28337.1645,1090688.1484,-445502.5007,-145109.8250,-33091.6870,676509.0313,-211715.5017
2025-02-27,66698.5496,-30381.9519,1111221.1535,-486705.0538,-150663.6598,-34016.3647,715655.5652,-207264.8072
2025-02-28,68960.3014,-29062.5692,1188157.8461,-471653.5279,-149153.6362,-31056.3060,663485.9597,-204777.4956
2025-03-03,71043.3265,-29533.7125,1264642.7723,-468685.5402,-151468.2424,-27319.1127,651420.3366,-239331.7848
2025-03-04,71296.7326,-30010.4776,1215613.1274,-485393.0837,-161361.5582,-26811.0359,679276.3506,-227202.6888
2025-03-05,69829.9444,-34083.6141,1050735.2497,-559748.1003,-193721.4488,-35514.4169,903433.4947,-162567.0381
2025-03-06,78034.6042,-30489.3281,1235923.3994,-502569.6190,-176480.0210,-30007.2528,695718.8509,-172672.1819
2025-03-07,69694.6729,-35383.2209,1031760.0741,-587522.7732,-209802.2231,-35522.2579,958111.3114,-134761.8868
2025-03-10,67596.3847,-37070.4792,968369.7950,-633513.6361,-248469.9499,-39642.6335,1054177.8533,-61684.5471
2025-03-11,64027.5388,-39384.4982,934582.0473,-678123.0799,-270926.5434,-40604.7125,1095714.1718,-21802.5262
2025-03-12,59089.3313,-43476.5168,852909.1421,-730694.8302,-272314.7801,-43931.6708,1142129.2128,-21684.0777
2025-03-13,51669.0541,-47258.6476,740372.2699,-808863.1183,-331055.7576,-58633.9257,1308022.1114,36497.9688
2025-03-14,44205.2281,-53599.5339,635068.9813,-1000242.6277,-377430.2016,-108356.3936,1436418.1898,200398.9683
2025-03-17,47900.4124,-51480.3873,653223.4220,-927525.8201,-580546.0448,-99073.5435,1473052.4912,170225.6399
2025-03-18,46420.7650,-58745.9912,666352.6588,-887574.4174,-716357.2728,-72688.8286,1448776.5315,-30398.1584
2025-03-19,44507.5426,-57904.5958,638650.5240,-897596.3371,-1006140.1249,-30919.2893,1455010.3023,22347.6181
2025-03-20,46194.1435,-59742.0695,648527.3017,-885071.3244,-1887350.3692,15504.5413,1433111.9978,33317.8311
2025-03-21,43430.6100,-63395.3011,599200.0140,-948171.7504,-6250605.9571,433555.5290,1352349.5815,37815.1995
2025-03-24,36762.5267,-50149.9971,518885.5393,-987503.0654,-195233.8433,-79960.3491,1607492.8148,173956.1757
2025-03-25,43186.2217,-52758.4347,599921.0023,-971050.9137,-194067.9164,-80167.5270,1446115.6047,71982.5383
2025-03-26,44951.7712,-53653.1110,613549.5024,-987469.8912,-209352.6490,-81095.0783,1550358.2143,94630.5413
2025-03-27,49303.3213,-53131.2993,688500.0492,-933675.3949,-204273.0523,-76278.7929,1406575.1773,40872.1965
2025-03-28,52302.0546,-51199.4216,720866.9934,-909082.7353,-210592.0766,-71049.0446,1393695.6917,42954.1648
2025-03-31,54075.2633,-52460.6006,731980.3409,-940055.5761,-248023.3825,-73709.0736,1447610.4099,81583.6510
2025-04-01,56796.2122,-52388.1293,768172.9543,-911973.8844,-253189.7168,-72232.6706,1426295.1489,46990.2588
2025-04-02,55448.5300,-52881.0633,749772.7182,-951200.1137,-269520.1937,-76439.9960,1497709.1065,116796.4406
2025-04-03,51103.3937,-56073.6865,673752.7081,-1073875.0044,-289172.6284,-89987.9345,1532935.7044,236053.8754
2025-04-04,32570.3298,-55334.4563,453578.8398,-1734935.8488,-355207.7999,-186927.6671,1743436.5104,961294.2924
2025-04-07,28290.8830,-59481.6324,392913.7334,-1834199.6254,-380550.0796,-200516.1613,1932706.5880,972730.0903
2025-04-08,35495.1343,-46780.7563,629354.1023,-1597466.6920,-425654.8211,-221615.1248,1530694.7207,797826.8688
2025-04-09,27509.2353,-52597.4271,388405.6163,-2269795.5208,-601777.8724,-326531.3775,1821466.2726,1334747.2969
2025-04-10,43765.4631,-63687.3692,756159.0594,-1820271.7000,-579885.2497,-211850.7176,1930453.1655,867091.9816
2025-04-11,42476.6193,-62124.0399,723871.3250,-1892632.6108,-672014.0491,-253569.8809,1921243.6625,936041.1345
2025-04-14,44348.0168,-66616.7318,793938.6356,-1822510.2965,-1085951.4847,-306951.5146,1884214.8182,873560.4869
2025-04-15,46921.1718,-70249.9626,810692.7214,-1735364.9614,-1484930.3822,-311008.9403,1949279.8984,750452.0844
2025-04-16,55148.0967,-78781.9022,880119.4893,-1789863.9848,-2533244.4160,-221006.6240,1958333.7934,786310.1174
2025-04-17,64364.3704,-77192.5613,1012771.4857,-1569553.5493,-6960484.1341,996091.4395,1770362.0406,579890.7016
2025-04-21,42534.5917,-63697.4606,753351.8836,-1554056.8663,-280916.2953,-138268.2484,1911221.4773,718391.3254
2025-04-22,46704.0552,-62551.4136,771182.1232,-1537287.5781,-305245.2001,-129396.2200,2005444.5702,662904.1647
2025-04-23,55576.4442,-64028.5797,881426.6677,-1383139.4320,-308643.4087,-106595.3557,1956288.1394,450259.8856
2025-04-24,58316.8839,-66468.7676,918081.5968,-1447256.0600,-315961.3526,-118016.7958,1890439.7127,515590.5837
2025-04-25,71172.8369,-68067.0284,1033656.5543,-1422364.8558,-345479.1606,-115188.7618,1858315.6646,481879.5458
2025-04-28,60471.6371,-67083.5897,940003.8201,-1447062.0034,-350090.3570,-121586.3330,1850038.4812,512719.2310
2025-04-29,61194.2205,-67033.3279,971414.6112,-1399141.7882,-361548.7138,-107307.7010,1827607.1162,429489.0038
2025-04-30,58263.1518,-67838.0007,895537.9031,-1494721.7539,-397849.0794,-124609.3946,2007222.5956,544023.2494
2025-05-01,59664.2536,-69007.2696,914957.6369,-1472501.3071,-411052.6158,-116753.4177,2020781.8350,490744.7509
2025-05-02,68827.7958,-68986.6128,1074058.1946,-1287475.3284,-395638.4675,-83167.3555,1786792.6878,302941.1105
2025-05-05,69444.8469,-69597.5582,1049111.3523,-1301126.2063,-466014.6000,-70458.8893,1813162.8470,322030.2868
2025-05-06,69558.3358,-69158.2264,1038047.0325,-1331518.1009,-489129.7143,-44366.0352,1688400.6209,280517.6687
2025-05-07,70197.0546,-69365.4789,1039664.2130,-1329309.7260,-533177.8384,-53819.7677,1791517.4557,338404.9726
2025-05-08,75054.9339,-71353.3091,1098005.0721,-1297860.4927,-550291.6775,-30532.8915,1716722.5788,297716.4074
2025-05-09,79133.7493,-71119.2842,1104231.8363,-1285619.0033,-591855.6500,-27873.3753,1856309.8100,320257.3146
2025-05-12,89737.4823,-67430.7407,1538254.9601,-909866.5911,-609756.6622,310499.2626,1140610.3396,-86007.5396
2025-05-13,88078.7186,-76207.1763,1450959.2810,-974302.1556,-829544.9095,438641.7078,1284560.2380,-120384.2967
2025-05-14,92146.8778,-82698.3623,1341735.6292,-1100884.2495,-1234073.4207,817429.1663,1380165.2632,-86479.5234
2025-05-15,84512.5612,-78779.6135,1295050.8895,-1197276.9776,-1820728.7905,1612376.7063,1424948.2117,57204.2977
2025-05-16,89936.1659,-104064.0976,1346393.4322,-1149762.5162,-4975250.2755,6679315.2891,1274225.1032,79147.2342
2025-05-19,55810.3619,-52558.5923,1081919.2752,-1034958.4554,-188845.2403,-75845.1415,1275623.5811,135146.1752
2025-05-20,57186.9469,-50890.7581,1146828.6094,-962603.0357,-199154.7233,-71177.7345,1404882.0875,77023.3414
2025-05-21,57208.7211,-54073.3848,1060644.3422,-1077805.8969,-203714.2669,-78458.7933,1390721.9145,196457.9686
2025-05-22,52988.0588,-60315.5473,946781.5653,-1288401.9563,-234077.3273,-98271.6546,1672402.6974,360799.8409
2025-05-23,54837.3586,-62281.9351,943796.7167,-1310942.0295,-250404.6657,-105710.2973,1691450.3846,390818.1045
2025-05-27,57434.2615,-62260.7015,973059.8681,-1270973.7870,-274343.6983,-103475.0231,1681704.1910,344817.6974
2025-05-28,61886.2923,-60562.5807,1054711.1677,-1169303.1761,-272721.6071,-94038.5743,1626454.2721,243235.9356
2025-05-29,65235.7978,-61019.9195,1181273.9249,-1104010.3050,-265220.0758,-84649.8624,1529770.1280,162284.6644
2025-05-30,65043.4863,-62894.8950,1165212.0299,-1143698.4765,-277098.0439,-89763.7739,1566950.7718,177532.6722
2025-06-02,66037.7112,-63532.3687,1133297.8162,-1165531.9104,-309646.7689,-89867.8878,1555335.8968,218420.1993
2025-06-03,68392.1132,-63738.9325,1152986.2168,-1134098.0821,-317714.4212,-86231.7545,1607626.0456,174545.6970
2025-06-04,67885.5610,-63219.9294,1182725.2253,-1117466.0036,-320765.4154,-78096.1709,1560647.3793,129331.4593
2025-06-05,70806.2562,-65790.9785,1142271.7082,-1138186.3330,-346914.2163,-78038.9991,1609063.5340,132955.1850
2025-06-06,72493.2386,-62836.9059,1186097.6119,-1103909.5874,-349532.2293,-69167.4574,1469440.3906,109373.8468
2025-06-09,71660.0319,-65376.7314,1200318.3782,-1100944.6555,-405506.7463,-65171.0796,1486805.5472,107255.8355
2025-06-10,75476.9669,-66638.1835,1181686.5262,-1108536.8542,-431777.3528,-52659.5995,1427438.1794,61695.1531
2025-06-11,79619.5670,-64721.9178,1233716.5414,-1043239.1370,-451521.0273,-18269.8982,1436677.6904,-13651.5734
2025-06-12,78846.8900,-70989.1801,1131179.5796,-1165463.6741,-534921.2478,-45508.1956,1513038.3964,70875.7535
2025-06-13,77341.1129,-71528.3953,1093904.9210,-1227599.3674,-577921.2012,-40011.4753,1485433.5488,111601.6732
2025-06-16,76697.8818,-82610.4687,1067545.7362,-1327135.8444,-896424.2309,8721.7289,1421531.7630,127109.4439
2025-06-17,59711.9382,-87343.3600,887531.0277,-1483261.1770,-1230935.2815,-28751.8303,1531102.3862,204172.2717
2025-06-18,58017.1078,-105637.7460,852852.3228,-1518073.1253,-1760656.5510,-14406.2093,1554243.9076,278697.0943
2025-06-20,56785.3358,-96803.5808,852384.4676,-1385177.0636,-9615216.6602,2469750.9411,1396686.7511,190976.7072
2025-06-23,45323.1619,-60905.6762,819955.0452,-1169078.7222,-165237.4697,-91130.3355,1349151.8799,223072.2569
2025-06-24,51334.8732,-59819.9459,928132.1603,-1119650.1432,-170276.2925,-85993.5135,1313028.5196,165837.9210
2025-06-25,53714.0284,-60803.2700,956659.0802,-1088159.4366,-172852.5383,-81876.4165,1270921.5149,64795.8243
2025-06-26,52163.5074,-65723.4594,856712.3862,-1221437.7697,-193651.0139,-93681.1859,1448693.6604,194936.6976
2025-06-27,52261.0037,-67439.3710,843396.1815,-1211852.9418,-202456.1686,-90288.7775,1457647.9778,129735.0791
2025-06-30,54632.7780,-65989.4577,898854.7315,-1183154.6158,-213572.7389,-88366.0874,1415734.3627,151891.6021
2025-07-01,58088.1240,-68423.4461,877857.0919,-1218916.8232,-250963.2498,-93004.2165,1521112.6558,194051.2018
2025-07-02,65447.8405,-62233.1760,1004330.0860,-1063566.4938,-243186.5769,-73551.3154,1381988.9260,52271.6920
2025-07-03,68707.3513,-59864.1604,1071981.2329,-1001578.4620,-241502.3978,-65532.5098,1350701.5838,-9745.8891
2025-07-07,71729.8702,-59566.5390,1065307.0435,-1000415.4493,-281035.0039,-57951.4822,1328493.7983,41301.0684
2025-07-08,60926.7095,-70131.2859,959506.6550,-1160532.7569,-319190.3552,-78169.6058,1440488.0823,99766.8109
2025-07-09,66392.9624,-67127.0642,988033.9326,-1099453.9212,-337665.6927,-67079.1006,1415036.7925,50559.1425
2025-07-10,68513.8334,-66201.7058,1010322.3028,-1091783.0748,-348355.5454,-53496.6520,1360572.8308,59251.7803
2025-07-11,69847.5644,-66792.7955,1012179.8935,-1110394.9915,-391408.5967,-57531.9759,1407260.0813,91730.0190
2025-07-14,75927.0613,-60401.3926,1132725.2600,-965518.6412,-471119.8571,25758.3316,1254493.7814,-43447.1446
2025-07-15,82328.8173,-59407.3632,1199380.4310,-916885.4611,-498388.5434,107927.3773,1149981.2804,-97436.9135
2025-07-16,99786.3868,-51870.5199,1495048.1191,-783877.6608,-299028.9044,313680.6882,764888.6897,-184567.3771
2025-07-17,105557.7844,-66673.0591,1178083.0825,-918138.8372,-1252942.6722,992451.2051,1177528.2246,-173305.5243
2025-07-18,70689.9162,-78331.2730,932581.4608,-1102956.4894,-6576072.5840,3090325.0461,1423435.0490,-74816.9546
2025-07-21,83942.4511,-53600.6141,867469.7388,-974286.9717,-262282.3549,-71681.7393,704234.7246,222821.0391
2025-07-22,62065.6705,-63672.3492,970853.7462,-988621.4800,-220082.5292,-71097.8877,1369129.1526,-104227.4854
2025-07-23,64673.8751,-61702.4841,1025706.3909,-946207.9844,-219573.6164,-68884.1739,1342573.2266,-107746.6643
2025-07-24,70421.9403,-57779.6643,1077232.1984,-875911.6575,-231918.5404,-51380.2716,1307412.2191,-219756.4054
2025-07-25,72603.3399,-58315.8523,1090337.8822,-868885.7979,-244348.8659,-50349.5651,1321026.1673,-252519.6873
2025-07-28,73191.2541,-58586.9798,1097734.3716,-868175.9737,-255816.1108,-44586.2221,1288356.5386,-245993.9687
2025-07-29,66772.0100,-69537.2828,964140.8757,-1024700.2338,-275266.1320,-68448.0666,1364870.0914,-116276.0339
2025-07-30,83749.2146,-59924.0917,1171470.3712,-890167.9463,-295359.1176,-44206.6437,1368062.2817,-157422.1228
2025-07-31,73138.1170,-70160.1892,1014842.7562,-1056736.2530,-322983.1908,-72490.3580,1545069.6506,-15805.5714
2025-08-01,75630.5378,-68494.5286,1008045.4228,-1052703.2092,-338290.9646,-62296.1748,1533303.4449,6958.3242
2025-08-04,68286.9025,-75348.8141,882177.4488,-1162329.3776,-411591.7597,-74823.9235,1696122.9319,157860.6829
2025-08-05,70846.2341,-76688.4357,892834.2286,-1130727.9202,-429285.0774,-58428.9338,1692914.0022,77254.6053
2025-08-06,77313.1746,-71591.9030,1046839.3179,-1034065.5939,-425395.1387,-22635.1721,1475580.3145,2146.9813
2025-08-07,79973.6960,-71690.3974,989881.0279,-1059770.5274,-483805.1689,-16929.8933,1536775.0947,34253.8832
2025-08-08,75763.9518,-76249.0247,962418.2995,-1093696.1390,-530811.8319,-14409.7629,1600296.5029,61757.2616
2025-08-11,72633.8451,-82244.2117,897124.0749,-1148105.8376,-806706.6011,74445.9107,1626921.0274,57233.1322
2025-08-12,66636.4850,-92999.8745,843528.9120,-1237086.1969,-1045155.8351,60864.3392,1680543.4385,175598.6747
2025-08-13,78743.7662,-83960.3853,891331.8502,-1148772.9101,-1352591.3399,264598.7992,1592695.8187,84461.6798
2025-08-14,74113.3707,-105012.8267,887380.4560,-1199339.8406,-2457798.3036,658607.6684,1538427.7320,115751.6350
2025-08-15,82492.9777,-86904.5892,964961.6202,-1044140.4135,-7601404.5897,3981952.4402,1394960.4112,57973.8576
2025-08-18,61747.9045,-49376.1722,894435.1243,-947305.2004,-240236.5035,-75528.4945,1416452.8465,112342.6302
2025-08-19,59224.2384,-51143.3906,889418.1830,-953220.7877,-235948.0567,-76812.3938,1414192.3997,79975.3608
2025-08-20,72152.3968,-43185.7965,1218782.2008,-762957.0414,-196373.7699,-56759.1847,991036.4765,-45636.7207
2025-08-21,75885.2365,-50395.2198,1154957.1010,-859241.5576,-216956.2110,-69600.4531,1054800.1769,-28689.9028
2025-08-22,76087.3050,-46467.8262,1179298.6171,-842109.0846,-212531.2629,-63772.4396,985456.3840,8863.0497
2025-08-25,84904.3292,-43833.1132,1319457.9156,-749736.4824,-223634.7144,-54810.1088,933451.5428,-61197.8962
2025-08-26,80476.9995,-46619.5884,1288470.7262,-761539.7286,-229303.0009,-56252.7525,1012074.5792,-107399.2257
2025-08-27,84378.0643,-44731.0548,1381578.3507,-743560.1677,-217722.7536,-53337.8224,832241.8444,-79744.6891
2025-08-28,85485.2319,-43398.3409,1391125.7249,-716240.5258,-227492.9166,-50066.4058,883092.5984,-150319.9005
2025-08-29,92562.3578,-45750.5717,1445995.8834,-727812.3187,-227483.8311,-49967.3379,725536.8994,-158614.5336
2025-09-02,86549.9065,-47918.0445,1328116.0677,-779977.6854,-282613.1416,-50022.0698,1049624.7305,-139888.0161
2025-09-03,83414.5450,-53350.0865,1272028.2071,-846281.4071,-292894.9173,-56101.5262,1021014.5466,-125546.7934
2025-09-04,87395.5397,-51723.9721,1284398.2337,-842962.0725,-320836.0389,-57920.3273,1079676.7650,-86154.8555
2025-09-05,97840.5375,-47586.5049,1452883.7590,-758719.8331,-290398.7603,-42757.5714,881710.9542,-110313.6067
2025-09-08,92301.9517,-48852.9290,1358538.3235,-864761.2458,-418083.1314,-57004.4661,1299083.3480,19879.1714
2025-09-09,110375.8117,-49591.7096,1494008.9567,-761711.8820,-366893.7878,-25730.6050,827133.5303,-126316.5169
2025-09-10,97196.9873,-57490.1455,1345751.9593,-884600.8530,-379860.9610,-31238.9277,894356.9363,-145109.6223
2025-09-11,104187.3171,-57462.8053,1325780.1750,-870707.6604,-494777.2631,-25094.8708,1139980.9825,-112559.4087
2025-09-12,102004.4892,-48778.1050,1680636.4227,-762632.7965,-363508.2343,19760.1234,689683.4431,-129470.0276
2025-09-15,142541.0887,-47553.3026,1732033.4892,-726882.0852,-479872.8962,153664.0869,611687.7938,-199590.6123
2025-09-16,99235.4497,-57736.8592,1264111.5740,-825988.5531,-922364.8567,191232.4493,1083875.8680,-200285.1315
2025-09-17,108873.4206,-55724.8028,1374168.0669,-774337.2366,-1106407.7914,290675.3458,881461.9693,-239600.1715
2025-09-18,109677.7429,-56614.3729,1306096.5375,-794394.8616,-2448706.5495,925405.2751,1034141.0956,-275857.1508
2025-09-19,132158.8937,-60815.0692,1376136.9588,-776018.1712,-7491267.4477,3186928.7345,865628.9304,-232143.5729
2025-09-22,59292.7233,-45465.1588,1157383.9350,-727819.6891,-152398.8834,-64574.8446,888624.7364,-98179.4985
2025-09-23,67885.4785,-46874.3669,1232360.9792,-717458.6225,-182709.9493,-63855.5318,989821.7876,-160782.9173
2025-09-24,69982.9713,-45532.7133,1263637.1985,-714764.2824,-187997.8151,-62602.5620,1007778.9539,-135221.4108
2025-09-25,68367.2458,-48394.4180,1193507.9660,-766488.9669,-203726.7109,-68086.5350,1098181.9496,-92639.0084
2025-09-26,72267.3655,-49127.6768,1253246.3432,-739268.5103,-204579.5588,-63472.6200,1055420.7671,-171096.3365
2025-09-29,77169.0455,-47746.4803,1306266.4857,-701278.7590,-214867.4194,-57570.4583,1019478.6919,-181724.6674
2025-09-30,74156.0023,-49636.7739,1290456.2572,-736881.8279,-224180.3841,-62605.2290,1077078.4685,-170193.9268
2025-10-01,75612.8305,-49116.5049,1307769.0344,-731722.5269,-227249.2298,-60236.8741,1051773.3733,-161190.2591
2025-10-02,82323.3972,-44466.5048,1424544.7774,-660020.7295,-220133.8505,-50132.6793,966563.4589,-186038.1435
2025-10-03,89613.2275,-41922.4175,1495256.4088,-625291.0271,-218717.9370,-45425.0039,834545.6376,-194807.5057
2025-10-06,95121.8144,-40056.7758,1653596.2898,-615949.7687,-229923.4569,-41210.1428,837182.2237,-116482.9573
2025-10-07,93271.6407,-42081.3620,1631447.0726,-604863.6876,-226265.4504,-25702.5506,774088.0577,-242889.5545
2025-10-08,86983.9013,-46981.4513,1521040.3909,-695548.7476,-270303.8577,-40591.7310,976448.9194,-150330.7296
2025-10-09,93842.1234,-44817.7967,1547017.8134,-657461.9143,-291931.3096,-37105.8850,987760.8698,-177009.8627
2025-10-10,91410.4198,-47904.1819,1464499.2556,-673835.9142,-345109.0947,-47180.7911,1099782.0476,-154938.9240
2025-10-13,74923.9385,-69980.9281,1371904.8652,-733855.3716,-545664.3580,-19860.9265,1298179.2621,-417380.0727
2025-10-14,85469.7499,-56634.1946,1274628.7989,-783972.5545,-692863.3885,-27666.8273,1309145.8480,-84639.2969
2025-10-15,108020.3854,-43291.9197,1683937.0181,-582697.0740,-617514.3850,236191.5628,961318.7494,-295894.7556
2025-10-16,95459.7465,-27814.9728,2556431.2706,-393682.5773,1266685.1613,971720.6515,-13602.2160,-377397.6635
2025-10-17,117081.4090,-34732.3882,2113205.4672,-455217.6782,754749.2931,3627590.4137,760537.2267,-326492.0787
2025-10-20,73108.4739,-24404.3967,2031798.9684,-376667.9095,-144571.5292,-26466.2128,575350.2704,-285450.2067
2025-10-21,80137.7879,-23476.1911,2240713.8032,-341126.7465,-140659.0336,-22153.6939,352224.9702,-374395.9911
2025-10-22,83746.2943,-28577.6195,2258332.0219,-385479.2999,-159100.1217,-27245.5837,511652.2307,-444696.3324
2025-10-23,87720.3509,-32707.1195,2187322.5158,-426614.6212,-179293.3184,-31716.8043,672834.9408,-473242.9243
2025-10-24,88979.7278,-31469.7974,2258403.2614,-401271.9903,-174196.8726,-28128.5067,542429.3753,-525438.1711
2025-10-27,88636.0980,-32202.6276,2276356.7819,-400343.7381,-178377.5542,-22273.2292,573461.3030,-523174.1962
2025-10-28,96190.4564,-35057.4016,2251565.9185,-432101.2023,-191209.7626,-29316.6879,549261.4348,-465427.9686
2025-10-29,91365.8145,-39600.8731,2126694.2768,-480485.4199,-213281.1001,-35926.8257,817393.3465,-460301.1140
2025-10-30,110504.1412,-43912.9430,1982433.5863,-539557.2888,-249897.4615,-40955.2167,801006.1340,-406872.4680
2025-10-31,101044.0401,-42426.9967,2018848.3874,-529060.8680,-243945.9309,-25479.5297,896603.5243,-471484.8671
2025-11-03,101863.7336,-44800.7639,2027200.9211,-537889.8122,-233238.1395,-8766.6077,768195.8890,-521983.1790
2025-11-04,104437.0000,-42012.1356,2070763.5018,-512146.7150,-257462.8480,-5148.4439,785678.9660,-524200.5247
2025-11-05,107026.3072,-40605.6609,2189127.8739,-512346.8498,-236377.0516,1043.0119,411225.6529,-398809.0903
2025-11-06,111449.1313,-39329.9176,2302363.8998,-490744.2950,-236405.6212,8981.6912,-845149.1550,-423035.4207
2025-11-07,105227.6489,-43072.7559,2149355.0559,-568013.8578,-265442.9142,2799.4259,730603.8597,-339787.5174
2025-11-10,119992.5728,-41850.3489,2321129.3095,-497369.8993,-244560.6004,46172.8123,489097.4692,-469446.4428
2025-11-11,122014.5073,-46763.0188,2236813.0725,-508827.5937,-286397.3716,41571.9428,691958.7110,-493325.5827
2025-11-12,119546.7020,-46323.7573,2286097.4338,-485955.5656,-282273.3321,53041.2944,646796.3375,-489560.0298
2025-11-13,111960.6560,-51184.7200,2072883.7038,-552092.8552,-369591.9649,87559.5339,962824.3538,-528432.4247
2025-11-14,124877.2629,-49065.2627,2116962.5393,-539897.7938,-385619.7375,118025.7758,929187.4327,-473305.9888
2025-11-17,133258.0591,-57337.2764,1943347.9393,-575960.1414,-570905.1231,274189.0546,1028677.9218,-504142.9569
2025-11-18,146063.4589,-51067.2046,2068560.4926,-556122.4795,-490353.7842,446081.5611,646212.8863,-425870.6511
2025-11-19,143475.3941,-54169.6901,2015554.3198,-537983.7804,-741284.9991,733641.3802,933791.9496,-429408.5914
2025-11-20,172878.7316,-49275.7767,2074179.5563,-523204.6438,-779559.5226,1583774.1123,605733.1438,-374396.8613
2025-11-21,152125.2134,-51784.3730,2014286.3716,-536347.7630,-2717103.0637,6265199.0850,767209.1316,-322368.4057
2025-11-24,76242.1860,-29461.9103,1808579.3701,-388594.4805,-169098.4880,-34095.6869,236680.9254,-332046.7487
2025-11-25,80399.1818,-30038.2550,1808891.6764,-379342.8273,-184637.3989,-31989.8683,248537.5274,-415115.6151
2025-11-26,81186.0407,-29674.0842,1795418.4175,-379443.8668,-181094.8061,-27214.0403,438230.3351,-446747.4732
2025-11-28,81409.7553,-30306.2121,1881324.3899,-358898.4042,-178714.4627,-23861.8564,332197.0436,-474641.7411
2025-12-01,82897.8991,-30013.4473,1929718.0577,-362414.5072,-186018.4716,-21175.5458,-173551.4961,-396597.2766
2025-12-02,77592.1642,-31724.5505,1886858.9253,-355578.9442,-185296.9476,-17724.4600,645228.9352,-472431.9755
2025-12-03,92488.4152,-31474.8604,1956372.0988,-372138.3648,-198342.2503,-4663.3710,-34872.2494,-519829.6487
2025-12-04,94764.6178,-29425.4068,2097082.7393,-362398.8297,-187830.1702,-1240.6777,-795954.6634,-437706.2198
2025-12-05,83473.6870,-34745.2626,1873183.8398,-406618.7371,-199255.2360,-13562.9535,473514.9428,-419641.6792
2025-12-08,83211.7187,-37914.2877,1744748.1362,-409133.9658,-240564.3832,14978.8354,771270.8215,-539281.5540
2025-12-09,90974.6937,-36259.4929,1817456.9701,-406024.5561,-239640.4657,28403.6177,401639.4539,-503444.0565
2025-12-10,91151.0368,-34486.1615,1919032.7954,-388818.3791,-228918.2972,38711.3320,-97168.9372,-459516.6022
2025-12-11,92186.6789,-28377.0018,2135925.7202,-323456.3648,-182234.6000,77585.8173,-326500.8248,-514996.4039
2025-12-12,109599.6603,-28915.0564,2203868.6345,-323778.7219,-192276.3463,96685.7131,-409912.9185,-488052.3579
2025-12-15,133840.7765,-31023.5682,2043556.9479,-316346.8667,-258482.6023,246191.1496,265455.8169,-603516.8199
2025-12-16,81287.0750,-36671.9701,1576441.4335,-358164.6661,-405887.0088,345799.9768,877967.6387,-619292.6638
2025-12-17,96738.8828,-35329.3826,1639104.8650,-359949.2240,-502831.6989,585272.9660,450864.8072,-520470.2423
2025-12-18,101189.9126,-37208.6501,1589987.1219,-357484.7258,-887491.7410,1245328.0723,804363.0010,-495685.6553
2025-12-19,86367.7111,-38226.4842,1547082.7674,-365874.6071,-2556699.3724,4373940.9526,700805.1529,-534929.8099
2025-12-22,70343.2465,-31584.5269,1486890.1272,-344393.6143,-193989.7774,-7587.3750,730501.9273,-481204.4854
2025-12-23,71788.8178,-31541.0573,1463262.1126,-334188.8683,-210007.9104,-1478.2614,822931.0225,-565642.4616
2025-12-24,78053.6805,-28360.0332,1568328.1757,-307751.6294,-214452.5137,4049.9676,653483.0109,-514424.5374
2025-12-26,70173.7334,-30141.5707,1563652.5863,-312112.4201,-202800.6590,2554.2377,738930.7043,-470746.6037
2025-12-29,73331.8507,-29270.3421,1553181.6289,-301537.8863,-220278.8323,24476.3381,708498.2218,-516043.9771
2025-12-30,74461.5495,-30666.6142,1529386.1882,-326545.3851,-224977.6909,22206.4564,691577.3296,-486684.7973
2025-12-31,76658.7549,-31535.9781,1551117.1735,-324048.3945,-228388.3921,19299.8451,651187.9088,-478166.7444
2026-01-02,75711.7509,-32467.4071,1462980.3484,-330644.1401,-266890.8206,48294.1310,826316.9288,-540163.1748
2026-01-05,70650.5882,-27251.3189,1645891.2522,-285681.7082,-247709.2706,94493.8337,-284112.4578,-536263.7004
2026-01-06,70853.0619,-32317.8756,1481762.5112,-319796.8979,-312261.8594,111111.2033,832410.8283,-580996.9877
2026-01-07,87685.7994,-31080.0997,1661356.5680,-331911.2263,-298621.4503,140136.5627,485770.6562,-512855.5055
2026-01-08,82193.0505,-39119.0875,1507616.3178,-383220.7210,-392230.6813,134941.7340,870634.3010,-497012.5783
2026-01-09,87644.8721,-30912.6150,1688581.5015,-306403.0429,-352620.8617,225544.1537,639055.4731,-621464.1519
2026-01-12,98459.0271,-32003.3274,1742093.6061,-316610.7569,-422123.5600,441353.8248,493545.2088,-494960.5772
2026-01-13,90371.4579,-31055.4445,1751981.6358,-305462.9850,-517724.9769,626169.2572,561367.5881,-519726.7409
2026-01-14,84828.3080,-25766.3907,1891853.9960,-283607.0255,-257611.1603,1002463.2633,165046.8952,-550982.1188
2026-01-15,89503.8577,-22821.5150,2004947.2042,-252189.8763,-365705.9771,1531631.5120,325697.3100,-537637.2122
2026-01-16,85042.1072,-20661.6454,2001276.2551,-244283.9217,-270083.4678,4650611.8239,330828.1492,-442435.4049
2026-01-20,58095.0984,-19375.8188,1494465.0277,-281809.2916,-124932.5705,-21149.0270,435637.7118,-266699.5546
2026-01-21,56579.9206,-22252.0416,1493938.2942,-290385.2801,-117460.1725,-19478.8924,433583.9133,-349500.3626
2026-01-22,63193.0375,-28349.9954,1429183.3054,-332463.3816,-158003.6035,-28248.5372,718974.2743,-417931.5550
2026-01-23,57581.2377,-38474.9527,1210476.2751,-455424.2225,-184064.9737,-48834.2132,997394.3206,-376643.6915
2026-01-26,68418.7010,-33468.2480,1365167.0230,-391636.5239,-194043.8362,-33690.4221,761008.8222,-413968.4484
2026-01-27,62036.9517,-41223.7662,1206894.2519,-480173.6433,-215622.9974,-52239.6918,1095333.3418,-366893.5336
2026-01-28,68186.9087,-35063.4356,1369501.7436,-391678.5154,-196236.0317,-31646.0903,803773.8242,-417376.0638
2026-01-29,70363.7183,-36260.7554,1368073.1049,-399896.9770,-205150.1270,-32905.6853,798798.3867,-414650.6356
2026-01-30,76357.9007,-31820.4209,1439601.6321,-368802.9685,-191224.6523,-21849.5240,562342.7364,-417372.3630
2026-02-02,78393.9655,-32562.3967,1526268.5750,-367609.4967,-193903.9722,-17403.6842,520460.4382,-372657.8592
2026-02-03,75901.0025,-32462.8744,1521453.5172,-361163.2774,-198470.0549,-7472.5119,121995.1258,-432562.7829
2026-02-04,75956.5642,-26805.3770,1690335.1414,-298700.9379,-167797.8178,9811.6224,405054.0385,-475739.6589
2026-02-05,73153.7930,-26701.6562,1714925.9621,-308115.8232,-161332.6291,9715.3450,481338.6142,-391604.2966
2026-02-06,75308.6372,-20151.9047,2029470.6090,-248898.3027,-101926.1545,36245.2066,-373099.7535,-498731.2149
2026-02-09,74422.5740,-21528.3242,1934014.0700,-269283.5691,-125305.1950,56772.3536,177993.5827,-422324.0623
2026-02-10,77877.7718,-19782.9536,2072379.7211,-249390.8209,-87679.9399,65648.0785,-69436.2454,-400537.7040
2026-02-11,58897.5637,-16263.4756,2432156.7834,-218240.6132,43495.2906,82478.0520,-1548303.0358,-360655.9730
2026-02-12,69343.6749,-17136.2492,2307325.4336,-217590.3712,-17637.7902,102104.1791,-284879.4471,-424202.5691
2026-02-13,71181.1345,-21607.1430,2029308.8643,-288435.9531,-118929.3922,108954.8479,310706.1783,-346099.1992
2026-02-17,72139.0878,-18985.6111,2219625.2116,-258503.3618,57297.0056,337968.2335,150662.3501,-284051.4335
2026-02-18,67352.0044,-17225.2034,2223768.3316,-241402.0215,135500.7331,735462.7383,271033.7989,-350915.8118
2026-02-19,74821.3599,-19592.5942,2290600.1823,-257222.8930,959545.1008,1497023.3708,-227549.5888,-338974.3786
2026-02-20,72943.2617,-18008.2453,2216355.5588,-264718.4918,3239039.4323,5710373.6650,-52756.0276,-273589.9566
2026-02-23,57063.5706,-14639.5241,2005968.5873,-246379.2921,-77875.7342,-3614.9991,-296342.2772,-184207.1819
2026-02-24,53257.7484,-16726.6354,1847736.2765,-274172.6909,-98492.7367,-8582.4421,280165.7875,-173323.8684
2026-02-25,61849.5638,-16358.9804,1905049.0704,-269969.4411,-94030.5859,-6591.3565,-17194.5803,-179596.5540
2026-02-26,60016.9209,-16010.4317,1932149.0514,-267930.5992,-88333.9644,-2242.1768,-148833.8221,-182900.1951
2026-02-27,61984.0315,-17101.6190,2089978.3253,-268336.8620,-76800.5069,-4939.0679,-401361.4517,-225543.5676
2026-03-02,56217.9244,-19760.5526,1952983.1779,-321991.5364,-82701.6956,1055.7115,-314699.6133,-181905.1634
2026-03-03,56935.8547,-23550.6144,1759436.4940,-356447.9268,-134074.8526,-1772.6961,455479.3996,-202460.8135
2026-03-04,56201.8702,-22502.1340,1817996.3848,-338653.8262,-122225.5967,5169.8394,406844.3964,-221719.8138
2026-03-05,59192.1212,-26680.7433,1662844.2167,-407187.0235,-153164.6618,-10247.4318,512168.2143,-151493.4615
2026-03-06,58876.6238,-30183.1786,1514236.7190,-488636.5237,-196524.8786,-10949.4834,696220.9242,-115577.6144
2026-03-09,53873.3025,-35650.5232,1368440.3845,-606887.8256,-248952.1107,-26102.3696,837042.9419,14537.9348
2026-03-10,58591.9421,-33212.0214,1550516.4812,-504491.1384,-168971.8706,-8183.4200,236672.8538,-39457.4515
2026-03-11,60256.6767,-32673.9142,1499198.1885,-483554.3485,-231597.6844,16301.7286,693554.2809,-107466.8684
2026-03-12,60631.2878,-37779.4951,1375061.8175,-605436.7419,-279347.3348,-18565.4630,778860.3331,-10494.2801
2026-03-13,54844.4713,-35504.1056,1537842.0250,-543942.6229,-206162.4604,27334.7552,-170727.8760,-49073.5367
2026-03-16,67415.7225,-34013.1118,1542424.7783,-513550.0288,-314418.3700,108445.3919,488621.0571,-33432.1850
2026-03-17,54636.1334,-41159.3149,1224272.3064,-523820.7604,-568631.2196,231744.7823,810406.4767,-100569.9745
2026-03-18,51256.2381,-55336.2548,1134530.2448,-669075.8902,-833531.4323,355443.7158,820742.4747,-84781.5291
2026-03-19,45119.5290,-79312.0476,1073769.0844,-722299.0957,-1748480.2049,771039.9650,892551.2796,-43983.5149
2026-03-20,44264.7652,-66025.6310,1057496.6861,-688191.1033,-6521988.7756,4403870.2705,872670.9248,-43388.7650
2026-03-23,36494.3804,-33968.0770,1040493.0970,-567873.4124,-114716.6930,-55613.9084,803555.3571,-10233.5628
2026-03-24,38867.7941,-37311.3246,1030679.9024,-632447.7502,-135016.7217,-65178.3736,950657.7866,65046.3405
2026-03-25,41210.5840,-34700.9202,1107535.0747,-564083.2514,-133265.3072,-56604.6294,867257.2390,4783.8638
2026-03-26,41699.0707,-35440.6727,1064765.9319,-608293.2923,-142210.2168,-61544.9946,910018.4141,59379.4680
2026-03-27,43240.4565,-35957.5682,1052223.8556,-619158.6064,-148729.6897,-63198.7341,917641.7209,65268.4842
2026-03-30,41879.6849,-36114.3076,1082222.7566,-612249.2621,-156794.6590,-62519.7031,920399.5550,76042.5341
2026-03-31,42728.3152,-35747.8037,1085180.1231,-591617.2888,-165042.5684,-59208.6484,940451.4563,57480.4874
2026-04-01,52847.2371,-31373.5030,1259809.1544,-508832.0258,-173869.0759,-44352.9744,871099.5161,2464.5899
2026-04-02,49362.6711,-34718.1048,1231466.7388,-529123.4168,-177626.2793,-46549.6200,919755.1644,-35659.9939
2026-04-06,50584.9611,-34313.2433,1259955.4109,-510203.4163,-197944.3696,-34980.9910,871576.2787,-49508.9547
2026-04-07,49885.3386,-38803.2695,1202501.9125,-554519.0994,-225472.8197,-40958.3385,948618.2620,-57539.6382
2026-04-08,60797.1583,-26437.4858,1456085.6564,-379525.9135,-185659.5406,11436.7922,682519.4617,-199611.1470
2026-04-09,62233.1511,-26366.9673,1522496.5224,-382350.4223,-183759.2870,14341.1582,584082.5631,-166487.0384
2026-04-10,61859.9956,-26383.4559,1542646.9590,-371604.1820,-203756.9962,30818.3617,651131.0261,-198235.8029
2026-04-13,61356.9242,-30055.5610,1432207.7717,-410601.7035,-309646.8468,84087.2786,759140.6808,-163712.7339
2026-04-14,69955.8040,-27649.7289,1578388.8218,-371686.1471,-246901.8067,190717.4704,497766.3950,-200304.1089
2026-04-15,74142.6177,-28413.0074,1573049.8977,-363882.5417,-360017.7502,352428.2471,617928.1070,-263592.6280
2026-04-16,68059.7727,-18541.5863,2112242.3194,-259158.2303,601592.2140,1507664.5025,75495.1012,-383191.2841
2026-04-17,79581.7623,-18256.2529,2103488.7887,-254636.6057,2517837.5041,5568793.1883,-170247.2186,-317153.7801
2026-04-20,54201.1222,-15418.6789,1700237.0646,-249289.2472,-115641.9383,-10486.1862,317312.2110,-274161.6020
2026-04-21,53830.0997,-15154.0447,1795674.0113,-237994.3474,-110534.9334,-7081.4068,224602.3597,-320106.5225
2026-04-22,58930.8803,-17038.3401,1714611.1350,-274388.3710,-124557.4926,-10868.0580,184630.8920,-268998.9368
2026-04-23,56037.7637,-19044.3305,1590399.3370,-291947.9717,-147405.1671,-11669.3710,550544.0044,-309081.4878
2026-04-24,62835.3019,-16801.1672,1763072.2835,-271330.1189,-138099.8349,-9580.7962,74100.9619,-250821.4603
2026-04-27,59712.4558,-20929.5492,1642431.2524,-304011.6297,-160814.2446,-9038.4037,464320.2446,-284443.4994
2026-04-28,63751.0472,-21958.1810,1638959.2772,-312521.8275,-168963.6096,-6156.3832,406404.6408,-311137.0595
2026-04-29,61070.0221,-25820.8601,1558935.0609,-360108.7431,-189704.2175,-12269.8719,694005.1765,-274353.3411
2026-04-30,63237.6180,-26788.6093,1511251.9806,-385775.7727,-203649.8624,-13552.4802,660071.1515,-225077.5259
2026-05-01,65089.7805,-23897.5958,1647248.8179,-335106.3844,-188977.0626,-1748.3057,598028.6658,-259994.2226
2026-05-04,67087.0184,-27062.0146,1562358.3231,-361212.4456,-223103.9104,8040.8468,624938.6729,-267949.0926
2026-05-05,71570.9136,-26747.9222,1534825.9415,-375252.3691,-248283.1518,13785.9177,564815.1354,-230604.8981
2026-05-06,70173.5563,-23254.7422,1677346.5529,-320564.4313,-224894.7560,38964.4392,514844.9576,-282885.5383
2026-05-07,74710.0357,-20754.5605,1833179.0833,-295261.2179,-182263.2149,62701.5247,202554.3843,-301843.6573
2026-05-08,75976.8170,-19802.3643,1830592.7371,-281701.4841,-212269.9159,89903.2340,130739.4240,-397069.4441
2026-05-11,73835.3204,-18849.0437,1886539.9199,-264210.6546,-189895.0463,222192.4036,187782.1785,-368507.9501
2026-05-12,69652.1453,-20255.3994,1792796.1431,-272742.2680,-318831.1009,324143.8092,377624.5472,-421294.9370
2026-05-13,72142.1159,-21132.8998,1737411.3936,-285166.7016,-426838.3339,527170.2762,430469.5949,-377257.3344
2026-05-14,75490.3574,-19463.1525,1746211.9482,-275646.4132,-609225.4918,1307412.5956,311871.1861,-437096.1693
2026-05-15,74105.8775,-24251.4919,1588896.1288,-317195.7596,-3699398.6314,4920138.9824,556977.5757,-301041.2979
2026-05-18,53996.5509,-17380.4015,1580329.7141,-294311.7369,-110544.3783,-10530.9050,165873.9320,-216876.8351
2026-05-19,51211.5211,-20284.9902,1490521.5334,-315732.1292,-121055.1631,-11109.4994,539126.4289,-250564.0271
2026-05-20,54206.8575,-18817.1839,1536819.4768,-300788.1989,-119109.0105,-4557.4489,436768.5593,-287439.7948
2026-05-21,59426.0437,-16816.9746,1694485.7448,-270335.5274,-107558.8829,-1108.3757,44259.0674,-267555.0658
2026-05-22,57847.9046,-15769.5712,1769028.7604,-250339.4573,-104974.1276,2073.3167,-41482.5913,-331509.2976
2026-05-26,54647.2407,-14523.8133,1885269.4523,-237974.3791,-78699.6481,15794.4681,-329186.2386,-358912.1177
2026-05-27,58449.0229,-15388.0551,1783883.7555,-248610.8466,-106808.4750,16479.7415,155888.5287,-379557.2698
2026-05-28,59636.5189,-16914.5902,1760416.7964,-270546.7860,-112704.6130,16181.6380,182910.6389,-346581.1593
2026-05-29,60832.7577,-16839.6100,1747631.5871,-263524.7957,-124826.7919,18712.7173,296524.1847,-370331.6108
2026-06-01,60282.9492,-21902.4298,1525520.6609,-335544.6697,-165505.1209,13378.9813,515757.3290,-265466.9598
2026-06-02,58433.7102,-27377.8075,1376781.6739,-405904.4089,-199117.6912,6157.9297,700941.1499,-258378.7280
2026-06-03,67387.0310,-22039.4939,1553693.6245,-363338.9310,-173695.0319,22237.1418,313190.6566,-207979.0495
2026-06-04,65952.5195,-21945.7285,1710562.9719,-345311.8096,-136889.3261,25878.6259,194061.0344,-239582.6532
2026-06-05,65704.3686,-22084.3765,1741527.1651,-347870.9869,-129582.4360,31133.7545,-124881.9637,-236743.1145
2026-06-08,63614.1691,-22316.5953,1694149.4997,-325594.9525,-141758.2672,70718.3621,376643.5852,-300690.9599
2026-06-09,70347.8970,-20813.1109,1824238.2076,-308425.9743,-83246.7600,86073.5188,-218856.6609,-285558.4213
2026-06-10,77748.4873,-20072.3020,1888350.9092,-290516.2627,-125770.2866,119268.8197,264447.4809,-340230.0546
2026-06-11,71389.1402,-18834.2747,2085389.0897,-284316.6913,12667.9278,153147.6860,-1077743.5755,-315571.4117
2026-06-12,69060.6745,-17569.5928,2139710.7436,-261060.8486,88972.7060,185210.6161,-632836.8764,-342021.7536
2026-06-15,70699.7536,-16811.8731,1988456.7832,-244356.9648,188052.9725,459674.3686,-107422.1246,-331064.1484
2026-06-16,48193.2843,-20843.0097,1315999.4331,-269882.1567,-318449.3407,684109.8847,486163.5165,-365409.3444
2026-06-17,44209.1040,-26019.8295,1209322.9021,-311444.6112,-687163.7852,1451657.4475,592618.3706,-374620.3159
2026-06-18,34814.3639,-41613.6953,1018068.4615,-469041.6682,-3176878.3561,4322535.3768,822102.9191,-210058.7332
2026-06-22,33718.1618,-25138.6980,1022377.3742,-387206.2724,-122241.6973,-43458.9617,777726.8295,-202237.6136
2026-06-23,37135.7367,-20799.2989,1158237.0107,-326899.6176,-114702.4917,-35188.6295,628209.6459,-233299.1723
2026-06-24,38097.2041,-20691.3370,1165221.1463,-317904.5571,-113338.6315,-31818.3896,555738.5402,-276767.5148
2026-06-25,37178.3964,-24556.3905,1085671.3735,-357857.2089,-130902.2297,-41580.0933,699907.2974,-251443.2426
2026-06-26,35778.4514,-25194.8270,1044873.2113,-389528.5520,-138409.7475,-44585.9267,772533.0500,-209814.9498
2026-06-29,34892.8752,-28158.6111,987558.4154,-431786.8125,-151349.9720,-49256.9972,838448.1808,-205301.1599
2026-06-30,33877.0906,-29552.1164,946781.7091,-472459.6229,-159404.6172,-54930.5501,885747.3283,-143896.0907
2026-07-01,31577.2718,-34318.0019,888715.1244,-540017.7298,-172120.3232,-71585.2702,1026279.9187,-77695.0127
2026-07-02,36820.3256,-31487.9186,972788.1138,-486715.8969,-178562.0239,-57981.5198,902899.6766,-135731.8810
2026-07-06,42018.9935,-32260.6804,1012147.1448,-467525.4249,-229000.8464,-61922.7731,1128340.9294,-149332.5645
2026-07-07,47351.0486,-28467.7485,1147105.7032,-399819.7231,-218649.2743,-40980.5747,853628.9246,-225507.9385
2026-07-08,48098.1497,-29648.8427,1159757.4044,-400995.3793,-222315.4814,-40535.4981,859316.7405,-257669.9995
2026-07-09,50128.5905,-31340.3830,1158888.2944,-431420.3650,-236180.3224,-40954.4425,799372.8039,-279883.3333
2026-07-10,47803.9598,-34110.5267,1144861.2568,-445649.8609,-252208.0334,-42349.0729,883170.1638,-269483.1544
2026-07-13,51775.9365,-32968.5538,1172087.4437,-427539.9478,-340541.1923,-16467.6709,784478.9269,-299367.5141
2026-07-14,53628.4355,-33797.4380,1158375.6516,-425626.1839,-428382.6054,571.9438,889650.8739,-319291.8269
2026-07-15,59351.1669,-31319.4865,1220637.2678,-394023.1373,-525854.3035,87645.9611,778002.3882,-367524.9837
2026-07-16,83164.2682,-28039.7266,1497686.4366,-324302.8251,-829127.2622,575205.8097,448308.1040,-450390.1916
2026-07-17,69027.2531,-18400.3740,1914591.0812,-246571.4970,2140713.3420,2921012.3324,-89576.5458,-455767.2700
2026-07-20,47179.7072,-19509.1444,1424259.7096,-268826.8696,-127994.7667,-23442.9676,652811.7097,-494109.2282
2026-07-21,51612.1615,-20323.3572,1453123.0152,-285654.8231,-136467.4895,-22020.9939,409363.1604,-490757.1609
2026-07-22,50431.7828,-22409.2615,1428158.9661,-322047.5801,-140125.7753,-26453.3204,635599.1204,-389765.8606
2026-07-23,50773.1844,-28459.3163,1278801.1477,-435773.9268,-148808.6051,-19685.7960,624820.3661,-610867.2812
2026-07-24,51740.3574,-30810.6468,1341732.9984,-491030.9035,-168182.8752,-38646.5254,847358.4678,-358261.4006
2026-07-27,55151.4535,-30834.7743,1418905.4060,-494126.6275,-167204.0922,-32888.3132,770022.6670,-448118.0226
2026-07-28,58828.9947,-28630.2270,1503037.9548,-485383.9847,-168902.8604,-31824.3024,521016.8943,-348610.6330
2026-07-29,55252.9080,-33450.0338,1439498.3487,-551249.4488,-181308.3307,-39647.9160,856234.0371,-351091.7681
2026-07-30,59160.8237,-33355.8375,1455542.5429,-553382.4300,-194912.6580,-39417.4775,876546.5888,-313542.3779
2026-07-31,56998.9408,-36697.7632,1369459.5844,-600755.4207,-213049.8357,-43111.0081,1023613.9176,-329644.7141
2026-08-03,58842.0594,-37213.1992,1357599.7021,-601344.7378,-224911.4200,-37613.3839,968158.1487,-327245.3906
2026-08-04,50456.8826,-45636.2064,1143365.5896,-768811.2056,-272011.4593,-61083.2671,1302695.0811,-218074.9452
2026-08-05,49878.6283,-50691.3932,1112187.2789,-879506.5164,-284468.3890,-78867.8558,1384367.3497,-152380.8692
2026-08-06,54210.4232,-47690.9118,1181479.2351,-780034.5177,-294472.1347,-53941.3720,1339783.6221,-267104.1234
2026-08-07,52528.7986,-51651.3543,1134092.1530,-851731.5232,-313653.6954,-61956.7039,1391310.3322,-224384.1738
2026-08-10,48444.7438,-57387.5477,1062332.9212,-939165.4344,-376872.4361,-84548.8001,1558233.0128,-89059.4092
2026-08-11,52370.5100,-53404.4169,1106130.6272,-885114.9644,-387596.9104,-47631.6107,1247888.5389,-161802.6310
2026-08-12,53091.0116,-58142.9470,1099230.6991,-882148.7769,-419017.9216,-59710.0986,1523377.5950,-111985.3870
2026-08-13,62878.0003,-48812.8655,1246597.4391,-742228.0107,-427943.3725,10411.4608,1116378.6534,-324185.2437
2026-08-14,61148.5450,-51422.9698,1207729.2063,-766583.7067,-477053.4405,23496.1370,1296126.1966,-341278.6322
2026-08-17,55815.2412,-61133.5212,1128936.6810,-847145.2831,-720870.4511,56565.7388,1500350.8881,-199323.4218
2026-08-18,59486.1272,-51940.0125,1188734.9287,-778827.2068,-851603.3891,274393.8786,1220178.0611,-332634.2926
2026-08-19,57697.1434,-60142.9656,1144951.8487,-844055.2171,-1199557.4197,386051.0234,1346788.5269,-243152.8492
2026-08-20,62284.2368,-58152.8162,1217282.1930,-792066.9971,-2048259.3545,1232722.4510,1303525.2268,-340573.4639
2026-08-21,58051.3392,-62775.0892,1219952.8642,-776271.8235,-6965590.2383,4488116.5744,1307349.0047,-314315.2565
2026-08-24,50940.0510,-39515.5084,1218619.7850,-679282.6905,-235984.2990,-51963.9271,1222378.0452,-247810.1248
2026-08-25,56870.4846,-40443.9574,1278699.6235,-667132.4683,-251278.8475,-49104.7803,1257898.5375,-311810.7628
2026-08-26,62873.4175,-41956.5471,1285008.2559,-691634.6204,-275857.8364,-50370.2528,1333514.2021,-333249.3582
2026-08-27,67417.5927,-41353.7734,1299224.6193,-704783.9503,-287551.5948,-48231.9075,848390.8353,-287845.6948
2026-08-28,61507.2456,-49344.1960,1245532.9520,-786014.5547,-300539.9428,-63099.1996,1441771.8004,-332177.1519
2026-08-31,56706.4598,-55100.6993,1118651.2397,-933303.8253,-342563.6980,-85688.4021,1580760.5946,-154183.7661
2026-09-01,56911.5832,-53102.7475,1127594.3021,-901022.6817,-358407.0415,-66132.0141,1467901.5543,-225634.2530
2026-09-02,54405.4441,-67542.3364,1035904.1423,-1118427.2154,-398265.1924,-116565.3745,1729348.1487,-105547.3833
2026-09-03,53198.2289,-66332.7751,1001467.1110,-1116246.2056,-435459.0085,-104297.6686,1895607.0355,-175715.7055
2026-09-04,61561.1041,-66813.7302,1101160.5178,-1106895.4522,-503383.2652,-89392.3071,2216937.4600,-198149.3442
2026-09-08,62640.9531,-68744.4552,1101920.4670,-1145716.0005,-591723.7151,-85092.9282,1959133.5245,-74863.7245
2026-09-09,63110.3240,-71425.7682,1088868.0725,-1154690.1878,-638693.2477,-81150.3600,2045598.5550,-97860.9523
2026-09-10,54397.4954,-74547.3797,1014383.9746,-1284158.4695,-675173.8912,-103752.5513,1773902.0920,28615.4114
2026-09-11,53452.3865,-78327.2249,989164.3823,-1294034.3573,-776671.3763,-102175.7569,2001115.3160,-31926.4619
2026-09-14,51880.3375,-74759.7555,982780.3333,-1265520.5441,-1195965.8543,-35467.2472,1832451.0831,42341.4097
2026-09-15,51599.8817,-99550.7992,934451.0915,-1452069.2586,-1543154.1798,-137952.7147,1957719.1833,51246.4034
2026-09-16,52420.5773,-91402.3931,919708.5391,-1287323.1559,-2184085.5462,92895.0281,2050352.9686,-46435.6065
2026-09-17,54499.4976,-100237.0141,938778.5549,-1230876.0809,-4014895.2910,583160.3279,1818084.7158,-113370.9165
2026-09-18,49979.8091,-90329.1892,911821.3228,-1178290.3783,-13974239.6011,3081669.4915,1743359.3718,-12467.8370
2026-09-21,39639.4472,-56053.8113,871249.8147,-1058535.9312,-254689.8168,-103171.4833,1652850.2937,-12778.3146
2026-09-22,43485.7634,-56791.4872,932259.4671,-1018372.0325,-259221.7451,-105431.0382,1602939.8280,-106115.4248
2026-09-23,42620.8580,-61283.6858,892275.7282,-1078847.4146,-275005.3369,-116128.5892,1721875.6183,-82281.0409
2026-09-24,45994.9593,-58765.0603,916902.1867,-1020225.1496,-280512.2511,-106117.8547,1597905.5144,-86744.4157
2026-09-25,45567.1056,-63433.2987,898503.9031,-1114281.6440,-294399.2979,-124555.4377,1725527.6644,-4708.4707
2026-09-28,46698.5425,-61621.8631,882243.3664,-1119143.3480,-328539.2799,-120090.4817,1739012.1632,73009.3491
