date,call_gamma,put_gamma,call_delta,put_delta,call_charm,put_charm,call_vanna,put_vanna
2023-09-29,18540.6170,-17271.1726,537727.8473,-577769.0398,0.0000,0.0000,0.0000,0.0000
2023-10-02,20416.0355,-18080.5921,578109.5757,-565127.6545,0.0000,0.0000,0.0000,0.0000
2023-10-03,20649.2662,-17699.7840,585845.4964,-550467.6477,0.0000,0.0000,0.0000,0.0000
2023-10-04,18407.4784,-18253.7305,467081.4071,-690472.3087,0.0000,0.0000,0.0000,0.0000
2023-10-05,19532.8710,-18929.3784,478737.1914,-688750.9819,0.0000,0.0000,0.0000,0.0000
2023-10-06,19204.8326,-19229.2597,446928.7011,-715133.1826,0.0000,0.0000,0.0000,0.0000
2023-10-09,20599.6977,-19855.2570,464036.7754,-699583.5424,0.0000,0.0000,0.0000,0.0000
2023-10-10,21462.2937,-20617.0359,481915.0975,-678281.0624,0.0000,0.0000,0.0000,0.0000
2023-10-11,24319.3262,-19144.9436,650589.5679,-532926.8690,0.0000,0.0000,0.0000,0.0000
2023-10-12,18840.3111,-22359.3301,416800.2089,-861122.8171,-384081.5704,-128209.9508,952855.7202,-7219.5405
2023-10-13,16635.9476,-21376.4784,351297.0767,-969232.3221,0.0000,0.0000,0.0000,0.0000
2023-10-16,19873.8342,-21818.4321,425391.0690,-887162.7561,0.0000,0.0000,0.0000,0.0000
2023-10-17,28385.8338,-23386.3911,540876.5232,-753971.8490,0.0000,0.0000,0.0000,0.0000
2023-10-18,33018.5676,-25284.9659,653208.0929,-653233.6110,0.0000,0.0000,0.0000,0.0000
2023-10-19,33628.9443,-26306.4372,686460.5208,-635463.3178,0.0000,0.0000,0.0000,0.0000
2023-10-20,37990.5139,-30064.5521,596514.3224,-692069.9408,0.0000,0.0000,0.0000,0.0000
2023-10-23,12649.7413,-13498.5087,452033.6170,-561161.6350,-109751.8831,-44436.8090,630145.5698,-83839.9554
2023-10-24,13932.7576,-14335.3430,459933.0286,-565725.6948,-119973.4541,-46511.2222,651573.5251,-115020.7566
2023-10-25,14165.0514,-14850.5154,458311.3044,-559139.4748,0.0000,0.0000,0.0000,0.0000
2023-10-26,12683.1338,-15716.8854,369038.3170,-682104.2717,0.0000,0.0000,0.0000,0.0000
2023-10-27,12599.1045,-15535.0966,370079.8728,-687319.4129,0.0000,0.0000,0.0000,0.0000
2023-10-30,13717.9224,-15048.0612,427768.5266,-624688.2571,-141253.0665,-54949.4983,708183.3145,-11906.4279
2023-10-31,14777.7501,-15875.2555,441452.1262,-601022.6177,-147958.3278,-52766.4416,717710.2272,-68776.8507
2023-11-01,15441.0222,-15129.7421,504831.9084,-546100.1276,-141638.9125,-41567.6780,650585.4887,-110418.7211
2023-11-02,16867.6370,-15018.7728,553274.3896,-481523.4145,-136682.1097,-28020.0460,574013.0830,-213992.0351
2023-11-03,17587.3888,-15230.4486,573190.5165,-465779.1021,-163146.1792,-41000.5999,715356.6005,-163466.9608
2023-11-06,21411.4177,-16406.0938,604216.3277,-411970.3638,0.0000,0.0000,0.0000,0.0000
2023-11-07,25130.9702,-17574.4253,629815.0735,-432527.1186,-220974.5794,1754.6467,660492.5510,-458752.5911
2023-11-08,24107.0111,-19082.5756,589781.8663,-454345.3991,-221839.9972,2884.0490,676299.0652,-476965.8774
2023-11-09,25898.1083,-20233.5181,610270.8845,-475799.4503,-238442.5774,2535.8415,657346.6313,-438675.9832
2023-11-10,23424.1922,-21997.4477,516648.4704,-553721.7122,-292720.4833,-13202.2013,813141.9845,-343762.0695
2023-11-13,27266.0980,-21158.3556,619629.1114,-486117.6821,0.0000,0.0000,0.0000,0.0000
2023-11-14,31824.9695,-16456.2767,793093.9655,-349614.8226,-261030.6874,209876.0279,509475.2699,-551364.2625
2023-11-15,32520.8559,-17108.6630,815253.5034,-361690.6569,0.0000,0.0000,0.0000,0.0000
2023-11-16,33569.0537,-17373.7934,840501.2267,-345439.7939,-229038.3164,361512.2084,394987.9604,-555102.6840
2023-11-17,37265.6783,-12162.0530,1089374.4725,-244348.4641,312046.2693,989468.4589,235692.5438,-628189.1092
2023-11-20,18716.9653,-13339.5509,651698.4699,-284244.6549,0.0000,0.0000,0.0000,0.0000
2023-11-21,21149.0109,-13517.1757,686094.5458,-263035.2693,-140763.3192,-13495.9605,381580.6196,-652577.8185
2023-11-22,22040.6157,-11632.1240,779240.6949,-221726.9139,-130515.4966,-4737.3594,267918.4641,-656268.0010
2023-11-24,23164.3438,-11156.3243,807823.3349,-206283.3080,0.0000,0.0000,0.0000,0.0000
2023-11-27,23333.3643,-11924.6132,777748.6295,-213661.1540,-144682.3026,3310.8125,286885.0220,-738758.0947
2023-11-28,23744.2815,-12121.8929,782974.3998,-215699.7414,0.0000,0.0000,0.0000,0.0000
2023-11-29,24134.6646,-13621.5176,735318.6823,-232487.9749,-166560.5698,6827.4358,368559.0252,-725330.8899
2023-11-30,24484.1911,-12104.6503,800088.4579,-207916.9707,0.0000,0.0000,0.0000,0.0000
2023-12-01,25690.4349,-11163.6512,843083.8577,-195957.4971,-159078.1544,30468.1891,234863.4746,-740641.2471
2023-12-04,25549.4818,-10240.2443,883085.1877,-182209.7447,0.0000,0.0000,0.0000,0.0000
2023-12-05,24520.6707,-14908.5325,716511.2994,-253643.9352,0.0000,0.0000,0.0000,0.0000
2023-12-06,23998.1260,-14536.6047,726005.4714,-268197.1362,0.0000,0.0000,0.0000,0.0000
2023-12-07,23468.3275,-16738.2254,669458.6793,-304465.3025,-235006.4560,35972.7809,551676.7553,-545773.7742
2023-12-08,24507.1265,-16141.4163,693927.7046,-283578.9022,-239009.3455,62358.3043,496557.2226,-575914.8595
2023-12-11,24738.6721,-16786.2640,671138.0786,-281637.7416,0.0000,0.0000,0.0000,0.0000
2023-12-12,27701.0800,-13742.0589,823192.7811,-219039.1597,0.0000,0.0000,0.0000,0.0000
2023-12-13,28853.6439,-12619.0315,861791.2843,-190833.8351,0.0000,0.0000,0.0000,0.0000
2023-12-14,32148.5508,-8474.3224,957362.5402,-153021.8510,0.0000,0.0000,0.0000,0.0000
2023-12-15,31384.2687,-9632.2306,927743.0374,-168907.6438,0.0000,0.0000,0.0000,0.0000
2023-12-18,17241.0651,-8017.8176,562378.2432,-204414.7117,,,,
2023-12-19,18948.8586,-9821.8032,580432.1851,-238378.9056,,,,
2023-12-20,19780.9672,-9890.5531,599849.3673,-239248.2490,-155564.7966,-8880.7190,459426.0955,-508970.8408
2023-12-21,19091.3449,-11710.1796,543780.5570,-295115.0583,-160548.7414,-14649.1249,546625.3154,-458415.6027
2023-12-22,21558.9578,-9816.4063,691067.0032,-231348.4160,,,,
2023-12-26,22812.4483,-9773.8827,714769.9497,-224313.8997,-145719.0469,-2018.4842,329001.8228,-508825.5052
2023-12-27,23690.9176,-9352.7828,756631.7698,-210784.4791,,,,
2023-12-28,24291.8853,-9761.8868,723917.9303,-218527.8679,,,,
2023-12-29,24165.2216,-10339.0331,748535.5061,-219990.7846,,,,
2024-01-02,25156.7266,-10870.7577,749885.2592,-225120.7937,,,,
2024-01-03,23902.1831,-12157.8437,678868.9197,-260540.5668,-201315.7584,13443.0289,462333.7861,-472179.8967
2024-01-04,23832.5074,-13161.3454,628678.8046,-286166.0427,,,,
2024-01-05,25931.8603,-11859.6767,730452.4910,-250163.1892,,,,
2024-01-08,25270.0964,-13064.4609,666330.3438,-275963.1013,,,,
2024-01-09,28122.4713,-11525.8145,761239.7393,-222379.8738,-243463.9930,59164.6597,427141.3136,-484726.0240
2024-01-10,31217.3923,-10185.8866,845271.6232,-188770.6659,-230273.9458,85808.3122,309918.2798,-522005.5795
2024-01-11,32219.6210,-8603.1693,990127.6174,-159952.6145,,,,
2024-01-12,33927.9062,-8316.2404,1011929.5441,-157599.4734,-194596.9241,134037.4083,136187.1779,-524409.9878
2024-01-16,33364.3624,-7066.6422,1139465.5492,-134343.1077,,,,
2024-01-17,31112.7341,-6927.8564,1232065.6729,-140826.8334,,,,
2024-01-18,28680.7427,-5936.8504,1227728.7881,-134510.0009,,,,
2024-01-19,29272.9276,-6300.9555,1266447.8834,-141155.7801,637571.4076,1246131.6333,-38691.6844,-504753.4822
2024-01-22,11044.5286,-6040.4262,563149.4211,-156361.0106,,,,
2024-01-23,12508.5958,-7185.2039,564076.5124,-178055.2855,,,,
2024-01-24,13149.5629,-7731.4070,559084.5282,-187958.0483,-12311.3509,-2146.3714,-88539.0845,-395005.5129
2024-01-25,12577.0113,-8600.4205,516528.8009,-222531.5527,,,,
2024-01-26,13115.4709,-7988.4121,559468.6558,-206715.1825,,,,
2024-01-29,13399.9880,-8316.5567,576576.2619,-213432.1305,-82746.0754,-5616.8653,142939.7228,-420256.4876
2024-01-30,14165.4361,-9131.9288,652614.9105,-230325.4551,-77261.5527,-6455.4870,108509.0773,-396218.9406
2024-01-31,13897.4471,-4298.3137,1040242.2954,-105094.5009,-39723.0013,33994.8756,-160745.5985,-427655.8231
2024-02-01,16787.4637,-5434.2258,1024855.7831,-121929.1560,,,,
2024-02-02,17903.2321,-5597.6035,1122936.4284,-121499.6679,-58210.6356,54912.4900,-217037.8704,-754835.4719
2024-02-05,18505.5474,-5396.8320,1217577.0887,-123025.3843,,,,
2024-02-06,19278.4916,-6315.2630,1193886.9706,-143148.2160,-53562.7974,94029.6390,-187990.9412,-758177.8331
2024-02-07,21171.7387,-7441.4755,1142399.0896,-161620.3368,-80832.1399,96103.3378,-153952.7415,-804287.8005
2024-02-08,20958.9773,-6568.7069,1185944.0587,-144749.6146,-67610.2568,123133.7577,-190801.7197,-764599.6055
2024-02-09,22261.5086,-7231.6066,1137611.4863,-165866.5318,-77119.1370,132961.5852,-187744.3635,-847080.6354
2024-02-12,22394.0271,-6730.4608,1193424.5573,-151656.2216,-72301.8847,169292.5903,-173420.9048,-835215.6579
2024-02-13,23016.4533,-7110.5435,1170478.9583,-157918.5463,-68939.6172,321591.3713,-120196.7447,-750468.8633
2024-02-14,21847.8627,-7692.9373,1166339.1615,-173235.7719,,,,
2024-02-15,26234.8199,-5104.5899,1398301.0982,-127076.1936,,,,
2024-02-16,27966.4410,-5407.1294,1393776.7292,-141061.4330,572842.1800,1095200.8361,-145112.1854,-622874.1923
2024-02-20,15631.7408,-4840.7665,996616.8592,-147016.4217,,,,
2024-02-21,16405.7252,-5426.0897,980513.7863,-158565.2129,,,,
2024-02-22,16760.9320,-5788.7564,979683.1553,-167443.4299,,,,
2024-02-23,17058.0487,-5235.4743,1071650.7058,-146949.3327,-68279.3409,15076.0208,-130677.3330,-477524.8722
2024-02-26,17163.9103,-5039.0700,1105796.6192,-142793.7189,-65347.0958,19898.3770,-158971.8326,-500175.0734
2024-02-27,18372.0047,-5715.8125,1072135.7018,-155299.6671,-87041.4183,21111.5905,-50931.5328,-471577.6386
2024-02-28,18712.4420,-5844.2126,1058157.2023,-156487.9120,-79469.4059,28666.5606,-114758.1707,-516265.6023
2024-02-29,18764.0242,-6035.6379,1047716.9250,-162823.4735,-83589.9768,30436.6893,-78223.3110,-499363.1173
2024-03-01,18918.2358,-7073.0011,1012316.5312,-186547.1925,-101501.0952,30317.0070,28065.0679,-511939.9695
2024-03-04,18630.7726,-6215.0098,1039974.6774,-169662.5138,-76094.3873,41072.6306,-99789.5031,-546622.8753
2024-03-05,18299.1306,-5705.1560,1088069.6298,-156351.6043,,,,
2024-03-06,20139.1057,-6709.9391,1061777.1887,-180656.7479,,,,
2024-03-07,19748.1346,-6556.5650,1094898.6130,-176015.3648,-73571.5537,85449.0963,-93482.6076,-499952.5418
2024-03-08,18906.3316,-6247.2088,1121871.4806,-168654.5393,-63817.6854,102694.5907,-109866.1559,-506485.6057
2024-03-11,19002.7079,-6608.4315,1128289.2563,-171424.1303,-63797.3296,123573.4930,-81426.1265,-505697.1946
2024-03-12,20946.9639,-7436.0408,1094972.4260,-183452.3316,,,,
2024-03-13,19808.5241,-6563.9041,1147827.5843,-169557.5263,,,,
2024-03-14,21414.4844,-7484.0217,1129166.0207,-180112.8531,,,,
2024-03-15,22800.9477,-7917.5009,1109710.1049,-187341.0791,,,,
2024-03-18,10220.9790,-5498.5626,656506.8002,-191069.0256,,,,
2024-03-19,11274.0997,-5775.8795,683005.3353,-185893.8965,,,,
2024-03-20,11690.5739,-5479.8558,714519.6273,-170004.3904,,,,
2024-03-21,11530.9981,-6119.2176,672409.7676,-190741.8165,,,,
2024-03-22,11661.7909,-6392.0313,677209.8605,-197674.5657,,,,
2024-03-25,11679.8131,-6588.3122,667355.9843,-204460.7543,,,,
2024-03-26,11492.3159,-6843.2159,648343.2456,-215297.3976,,,,
2024-03-27,11666.0903,-7189.9757,631241.2428,-222517.1870,,,,
2024-03-28,12611.3153,-6268.5592,742848.0030,-170577.9926,-59175.9010,-12598.0648,-67415.1508,-445748.1398
2024-04-01,12878.5290,-6644.0164,733728.0885,-175525.5700,,,,
2024-04-02,12741.1812,-7436.0549,693951.2016,-200578.1390,,,,
2024-04-03,12292.2679,-8194.5117,639140.8053,-244848.0355,,,,
2024-04-04,12733.5052,-8104.7553,661754.2551,-233102.3222,,,,
2024-04-05,12191.0820,-8639.4395,619159.9047,-266404.0754,,,,
2024-04-08,13131.3133,-8633.6902,659575.8352,-236401.8431,,,,
2024-04-09,13216.3450,-9316.2955,643398.4475,-248151.1058,,,,
2024-04-10,13856.4215,-9427.3835,658183.6501,-239568.8469,,,,
2024-04-11,12748.8333,-10095.4736,611111.5877,-273085.6420,,,,
2024-04-12,12714.3347,-10269.7493,603946.3893,-281471.6392,,,,
2024-04-15,13338.0838,-12105.1388,582657.3832,-349815.2181,,-4382.1902,,-8933.8358
2024-04-16,12226.0243,-12111.0459,545261.1447,-377360.4581,-398704.4311,-98796.8060,328918.8001,-247016.9196
2024-04-17,10994.4358,-12460.2916,519004.6955,-398540.6055,,,,
2024-04-18,10313.9709,-12142.7127,493759.5423,-392345.1524,,,,
2024-04-19,8463.4338,-12194.1671,428649.1419,-475611.8490,,,,
2024-04-22,7496.1811,-8091.0996,406813.8097,-368353.4366,,,,
2024-04-23,8286.3424,-8273.3670,432792.1172,-351489.9740,,,,
2024-04-24,9008.0528,-7895.8149,493192.6604,-298562.7112,,,,
2024-04-25,9670.2485,-7834.2232,523942.2081,-286138.3862,,,,
2024-04-26,9842.3319,-7780.6268,524596.7996,-282453.7912,,,,
2024-04-29,10274.9827,-7913.7395,532686.5909,-282857.1611,,,,
2024-04-30,11007.5312,-7827.0261,566936.5055,-276655.0134,,,,
2024-05-01,11500.8481,-8336.3850,554670.6719,-307949.9957,-102567.6112,-25029.3159,257740.8393,-295817.2781
2024-05-02,11352.9877,-10408.7882,451508.4293,-334914.2720,,,,
2024-05-03,10708.5020,-11064.2205,423444.8923,-342658.7575,,,,
2024-05-06,11727.1359,-10999.7722,448287.0063,-320192.3582,,,,
2024-05-07,11099.7604,-12158.5338,416787.5149,-342546.9022,,,,
2024-05-08,13500.3314,-10807.1273,479955.8222,-280975.8237,,,,
2024-05-09,13385.6460,-11824.1404,460238.5644,-312783.9719,,,,
2024-05-10,14472.6712,-11577.9756,478374.3974,-291661.2854,,,,
2024-05-13,14461.4504,-12103.4111,465378.8436,-298340.9209,,,,
2024-05-14,12098.2137,-14905.9341,395751.3018,-367129.6877,-348007.9089,-38468.3923,430216.1444,-483765.1414
2024-05-15,8844.3647,-8114.1560,163803.2057,-130606.7472,,,,
2024-05-16,16126.8308,-14240.1764,487017.6325,-305578.0185,,,,
2024-05-17,17065.4875,-12607.2150,514798.5981,-287683.1189,-862924.1168,150377.7996,257870.6188,-639456.0649
2024-05-20,11571.3499,-9916.4064,486164.6487,-269647.2779,-84752.3654,-22071.8911,84623.0187,-681146.8115
2024-05-21,10773.7154,-11415.7641,436422.6211,-328413.5403,-96607.9730,-28691.1058,214585.9718,-640086.9639
2024-05-22,11642.0919,-10692.9909,481752.5294,-283683.6691,,,,
2024-05-23,12066.2281,-11292.8043,497776.2798,-299536.6014,-98020.9816,-22761.3499,242458.8619,-660560.9821
2024-05-24,11345.0271,-12342.7330,447987.2327,-357444.7107,-106344.8789,-29716.8958,297574.1617,-555937.2135
2024-05-28,12899.0014,-11257.8703,509847.1365,-290330.5561,-98981.4921,-21674.1452,159838.9940,-659734.5962
2024-05-29,13648.7925,-10688.6204,543940.6854,-275372.9769,,,,
2024-05-30,14065.1789,-9809.8046,593632.7568,-252384.7602,-101838.2529,-12612.6618,120486.0873,-610598.7560
2024-05-31,14593.4965,-10012.3170,594799.9182,-267615.6198,-110397.1529,-13685.3142,141831.2604,-570898.0419
2024-06-03,15147.8916,-10213.2256,595804.5684,-263293.1051,-115636.2687,-12406.1686,128258.6294,-611198.8683
2024-06-04,14957.6471,-11028.3027,584321.9427,-281160.5290,-126091.2134,-12210.6320,158504.1163,-578417.0907
2024-06-05,15473.4176,-10455.7887,617771.5993,-256249.0962,-123829.0786,-6464.3219,105728.5719,-593381.0081
2024-06-06,17248.1199,-8897.7257,714452.8138,-212863.4363,-126647.4525,10014.7626,60651.6055,-686054.5115
2024-06-07,16814.4360,-7915.0181,753383.9460,-189612.5793,,,,
2024-06-10,17241.0200,-8459.2203,735220.0561,-198203.8338,-124934.6821,17501.1294,370.7479,-719270.2534
2024-06-11,17998.8750,-8668.6977,721443.4075,-199741.1642,-147786.1637,34027.3829,36104.9616,-705989.3614
2024-06-12,17880.3325,-9651.6227,684565.5362,-233185.0379,-168060.9690,40716.3847,88816.5276,-772402.9289
2024-06-13,19019.3073,-9809.2727,689807.8590,-233656.8468,-180994.0721,43675.6742,73130.9347,-731765.7154
2024-06-14,18111.3448,-11738.2515,624597.4100,-261978.3994,-228704.1871,45815.3566,193889.9331,-750699.5670
2024-06-17,19223.6493,-10748.1064,656243.7465,-248119.2070,-238141.0002,67751.3458,165136.5380,-715587.8222
2024-06-18,19205.5473,-10482.6443,646000.7856,-240655.8896,-349608.1888,183953.1895,188730.0743,-719740.8730
2024-06-20,21449.8518,-9273.9255,723168.2284,-224804.0019,-362231.1167,266049.8938,103385.1421,-678233.4527
2024-06-21,20165.3247,-15216.1665,599852.9919,-316221.4676,-1345388.0698,857422.7241,162638.6042,-628537.5799
2024-06-24,8771.7758,-8777.4065,482755.6408,-300231.3743,-11110.5888,-9739.4247,30186.1278,-126557.7544
2024-06-25,9685.6333,-9560.6819,480775.3877,-319196.7818,-56251.7389,-29204.8566,54193.4527,-550931.4698
2024-06-26,9854.7923,-9989.1084,468279.8174,-331277.5513,-59642.3143,-30859.5454,64866.0654,-575851.1354
2024-06-27,10453.6565,-10331.4329,490159.7276,-325106.1255,-60559.8999,-30725.5609,37415.0393,-603382.0998
2024-06-28,10444.6941,-10594.0836,487836.8793,-344690.6749,,,,
2024-07-01,10468.9808,-11000.1389,493581.0229,-331943.8797,,,,
2024-07-02,10042.7154,-11631.4304,456453.8685,-372876.8240,,,,
2024-07-03,9960.3163,-11859.1665,438817.9910,-397769.2535,-76506.5203,-43300.2759,159257.5950,-568006.7560
2024-07-05,10606.0910,-12143.3437,435477.2514,-406922.0122,,,,
2024-07-08,11583.6955,-12019.9179,466625.3693,-363330.5111,-85359.5136,-39120.4318,143293.7824,-579520.3705
2024-07-09,11081.2325,-12446.7377,444283.0710,-403003.6068,,,,
2024-07-10,11574.4619,-13853.2538,453100.7939,-394526.2279,-102438.7239,-33440.1573,180515.4353,-583950.7247
2024-07-11,12077.0692,-14013.9388,464895.0841,-381275.5775,-104923.9777,-28307.8048,158289.9974,-609849.9976
2024-07-12,12503.2022,-14683.9818,481630.0299,-377275.9329,,,,
2024-07-15,13356.7580,-15975.1838,498737.8677,-366814.9238,-110857.7462,-14043.2312,102876.3044,-627048.5280
2024-07-16,10132.5140,-14735.9779,388144.7153,-533768.0369,-216078.8667,-85949.8092,265742.3806,-482637.2865
2024-07-17,12037.1563,-17036.4798,432449.6351,-477885.4288,-238567.2399,-62178.1379,221281.5288,-537502.5910
2024-07-18,12433.9964,-13629.5749,455426.3209,-394494.1476,,,,
2024-07-19,11036.2017,-12907.4991,429406.6678,-422363.8251,-620487.2950,135594.4712,232964.8152,-517576.9341
2024-07-22,8944.0385,-8159.3483,500834.1468,-305052.4621,-53626.7830,-22887.8352,96095.3196,-494841.8610
2024-07-23,9697.1696,-8642.1257,530475.8281,-309903.3138,,,,
2024-07-24,9882.8310,-8878.9874,530861.2184,-316498.5858,,,,
2024-07-25,9664.4574,-9155.9899,518004.9534,-337097.3106,-62270.8824,-27006.9626,180657.8401,-440406.5843
2024-07-26,8545.1624,-10311.4861,410337.8393,-458934.9007,,,,
2024-07-29,9162.0073,-11627.8257,461053.4591,-475711.5029,,,,
2024-07-30,10153.7126,-11439.5368,506844.9798,-458129.0745,-87751.5373,-35717.0390,314792.2707,-338348.7223
2024-07-31,9643.8984,-14296.8508,428249.0949,-627178.9312,-116314.3747,-59091.0432,453432.1609,-225431.1501
2024-08-01,10766.8713,-15184.6958,406241.2693,-522479.9943,-130828.0074,-48744.4188,469559.8987,-557886.4824
2024-08-02,12093.4987,-14545.0003,465209.6087,-458662.9782,-125283.4399,-35547.6606,397688.3883,-587181.2936
2024-08-05,11503.8557,-14028.9842,463629.5850,-491558.9690,-127073.2824,-40187.2714,407232.1720,-418591.0835
2024-08-06,9197.1577,-14196.5197,376337.9355,-639473.7811,,,,
2024-08-07,10052.6017,-16326.2563,380617.6380,-622809.6055,,,,
2024-08-08,9319.0354,-17335.8636,355484.0174,-669357.4606,,,,
2024-08-09,12148.7235,-15460.8272,456905.2218,-481203.6373,,,,
2024-08-12,12032.0958,-17137.4119,416536.9250,-523236.3940,,,,
2024-08-13,11458.1422,-17772.5016,393679.2226,-541647.2933,,,,
2024-08-14,12863.7399,-18435.0187,418861.1387,-497797.7225,,,,
2024-08-15,13777.1277,-17381.5626,450914.2077,-433138.3818,,,,
2024-08-16,14280.4065,-16122.7869,470832.7315,-411501.5422,,,,
2024-08-19,10655.7345,-10108.6915,461164.5903,-327764.1408,,,,
2024-08-20,11923.7126,-9535.7756,517771.1527,-298994.1095,,,,
2024-08-21,12170.3133,-9459.8532,555649.7051,-291765.0488,-85972.0643,-17878.1707,183502.1048,-622023.7245
2024-08-22,12807.8928,-9318.2940,581347.2291,-280195.4740,,,,
2024-08-23,12945.7347,-8984.6879,654599.9871,-257268.7434,,,,
2024-08-26,13747.7315,-8550.2727,695277.6566,-234775.1080,,,,
2024-08-27,14272.1460,-10641.2233,720893.5767,-260574.1072,-37712.4807,-6678.4147,90237.9035,-359727.0889
2024-08-28,14081.6774,-9770.4013,764290.5987,-240336.7544,-65453.4675,1454.4164,93751.1916,-680099.3556
2024-08-29,14182.8698,-10208.8847,755103.3179,-259618.8366,-81954.5104,-1036.8280,5058.6672,-734489.0451
2024-08-30,14449.9983,-9570.5352,775002.4214,-235989.4900,-83147.3499,3345.7906,-5718.9121,-781669.3602
2024-09-03,14928.0132,-9239.8767,793645.1244,-222439.3720,-84460.4830,17700.1889,-57665.1498,-782279.7792
2024-09-04,14733.3349,-9331.3263,800668.6735,-228545.6523,-65196.1686,19240.4154,143578.0903,-496077.6824
2024-09-05,14870.6797,-9988.1568,794901.2030,-243321.0381,-89477.1577,22550.8592,18451.6783,-738997.1055
2024-09-06,14719.7459,-10155.5404,786350.4131,-250791.7808,-92392.1493,26216.9564,39753.9446,-702144.8917
2024-09-09,14909.8517,-11000.4999,837411.2461,-267214.2010,-79048.3270,51340.4813,168931.4197,-449559.2465
2024-09-10,15019.3866,-10535.7428,871962.1068,-241096.2156,-86812.5285,57527.8880,4457.0093,-677659.1617
2024-09-11,15842.9409,-10239.1351,899074.5238,-246751.6627,,,,
2024-09-12,15872.2844,-9189.8614,937344.1582,-210987.5480,-59997.3525,106173.0063,21367.6563,-484416.5020
2024-09-13,15578.3565,-8883.5366,912173.8717,-205205.7429,,,,
2024-09-16,15419.6495,-7390.7419,1017179.1836,-176880.8119,-791.8002,292131.6299,-210557.3503,-655528.9657
2024-09-17,15897.1535,-8147.8353,979776.4198,-189755.5870,-34640.0213,356107.0883,-105418.5706,-613318.7597
2024-09-18,17409.5527,-13650.4178,860380.4732,-302949.6905,-138882.6988,464730.5217,41368.4182,-435619.5868
2024-09-19,17450.6438,-13702.1227,903448.9385,-278324.7680,-11839.2037,1222784.9297,-33504.7653,-612430.0962
2024-09-20,18120.4425,-12454.6515,933772.3758,-270241.7502,296843.9410,5567094.2925,100547.6139,-451478.3974
2024-09-23,10748.3798,-7350.9357,708716.1907,-218529.1801,-59703.7215,-17161.3635,-79203.3813,-541897.7568
2024-09-24,12318.3217,-8428.3949,693938.9303,-246553.7440,-76980.2253,-20755.8448,24471.2623,-590329.3807
2024-09-25,12671.4711,-8586.6528,685133.2542,-263326.7838,-79936.6473,-23074.5443,11688.5936,-547917.6723
2024-09-26,13154.9242,-8863.4318,709237.0396,-272681.4884,-82164.6126,-23999.6004,-13764.0192,-527403.8342
2024-09-27,13164.1617,-8644.8348,712995.4430,-267197.3009,-83379.6194,-21584.4092,32765.7836,-540434.4992
2024-09-30,12700.8354,-10141.7736,653733.2881,-310402.6579,-19411.5461,3266.4383,62286.5716,-54718.5662
2024-10-01,13278.6508,-9519.0027,680510.3428,-278622.0605,-99489.7117,-23546.0296,110336.7591,-556685.7873
2024-10-02,11969.5862,-10606.5531,589007.2264,-358547.5808,-117003.5390,-38688.3709,266023.7139,-471681.0562
2024-10-03,12122.5951,-10489.6301,598294.4406,-348408.5538,-116243.0498,-35219.4537,237219.3764,-470621.9044
2024-10-04,11519.2859,-10975.0612,562608.4028,-387859.8856,-125754.7798,-42921.2425,294281.8254,-438426.8927
2024-10-07,11282.4884,-11303.0928,542543.9508,-418779.8809,-129191.6908,-41037.7067,337745.6432,-224362.5348
2024-10-08,11141.1227,-10729.4622,526838.1498,-419408.6624,-158388.4544,-56916.0729,330115.9078,-352493.0448
2024-10-09,11486.2604,-11675.2679,545382.2661,-397319.3395,-171296.6718,-42278.0143,337446.7360,-429865.4883
2024-10-10,12483.2425,-13631.3001,590334.2754,-378946.9201,-166818.6115,-24949.7481,268378.1631,-493259.8402
2024-10-11,12838.2879,-13783.4354,596319.0199,-366431.2809,,,,
2024-10-14,13105.8387,-15390.6198,606503.5195,-366546.1517,-107005.2473,-4924.4261,128402.9951,-16100.7193
2024-10-15,14158.3570,-14129.6057,649204.4291,-317063.8620,-295703.8906,79930.4914,200871.5818,-519980.5872
2024-10-16,14214.5228,-16682.5831,640195.8252,-334364.3519,-10730.3306,-62122.8743,52559.5266,5061.2311
2024-10-17,16497.0607,-15572.0162,685000.3953,-275182.7580,-661683.6624,576906.0067,128369.1232,-553261.0949
2024-10-18,18500.9513,-14177.5913,689422.3519,-278995.3465,-1935759.1639,2394111.3294,75143.0107,-534734.4799
2024-10-21,10197.2306,-5678.5076,701834.8313,-191838.3009,-61516.7175,-12212.9389,36325.5247,-499849.0028
2024-10-22,11097.2962,-6023.6858,707452.8948,-206421.0061,-68947.8600,-12675.3198,121126.7540,-489393.7282
2024-10-23,11388.2244,-7081.6775,714260.2908,-226044.3702,-76220.7916,-14413.7312,98192.7679,-526216.7026
2024-10-24,11317.7085,-7385.0325,697123.5485,-237734.5147,-25512.8605,-3811.8751,81996.5826,-72874.6611
2024-10-25,11299.2319,-8505.6405,661224.8886,-304037.5486,-89003.6933,-26072.2049,190562.6466,-408103.9930
2024-10-28,11109.7985,-10759.2116,622812.9245,-376994.7899,-100219.4083,-33513.4148,265223.9364,-394429.6795
2024-10-29,11406.9947,-11317.5819,613712.5566,-387539.4521,-106370.0539,-34483.1022,281654.7385,-415104.0351
2024-10-30,21591.1420,-13011.8125,780574.7830,-290928.3515,-118520.6384,-18243.2054,-559818.9239,-778485.8469
2024-10-31,13547.9420,-13668.0122,680930.1803,-338737.8569,-113219.8297,-17179.1817,162676.5300,-773524.4917
2024-11-01,12994.6069,-14248.6975,655838.6412,-379625.2327,-125452.5687,-33748.6835,291946.2653,-593899.6445
2024-11-04,13874.8248,-11541.3234,779110.0168,-276644.4243,-105613.2373,14460.3884,67070.8230,-714997.6244
2024-11-05,13965.3344,-12204.4712,747689.6217,-304886.2955,-118294.8044,14378.4864,121316.5730,-656768.8782
2024-11-06,15416.4688,-9846.7161,885752.5611,-235210.0988,-90414.0864,39361.5121,-70014.2599,-645304.9523
2024-11-07,15932.4420,-14340.7358,773466.1345,-285354.0911,-127778.1988,38420.5128,27180.6754,-829960.9499
2024-11-08,16532.4551,-12835.2909,827002.4640,-240300.5847,-121574.2993,73775.1832,-31090.2492,-880889.2412
2024-11-11,16434.3253,-9224.0119,946445.3855,-165610.3229,-14732.6774,20804.0217,-22445.9041,-69041.5141
2024-11-12,16201.3924,-7278.6670,1046001.1814,-130155.2435,-12503.5526,370284.5902,-337500.5993,-877794.4256
2024-11-13,16336.0444,-7315.3456,1041915.1643,-145953.6006,18978.2314,597778.1219,-222645.4363,-784739.2136
2024-11-14,15896.4995,-6318.7213,1096466.4687,-129076.1341,261241.0485,1023382.6638,-237476.9186,-476561.1921
2024-11-15,16326.6330,-7315.5069,972460.1516,-148083.5217,347991.8018,5274732.9565,-117485.2210,-828515.9851
2024-11-18,11135.1687,-3936.5287,966401.8677,-107303.7006,-53823.2616,4901.1086,-227391.4938,-586350.4060
2024-11-19,12103.2766,-4873.8263,926868.2749,-126637.0121,-66060.0131,2807.5044,-122420.7028,-647784.6904
2024-11-20,12522.2607,-4668.7226,933341.2490,-122137.9970,-65978.3951,6412.8189,-164883.0068,-688075.3253
2024-11-21,12344.8733,-5956.9421,871131.1038,-150585.9251,-75289.1335,2765.0125,-12926.8812,-695470.4847
2024-11-22,12666.4610,-5031.3955,955485.5018,-124017.2226,-68687.8089,7538.6096,-137565.9340,-697918.9719
2024-11-25,13102.9060,-5547.4996,911406.1380,-138014.7567,-77695.8975,8712.8970,-127266.6626,-693184.1382
2024-11-26,13122.9540,-5951.9288,914543.0469,-150299.2020,-77341.7533,7678.1571,-103411.4776,-627308.9803
2024-11-27,13342.3247,-5395.9445,929217.2309,-128066.1416,-62430.0469,16114.1994,51271.0021,-649963.9512
2024-11-29,13959.2700,-5752.9456,935411.4910,-132034.9448,-78831.8313,16455.6489,-219799.2639,-709541.7333
2024-12-02,13684.2187,-4747.5230,986493.3238,-110125.9442,-73812.1605,27845.0075,-182742.3728,-663519.8627
2024-12-03,14206.8421,-5868.4559,911610.8634,-129855.5224,-97016.4180,26359.5535,-30683.2696,-701804.6161
2024-12-04,14358.1191,-5334.7915,972171.8331,-127884.5834,-86091.0647,31362.0946,-176222.2995,-648684.5350
2024-12-05,14475.2238,-6296.8860,916147.0470,-152017.8329,-100258.4750,25415.5836,-62993.6428,-573384.1457
2024-12-06,14871.5066,-6301.3967,909587.4635,-154854.1308,-107256.7665,34078.7133,-141632.6142,-634760.5690
2024-12-09,13972.3582,-6726.6953,878931.0778,-164501.6096,-116368.0924,47156.9686,-37064.5502,-605456.6645
2024-12-10,14108.3079,-8619.2784,871528.6554,-175859.0876,-122530.0227,56813.8853,-9323.1658,-654078.9196
2024-12-11,14194.6289,-8578.5788,868079.5094,-175132.1719,-128823.3117,70754.5706,-25713.0466,-674111.8156
2024-12-12,14351.0124,-10539.1887,808728.7663,-241282.5473,-148301.8930,66859.8471,-39617.3792,-629143.8198
2024-12-13,14840.7299,-11243.6884,781844.7641,-246567.7119,-170823.7429,71968.3069,43807.7114,-694917.0671
2024-12-16,14335.3110,-11598.8097,758287.9950,-259457.4464,-249014.8383,164915.8924,116131.7963,-643065.4178
2024-12-17,14767.9374,-12047.7498,731939.2311,-290818.4872,-313419.1527,200417.4452,134048.2139,-556064.7958
2024-12-18,14350.2941,-10433.9069,711502.3000,-268787.8067,-438004.3083,339008.1743,167962.4293,-546943.7460
2024-12-19,13537.8387,-13395.5195,606283.8863,-364074.1057,-886791.0196,626445.1495,256437.3750,-512913.9919
2024-12-20,13000.4054,-13896.5963,556662.6348,-411385.7633,-2749099.4084,2019959.3934,318912.6663,-353282.5572
2024-12-23,11697.8322,-8436.9790,645303.9199,-238337.2806,-97366.9967,1229.8972,140251.6524,-430593.8281
2024-12-24,11942.5251,-8949.9645,626793.1443,-240576.6303,-106016.0605,5651.8448,211452.0317,-489984.1144
2024-12-26,11922.1603,-9109.9232,625665.6897,-226029.8833,-108841.2148,13651.6402,214899.8849,-584325.8451
2024-12-27,12654.7963,-9055.1056,651233.2445,-235796.2601,-105525.8026,17431.0671,100118.4727,-534105.0234
2024-12-30,12091.0998,-10475.4487,604205.7058,-278844.5941,-123987.4941,19176.5487,163613.6005,-484672.2014
2024-12-31,12778.6448,-10028.1216,546886.7229,-271860.8618,-142569.2244,20622.9133,282924.5598,-471625.1507
2025-01-02,12700.9391,-11085.5659,531187.6698,-277796.9481,-156044.0715,24352.4461,302686.6015,-501625.8337
2025-01-03,13460.1168,-11487.4201,528327.4146,-279727.1481,-169969.8578,26295.5949,299220.5812,-429747.7614
2025-01-06,13699.5738,-12562.0949,542286.0685,-290797.5070,-193332.8617,44932.5705,265203.2880,-393410.8805
2025-01-07,13788.1967,-14200.5056,530082.0096,-315777.3175,-208263.3540,61937.4108,305626.0250,-421036.6940
2025-01-08,13756.3178,-14683.9575,455967.9435,-378189.4983,-234942.1402,36594.0194,360399.5215,-368045.2494
2025-01-10,14155.1231,-11352.4734,620693.8887,-252597.4012,-192960.6464,147065.3303,149449.3875,-358403.5605
2025-01-13,13855.9326,-13295.8521,585872.7358,-289138.1699,-324158.7390,245763.7451,212681.8950,-281544.6831
2025-01-14,14250.8927,-13435.9642,582055.0426,-278389.5622,-197960.8834,-6494.2660,100614.5667,-19710.9108
2025-01-15,14152.1850,-14470.0336,594453.3385,-267566.7824,-291223.3945,503434.9463,128634.2458,-294983.1955
2025-01-16,13834.9267,-9144.3175,699947.6170,-173556.6106,-132620.5943,2049718.2297,83578.4317,-374186.6423
2025-01-17,9903.0596,-4581.3440,848280.4611,-109292.8991,680426.7939,6192864.5141,-63739.2569,-324570.1700
2025-01-21,9559.9168,-8245.7412,364239.4837,-100346.7919,-34045.0364,-10242.9513,-605365.8511,-431914.1904
2025-01-22,5635.6247,-3350.1995,386961.9518,-107438.1987,-30627.1777,-7784.3211,-5461.8477,-256879.2763
2025-01-23,5843.3508,-3874.4488,382663.4897,-149139.2925,-33925.2432,-13471.1283,15806.4968,-240606.6572
2025-01-24,6015.8249,-3878.4196,411650.9272,-152202.6945,-35199.0230,-13981.8630,24425.1692,-230587.0172
2025-01-27,6182.5008,-3576.9252,468664.9792,-134735.8051,-33438.9103,-10191.8763,5558.0794,-232486.2647
2025-01-28,7654.6997,-3912.5561,534740.9238,-140424.4329,-36970.1136,-8314.6107,-65380.2361,-260127.2073
2025-01-29,8468.4931,-6929.5864,471582.6534,-282039.3427,-67561.7907,-17532.2932,106439.4176,-229881.0664
2025-01-30,9719.5917,-7553.8917,463294.3621,-250178.4178,-86092.8151,-29656.0708,124512.8296,-352070.2625
2025-01-31,9647.0121,-7652.4404,460423.1522,-219004.2384,-89521.2540,-21323.4008,146064.7135,-392391.0029
2025-02-03,10082.0117,-8072.8219,516617.2016,-238231.1626,,,,
2025-02-04,9903.9202,-8389.4134,514195.8892,-252377.9587,-105474.0625,-18937.7945,177178.2909,-450790.4674
2025-02-05,10913.1733,-7858.2276,535925.5020,-220187.8142,-109562.2270,-9947.7285,140510.7642,-506974.0719
2025-02-06,11334.1622,-6975.6573,595108.0022,-186233.4637,-105467.2020,967.0264,97883.7546,-525854.5328
2025-02-07,11193.1584,-8311.0973,559658.0789,-220039.0965,-116651.3104,-2485.9348,132749.8498,-546650.9578
2025-02-10,11141.4108,-8729.9361,545594.1691,-235401.5668,-147203.8888,-7781.0748,227029.4630,-452711.8780
2025-02-11,11154.3941,-8838.9553,529008.2914,-246245.4332,-158807.5180,-796.2807,199194.2777,-459647.2979
2025-02-12,9980.7050,-11604.8684,489675.1494,-325571.5698,-171579.1772,-27562.2924,250422.6186,-413320.8382
2025-02-13,10833.8173,-11882.8249,495191.4468,-327650.5468,-199176.7592,-25682.0953,238576.7786,-374690.6166
2025-02-14,11223.5469,-11553.8973,510779.0106,-307559.5450,-214674.4344,-12544.1324,246758.8740,-400369.0115
2025-02-18,9170.6408,-12588.2717,447794.0717,-386623.3136,-479353.2195,-58080.5035,360546.6848,-306940.7800
2025-02-19,9493.5711,-13062.0022,459038.2387,-374027.5409,-659713.8584,-22504.6989,363803.9313,-302442.7216
2025-02-20,10735.8591,-14717.9811,482397.3142,-335115.5500,-1199830.3231,155085.1319,288698.4048,-340207.8496
2025-02-21,9706.0835,-13525.8572,463358.9444,-369894.8328,-3835371.5691,10105.0295,251256.5372,-307661.8413
2025-02-24,7221.7011,-5735.7330,418652.5935,-231190.6687,-79341.0102,-15560.6496,211174.2583,-316067.2659
2025-02-25,9763.5213,-5506.8859,510713.9390,-203900.5690,-87420.5685,-9731.9390,158746.4555,-345673.0153
2025-02-26,9883.5781,-5145.1335,532262.3664,-197843.8841,-87909.4003,-8273.9520,158476.3187,-326402.6838
2025-02-27,11130.2912,-4682.4655,566244.5856,-182718.1506,-90111.5023,-6052.7671,88951.2021,-321183.4684
2025-02-28,10803.7247,-4862.0042,560438.5554,-189567.3819,-90918.6938,-4143.6402,118706.2154,-331026.2313
2025-03-03,11313.7331,-5742.5538,537648.5060,-211469.9023,-110040.2564,-5444.4601,178634.4123,-356044.8247
2025-03-04,10931.0940,-5347.7203,578469.1728,-195190.5181,-103595.9033,-2053.1945,161092.6373,-362299.3726
2025-03-05,10992.1033,-5951.9728,528038.3720,-227165.3991,-119224.7028,-6289.3424,203979.0180,-322516.1054
2025-03-06,11688.7885,-5529.2138,571592.1181,-206473.2494,-115115.0239,-2008.4008,160194.3966,-322559.1840
2025-03-07,10019.1763,-6818.3314,454230.9578,-284960.0797,-132984.3241,-14736.5992,250333.1470,-264997.3252
2025-03-10,9675.7745,-7137.4567,428228.4459,-311156.2734,-167872.8702,-15988.9998,290202.7376,-237433.4318
2025-03-11,8063.3419,-7136.0818,371503.7134,-368602.1300,-198919.2729,-30476.5098,343515.4840,-169961.9927
2025-03-12,8506.6218,-7236.2786,367504.2506,-349009.1368,-224567.4042,-20479.3940,365616.8756,-190693.5135
2025-03-13,8587.9771,-8325.2940,449732.2048,-401830.3651,-255094.3557,-33505.8584,360737.9378,-202343.4694
2025-03-14,8534.0810,-8313.4107,442896.2800,-408283.2594,-302089.7751,-39480.5608,407127.6355,-202952.0218
2025-03-17,10391.4463,-8945.0861,483319.8451,-378499.5556,-446566.5336,-8114.8164,305623.2179,-232704.1084
2025-03-18,11667.6064,-8818.7149,532377.2727,-337943.4786,-536483.8211,54889.6734,265021.4070,-284639.1803
2025-03-19,12438.6630,-8870.6970,557677.4523,-333395.5210,-731355.0345,118830.2806,229269.1445,-303318.5928
2025-03-20,12634.8337,-9672.3434,560501.8874,-345015.9180,-1442888.2456,261102.6087,279057.5696,-303017.1329
2025-03-21,11473.6425,-9905.9305,515572.9671,-380508.0739,-5531490.8855,867930.1502,193093.8766,-288616.7037
2025-03-24,6972.3810,-6039.9286,478339.2752,-304528.3816,-47993.8081,-20029.5182,130123.8785,-317153.4945
2025-03-25,8169.7835,-6240.6228,511303.3434,-294605.6322,-55151.0676,-19691.1726,111879.4153,-322529.9843
2025-03-26,8467.3036,-7233.8412,490266.9369,-346139.6651,-66173.6503,-25480.9968,193951.4787,-315916.3620
2025-03-27,9321.5888,-7018.6045,482469.2719,-358891.6719,-84353.6369,-26913.4817,262094.2290,-282255.7252
2025-03-28,9215.1046,-7104.5326,484236.3103,-362124.5593,-87845.7844,-25952.0270,277259.6678,-272975.9040
2025-03-31,8245.7006,-7387.8280,454055.5131,-402673.2525,-99387.8051,-32398.4672,340731.8765,-233526.0769
2025-04-01,9661.1273,-7228.2943,527601.1610,-358747.0381,-91496.0647,-24822.9060,263839.6142,-261053.7989
2025-04-02,10199.2163,-7069.7505,545350.9183,-354047.7577,-94081.3133,-22966.3179,254048.5656,-265875.5761
2025-04-03,10883.4873,-12358.2295,466469.4369,-414258.1473,-107892.1830,-20346.1522,-60989.0900,-832604.9298
2025-04-04,9454.8756,-10859.5468,452567.7435,-447915.8960,-132883.8625,-33172.0106,283900.5187,-530997.7103
2025-04-07,8455.9774,-9804.0773,496338.6051,-545524.3689,-177935.5095,-100618.2070,711361.8070,190387.3130
2025-04-08,7598.0365,-9448.3847,469055.3575,-617229.8316,-158919.0321,-67797.1618,403458.0766,42411.2553
2025-04-09,6282.3191,-9491.5498,364960.4049,-794500.5938,-253736.6823,-117372.8657,531638.3874,168894.9905
2025-04-10,9448.8989,-10920.1851,492310.1953,-585369.9701,-220305.9635,-48505.1971,406317.8604,-56863.4922
2025-04-11,8385.7896,-11487.2862,457234.8430,-710299.4228,-291587.2226,-85932.9193,468029.0888,46294.0996
2025-04-14,12216.5818,-13668.1053,459764.0431,-615668.0124,-521427.7473,-21096.8249,334985.9385,-48717.7721
2025-04-15,9038.1632,-14268.0754,454408.6169,-662660.9975,-754682.1687,17944.1773,452643.9200,-86550.0448
2025-04-16,8509.9393,-15546.5182,397110.9800,-723007.0174,-1625021.2176,4976.5489,475701.3254,-63121.4409
2025-04-17,8150.8419,-16194.4220,387773.0792,-754979.8958,-5939299.7108,349508.6648,423869.8318,-38070.0397
2025-04-21,5497.6090,-9643.9331,366850.4758,-615038.8484,-61241.9841,-53437.9294,338203.2138,-37345.8285
2025-04-22,5474.1451,-9341.6538,360505.0049,-634824.7419,-66345.4281,-55748.6914,374589.0216,2782.0985
2025-04-23,6712.7491,-9340.5633,457663.4698,-489121.4513,-63175.0613,-32657.7617,281454.8849,-183583.2113
2025-04-24,6863.8270,-9569.1907,476313.5118,-501243.7433,-65911.9372,-38314.1074,292989.2587,-150874.9521
2025-04-25,7053.9122,-9277.9588,498404.6215,-475390.9284,-65782.2742,-35381.4560,279283.6007,-160555.6720
2025-04-28,7887.8210,-9461.0497,597688.8336,-449818.7344,-66367.4655,-29172.2825,243724.5684,-189725.4307
2025-04-29,7980.5133,-10381.4826,606264.7702,-463292.8824,-68406.3820,-28732.2933,249867.9812,-194789.1449
2025-04-30,8043.6904,-10851.6217,618288.5817,-473613.7847,-69138.3399,-29401.9627,244838.6478,-187883.6843
2025-05-01,9171.0312,-10892.6240,649533.1776,-456365.9994,-83698.2249,-19366.3680,256294.4165,-220445.9318
2025-05-02,10522.4165,-14190.3053,629883.0156,-477871.0637,-114141.1731,-10771.7430,323996.6428,-388043.8423
2025-05-05,11417.7248,-12238.6495,679612.1715,-401241.3974,-118793.9350,24200.1140,268900.7601,-452567.8879
2025-05-06,12042.9345,-10268.5876,728628.4181,-353325.3835,-117367.8645,37896.9003,240179.3605,-388271.3629
2025-05-07,11382.5749,-11395.6693,700490.1105,-380523.3551,-127046.4985,51137.8005,275587.1425,-420973.1761
2025-05-08,12816.1067,-9115.1979,779566.8550,-309287.3392,-109523.6917,98210.9023,181222.2911,-451844.8207
2025-05-09,12501.3045,-9412.8220,757131.6170,-313794.1780,-112700.2167,132381.0940,183855.0885,-488265.1616
2025-05-12,20636.0143,-6279.5853,860850.9102,-302661.6878,-126875.5563,193379.7906,-674962.9275,-113347.8062
2025-05-13,14500.3513,-8329.8325,830850.5078,-268652.6091,-115362.3809,463080.7924,104371.1537,-538142.4102
2025-05-14,14708.3911,-8284.8440,837927.5226,-279151.8991,-173425.7723,787448.3933,160972.4535,-515566.0092
2025-05-15,15482.6654,-8088.4083,871554.9295,-278480.4897,-109586.5259,1721028.7122,77778.3276,-478768.7865
2025-05-16,16504.4219,-5764.3974,948709.2498,-251375.5547,486348.1468,6794000.8219,32023.9555,-514435.3587
2025-05-19,9588.9055,-5939.7750,735557.3107,-266278.4743,-67432.4874,-12432.4096,104006.6093,-389071.2552
2025-05-20,10075.5773,-6644.1402,751676.1861,-281060.8201,-70554.7320,-13695.4188,97338.1234,-403166.8093
2025-05-21,10541.3087,-7594.3851,727976.2576,-329665.0396,-77181.3464,-17311.4596,153852.2841,-363591.4284
2025-05-22,9977.7149,-8695.2920,647703.9548,-409838.9120,-91898.7909,-27717.1895,291217.3940,-290760.4200
2025-05-23,9963.4832,-8947.6544,627864.0532,-440643.4301,-101156.4347,-32871.2850,344085.0039,-250926.3178
2025-05-27,10627.1668,-9287.7099,680388.2911,-397924.2227,-103408.3203,-25326.0470,286329.7915,-309947.9361
2025-05-28,11224.3704,-9871.4060,690888.0570,-382205.5114,-107623.5869,-24014.9937,269325.5402,-355663.3995
2025-05-29,11137.7400,-10631.9127,668247.0464,-418156.0224,-113261.9167,-27121.9631,282377.6134,-344564.3834
2025-05-30,10903.6078,-11416.3131,659793.6094,-453435.5360,-117738.7280,-32107.7466,303021.3458,-348384.6764
2025-06-02,11641.6340,-11283.4254,672281.9138,-428556.5521,-129663.9409,-26806.4246,283336.0033,-332458.9847
2025-06-03,11249.0184,-11827.3428,650015.0950,-445453.5155,-127270.5984,-29485.7753,274563.0872,-347352.0535
2025-06-04,12244.8333,-12190.4606,691352.5322,-411435.4536,-124437.4135,-19035.5858,204863.6169,-419717.8758
2025-06-05,12434.0424,-12369.0190,706789.0033,-417883.2702,-126977.5237,-14760.4050,211163.2846,-437823.2383
2025-06-06,13264.0964,-11624.7912,741130.8986,-384524.4036,-127790.3257,-3673.9837,178481.5265,-440917.6575
2025-06-09,12245.9193,-14605.3805,666257.2550,-456557.5310,-169415.7534,-15734.7199,279676.6981,-428665.3666
2025-06-10,13255.3832,-13606.9694,695784.1530,-419952.1436,-170441.8886,2219.2680,221716.5425,-421381.8598
2025-06-11,14056.9967,-13942.1749,721393.1743,-408320.1382,-176754.4846,16356.2017,189979.8287,-476694.0770
2025-06-12,13692.5703,-14411.0622,689875.4499,-448317.6621,-206813.2688,9981.3826,234130.2107,-406328.5128
2025-06-13,13160.0393,-16104.7437,657995.2166,-497322.3502,-247552.4669,-3825.9590,275479.5057,-364941.6133
2025-06-16,13122.4060,-17556.6409,658664.0643,-505122.0187,-371978.3721,56707.9885,261467.7730,-355404.6620
2025-06-17,11736.8562,-20394.9891,606305.8963,-610188.9987,-546161.7745,-38723.6876,372830.9609,-242055.7333
2025-06-18,12608.5703,-20689.6972,613656.5463,-594208.0091,-782945.6874,47199.0090,318775.9980,-257715.0759
2025-06-20,13793.6372,-21527.9576,620449.8280,-583772.1431,-4795113.9304,983714.6155,192002.6616,-250414.1587
2025-06-23,7062.6096,-7778.5593,516216.1957,-409901.3296,-56822.8259,-31340.6476,216952.6982,-269887.2607
2025-06-24,8971.2324,-6750.5242,581782.4224,-335547.6263,-62920.7103,-21708.2314,137630.5299,-287744.0559
2025-06-25,9627.6947,-6655.3183,638612.1289,-303602.9726,-55778.0303,-17508.1499,45966.1353,-389636.2172
2025-06-26,10440.2998,-6177.3976,702262.0767,-277124.0058,-54701.6107,-14841.4605,-12456.0459,-417704.2146
2025-06-27,10427.9594,-6738.8661,682708.8243,-280812.0792,-58392.8733,-15272.3902,2498.2284,-466692.3572
2025-06-30,10664.8987,-6664.4846,714524.1500,-269664.5688,-60172.5503,-10947.5561,12460.1166,-503035.8644
2025-07-01,11085.5581,-6595.4326,724965.4393,-266943.7404,-61868.5796,-9732.3071,-11357.3073,-520462.2230
2025-07-02,11848.7803,-6877.4107,763719.4645,-271933.5273,-60853.4101,-9193.7196,-93073.8013,-496074.6565
2025-07-03,11266.7623,-8495.9592,724996.3020,-327889.6479,-68688.5472,-16444.6456,17676.9356,-490616.0229
2025-07-07,11407.7022,-8754.9418,738458.6119,-317433.6820,-74721.2563,-8865.7247,44643.9117,-485507.8627
2025-07-08,11400.5019,-9463.9111,697918.5406,-350404.5557,-85087.4426,-14968.3751,78712.5869,-463148.0653
2025-07-09,11841.8422,-10202.5364,698289.9526,-350548.6250,-91181.3664,-14487.1849,71886.0007,-482598.6090
2025-07-10,12401.9033,-9978.2806,714991.0641,-331958.2847,-91180.6159,-3725.0056,27683.1623,-503685.5197
2025-07-11,12884.4512,-10088.2964,729646.6415,-322996.3922,-95402.2509,3329.5109,30620.9487,-503957.9660
2025-07-14,12222.7176,-11887.3612,662666.9054,-366154.6208,-162639.3295,10072.0249,126737.9236,-473647.0921
2025-07-15,13013.8455,-11147.9703,722094.7551,-325724.2902,-151505.6604,78599.6624,76419.9033,-489148.2445
2025-07-16,12865.7980,-10732.5050,704733.6654,-328436.5494,-214734.2039,127752.0303,108607.9492,-467385.0872
2025-07-17,12945.5830,-10511.7422,685732.7687,-324395.9275,-392775.7897,398831.5199,106148.5398,-500679.8635
2025-07-18,14605.2876,-10635.6385,698775.6823,-311214.0951,-1184448.9589,1660270.4880,62124.5260,-479084.9325
2025-07-21,8469.0813,-5691.7387,614961.6449,-295899.8667,-61937.6181,-17577.7362,131858.5391,-430646.6200
2025-07-22,9338.2648,-5614.9133,627261.3420,-287015.2779,-68998.3982,-16352.2009,110487.1847,-413909.9477
2025-07-23,9702.0815,-4982.4530,714625.1044,-245359.8083,-60843.9695,-12463.2575,36406.4506,-446679.2284
2025-07-24,10112.6655,-5285.3336,748921.5145,-242789.4820,-60263.8131,-12625.9830,-1244.7128,-441471.6165
2025-07-25,9711.5131,-6798.8463,706540.7784,-297720.8807,-65328.6964,-18607.9858,80800.6472,-487297.4583
2025-07-28,10147.3944,-6246.5023,768429.5206,-270325.6730,-61367.3465,-13313.7953,12258.3308,-475524.2204
2025-07-29,10479.1001,-6687.6084,754000.1417,-279670.5203,-67843.6322,-13581.6766,29871.0118,-490514.5129
2025-07-30,10488.8537,-7251.7627,747175.0205,-300021.6489,-69557.3894,-15437.2160,38921.9873,-465180.6393
2025-07-31,10517.5956,-7473.0383,745393.9286,-310342.1628,-74351.5038,-16719.2313,64759.8753,-461385.6551
2025-08-01,10373.2355,-15391.1715,484348.5181,-729315.5661,-120741.2894,-106545.6432,-21417.5646,-656811.4634
2025-08-04,9181.2881,-13394.8259,546448.5760,-542045.6246,-127632.5362,-62487.8309,297505.9255,-416121.0870
2025-08-05,9970.8769,-11000.8394,564896.3377,-436798.9422,-127944.0874,-36366.6224,246308.7345,-523140.5645
2025-08-06,9325.9316,-11199.4462,548970.7340,-449919.1065,-143483.0349,-38427.7962,304160.4097,-540832.5223
2025-08-07,8778.4220,-11662.2853,512966.1203,-495025.3850,-156348.4837,-45859.9871,315820.8773,-533492.1891
2025-08-08,9457.7752,-11729.1958,529416.4246,-483824.5777,-169824.1832,-42809.7283,293226.1174,-479037.3007
2025-08-11,9513.2506,-11556.6346,521688.2480,-479578.8022,-228361.3592,-42457.0660,297933.2258,-514543.3752
2025-08-12,9422.1571,-11597.6643,519784.0758,-480278.6585,-296035.0197,-32837.3601,296528.4690,-535520.3502
2025-08-13,9404.0972,-12438.1824,515912.7975,-463019.4138,-402065.1311,-6822.9028,291090.5302,-595293.4420
2025-08-14,9119.7735,-12123.9219,511811.0316,-463826.8910,-680892.8294,48342.5993,300237.2416,-569083.1558
2025-08-15,10530.7620,-11748.0578,551316.0748,-403030.2796,-2098164.4646,666160.7767,210959.1221,-602661.9156
2025-08-18,8947.7237,-8323.7132,547613.2900,-357591.0331,-95572.7474,-20273.0931,200312.6986,-591262.2903
2025-08-19,9867.5930,-8712.6761,557182.1973,-369189.7797,-101699.2189,-21553.7379,188373.4591,-607094.9376
2025-08-20,11015.8828,-7175.5172,654807.6379,-295559.7437,-94432.3782,-11671.6587,94613.7779,-579280.0462
2025-08-21,10807.3717,-7469.7360,652782.8786,-305028.5674,-94962.0298,-12119.6161,126592.5347,-577234.2432
2025-08-22,11568.2199,-7831.8722,564459.8266,-330196.0176,-108791.5814,-16331.0636,-16081.2917,-517673.0934
2025-08-25,11443.8560,-6986.2517,686010.0854,-279325.6928,-105023.6445,-8143.5290,121797.3513,-559593.3933
2025-08-26,11227.3371,-7539.6090,657881.2792,-299911.8443,-111247.8885,-9842.0310,162646.1959,-561754.9188
2025-08-27,11423.7649,-6889.6888,690948.8738,-275815.8021,-115820.3906,-5873.4835,185486.0139,-563313.1049
2025-08-28,11347.4737,-7424.5706,659259.5724,-295589.9169,-122701.3523,-7197.9044,209770.9483,-555557.8350
2025-08-29,11486.8788,-7898.5794,643052.0125,-307369.5993,-123846.0859,-7935.8173,171471.9725,-573121.5230
2025-09-02,11415.7803,-7738.0369,647968.0295,-307902.7966,-141844.6706,-3744.2911,210541.6645,-503616.0447
2025-09-03,11197.5275,-8595.2146,640948.4331,-322962.1431,-147828.3090,-4975.4385,238958.0955,-518104.2807
2025-09-04,11855.8693,-9112.6821,630259.8709,-337328.6955,-161050.7824,-3262.8308,239504.0687,-510285.3793
2025-09-05,12265.1152,-8348.4465,691944.5611,-298575.0728,-154076.9030,7495.8318,183940.2586,-541065.0251
2025-09-08,11435.2930,-10026.0363,640055.2108,-339977.5475,-181984.6206,15007.5098,194804.5799,-583693.6032
2025-09-09,13141.7587,-8172.1878,690682.4047,-299690.2886,-208047.4258,21557.3184,201879.5842,-477535.4160
2025-09-10,13069.5675,-9275.8864,669363.6378,-317495.7019,-215068.5991,32354.6967,204668.6676,-528974.2973
2025-09-11,11463.4134,-11877.2674,587197.7012,-409042.3506,-269329.3141,4378.8204,272772.6970,-472624.9819
2025-09-12,11843.4470,-11703.7720,611585.9113,-379378.1000,-264551.4054,39745.8558,181049.4529,-525272.0084
2025-09-15,11274.8034,-12221.7252,586274.8828,-398169.3928,-482482.4822,53243.8178,295271.5042,-422916.3374
2025-09-16,9770.1668,-13414.7751,516319.0125,-482966.4542,-648452.8155,61647.9711,316360.2719,-403921.7508
2025-09-17,10519.2733,-12887.7305,537108.5396,-465937.8007,-914161.7247,124571.4540,194930.5373,-362145.2923
2025-09-18,11437.5332,-12031.5978,537089.9322,-430704.6246,-1794198.3797,480666.5097,155120.1662,-403587.6818
2025-09-19,10798.1513,-12218.3542,548569.6621,-397776.8446,-4768867.7908,1083682.0505,187242.2547,-307019.5265
2025-09-22,7030.7155,-6866.5488,492951.9514,-381010.4703,-45642.2643,-22478.2764,87174.5535,-421022.9049
2025-09-23,8412.2887,-6660.3604,521078.2050,-367275.0935,-57838.3240,-21814.8768,95198.7199,-368033.5051
2025-09-24,8325.3452,-7072.5016,493634.1661,-395934.5008,-62248.8496,-23814.0556,112586.6999,-370295.8790
2025-09-25,7469.6622,-7683.6695,443972.5527,-449328.9947,-69756.0525,-27524.2558,208792.2547,-343263.2774
2025-09-26,8236.6174,-7579.1479,476099.2289,-421341.3349,-68972.5426,-26179.2548,166366.7485,-355932.5839
2025-09-29,7998.5990,-8096.3248,452254.3080,-446082.3282,-76760.8107,-29300.7831,207347.2005,-374990.2429
2025-09-30,8095.5918,-8440.2827,461523.0069,-447681.7123,-78982.4533,-29681.1154,210260.9095,-417752.1032
2025-10-01,8217.7929,-8183.5782,470252.9187,-432687.5920,-80915.2841,-27898.4838,202173.0621,-391929.5426
2025-10-02,7281.0523,-8476.4435,419039.7654,-520192.2791,-87203.6253,-34040.2407,286556.0158,-348555.9464
2025-10-03,8240.0356,-8052.3318,461558.5081,-450275.8433,-91065.3818,-27178.0882,240007.9791,-361247.4060
2025-10-06,8676.0279,-8207.1707,490940.3455,-432635.3468,-100486.9710,-24434.0864,231262.8203,-392870.7460
2025-10-07,8315.8692,-8081.1597,458928.0877,-457281.6447,-110485.0081,-26722.2250,244560.0712,-323305.6956
2025-10-08,8634.2875,-8261.5322,477729.0567,-436773.5188,-114574.0902,-23137.2176,231478.1657,-385029.8258
2025-10-09,9553.7480,-7702.1385,536057.4351,-389716.5610,-112197.6302,-15874.5047,187967.5206,-382338.4195
2025-10-10,8798.0160,-8443.8792,492537.3071,-434038.0287,-130917.8938,-24133.4862,243736.3848,-390475.9417
2025-10-13,8134.6736,-8661.3665,445864.3583,-477110.2597,-201042.0455,-30852.5055,278382.2295,-327996.2343
2025-10-14,8508.3475,-9389.7615,460738.7733,-484142.0760,-222215.4174,-20997.7433,220666.1930,-319638.4486
2025-10-15,9071.2097,-9313.9089,478283.8865,-445279.8589,-333664.2554,4622.9200,215108.9851,-315089.0982
2025-10-16,9232.4778,-9005.4424,489753.1842,-430322.2647,-562543.3321,76487.7002,213086.7170,-343330.1604
2025-10-17,8323.4434,-9078.6465,467796.4319,-438545.0515,-2169840.6542,439210.0824,223967.0231,-315313.9309
2025-10-20,7671.0821,-6525.2833,514711.5230,-363899.8557,-53692.3805,-21709.2193,148176.8233,-311903.0922
2025-10-21,8167.5698,-6348.5580,562804.7664,-339307.1160,-52530.4319,-19710.1304,106343.6099,-346382.6310
2025-10-22,8461.3665,-6362.9638,602318.2367,-309405.7051,-50812.1876,-17224.4638,70348.2972,-435772.8841
2025-10-23,8446.9276,-6260.9333,612583.5030,-304617.8976,-53000.7302,-16494.8839,94883.9258,-436054.6078
2025-10-24,8569.0261,-6656.5348,579511.7184,-327696.4014,-58407.6094,-19196.6140,123531.0554,-403650.7964
2025-10-27,8955.9976,-6307.2298,580940.9070,-325191.9837,-61747.1194,-18593.7414,105652.5175,-342887.0172
2025-10-28,8643.7521,-6764.2997,568404.9816,-340246.5526,-61119.4848,-19294.3070,141713.1151,-381423.2597
2025-10-29,8321.6802,-7717.6610,497157.3470,-398385.0364,-70504.3107,-24545.1446,207076.0689,-384021.3790
2025-10-30,8091.0784,-7963.4338,471685.4950,-427269.2863,-76392.9517,-26976.9264,258631.7473,-348741.8180
2025-10-31,9354.9016,-10470.5777,441300.6791,-514281.0458,-109045.2864,-37336.5039,374445.0143,-410972.8866
2025-11-03,8380.5664,-11765.6795,391795.8848,-586351.8666,-132754.9802,-54704.0396,505703.4818,-355449.6228
2025-11-04,8787.4196,-11553.3661,386838.9173,-571500.5188,-130364.8782,-45593.7472,419775.5384,-397715.3864
2025-11-05,9462.3928,-10880.1768,418668.9242,-515978.1633,-130916.2189,-38347.3291,378482.8420,-396901.8412
2025-11-06,8076.5055,-11376.8933,352501.1278,-629590.9443,-149373.1178,-56434.7269,486608.1077,-295202.2000
2025-11-07,7741.2776,-11663.1383,356266.3244,-662727.0906,-151940.2792,-67448.7554,507073.2276,-330501.5383
2025-11-10,8087.2742,-11972.3025,355128.6754,-622628.3683,-175586.3975,-58843.6071,492858.2868,-317454.6525
2025-11-11,8222.1918,-12099.2329,362631.8970,-629217.1536,-176912.6248,-65873.7235,482258.7738,-298292.9281
2025-11-12,9824.5559,-11825.5278,428846.6106,-516248.6896,-179530.5266,-37846.8945,392802.0085,-445060.8212
2025-11-13,10839.0063,-11454.0769,470509.5191,-498194.3360,-180932.8605,-33654.6739,368269.5634,-404855.6551
2025-11-14,11947.5053,-10629.3545,548137.2495,-444148.2498,-172465.0803,-18984.0993,317602.8877,-375329.8429
2025-11-17,9835.4737,-12744.4173,421970.7737,-567704.0264,-314445.8530,-50928.0721,439298.1183,-326488.6342
2025-11-18,10675.8818,-12693.8177,453244.5659,-553220.3862,-371092.4321,-37898.8409,398912.4654,-313105.9992
2025-11-19,9805.3136,-12858.7665,432512.1517,-576821.8594,-576729.6608,-33651.8488,457883.6696,-281538.7469
2025-11-20,12826.8070,-12758.5256,495471.0432,-497230.1261,-952327.6061,121057.9890,356749.2094,-346867.5339
2025-11-21,11482.9895,-13373.5074,456954.6477,-556523.9907,-3462357.1981,109338.3316,353538.5483,-307513.3967
2025-11-24,8980.2657,-9976.2036,484459.9619,-441549.9145,-88231.7348,-30816.3990,256914.4439,-368340.1288
2025-11-25,10042.9222,-9509.2431,523886.5275,-392708.4277,-87010.9654,-23615.4566,153770.0041,-444790.0427
2025-11-26,9417.8316,-10469.7891,502929.5672,-421938.3566,-92062.1162,-29002.9412,242986.4931,-492877.6258
2025-11-28,10130.8098,-10466.4907,507399.0211,-406805.0083,-97602.7339,-25429.3992,200728.5439,-476376.5680
2025-12-01,9878.9779,-10710.5124,489063.6545,-434369.3033,-110313.6767,-27046.5970,255637.7036,-441753.9713
2025-12-02,9591.0714,-11496.0593,487255.6132,-447262.0253,-112574.6335,-29814.0662,286217.8165,-485906.4574
2025-12-03,9642.5216,-11563.9683,463328.4725,-460995.0759,-121417.0372,-31065.3163,289450.6833,-429543.3686
2025-12-04,9230.7925,-12306.9855,443678.5562,-490527.2434,-128404.4232,-36315.4716,323329.3389,-425786.8034
2025-12-05,9582.8560,-12257.3965,449663.1537,-475064.4704,-133173.0351,-31453.5412,308002.7853,-438347.6328
2025-12-08,8572.8122,-13542.8388,404658.9533,-563792.7879,-156854.3169,-51191.2181,365959.0952,-333954.1611
2025-12-09,7790.3838,-13670.7856,363636.4025,-614264.8966,-177463.9050,-64913.1939,414558.1450,-301689.2228
2025-12-10,6965.3328,-13402.7440,326306.2481,-673108.0266,-198814.2943,-81813.3920,461931.1149,-195807.3220
2025-12-11,8686.1643,-13955.0402,377051.5104,-562060.2482,-201239.3226,-44599.4250,355483.2134,-323558.6863
2025-12-12,8536.5476,-13687.9460,365352.5679,-581147.5761,-222177.1654,-49833.4272,368619.9740,-296715.4224
2025-12-15,7750.2487,-14667.7894,354593.9760,-621823.2655,-323750.3402,-74245.9836,420277.0331,-278623.4207
2025-12-16,7594.6560,-15477.6926,339259.9570,-678662.6072,-411878.1004,-103826.1165,387174.5248,-227452.3824
2025-12-17,7617.4890,-15594.3548,336956.1502,-630992.6447,-488077.9498,-43822.9714,416436.5141,-264332.6987
2025-12-18,8491.4775,-15985.9372,353717.7442,-601586.7986,-740155.6690,42812.4633,372782.6000,-264151.9758
2025-12-19,8243.7727,-15988.7342,350442.7174,-616111.1710,-2699459.1617,311376.5771,303686.3763,-274002.6026
2025-12-22,6900.9311,-9284.8756,334070.5291,-509078.0322,-99886.4914,-42990.0298,278035.1000,-282462.5043
2025-12-23,7469.4598,-9749.4970,356151.8128,-526315.3471,-113642.7921,-44958.4640,422958.7305,-274374.8789
2025-12-24,9601.1181,-13389.6463,379152.8058,-585122.8462,-131643.0753,-49781.1859,409461.1002,-432960.4909
2025-12-26,9799.3859,-13730.7657,368049.5732,-584782.8090,-143963.3348,-49078.3293,405148.8189,-389653.0352
2025-12-29,10047.9419,-13355.3540,376060.5122,-579369.9709,-155969.7307,-47319.1166,399320.0866,-320041.4005
2025-12-30,9335.7118,-14524.9596,351607.9939,-618793.1257,-170006.3243,-57255.6208,442939.1085,-340468.6546
2025-12-31,9001.9689,-13763.5709,353191.2869,-587849.3007,-177927.9509,-53883.8949,588324.9346,-359477.5359
2026-01-02,8210.1819,-14654.8491,322884.6185,-569963.0654,-203896.3544,-55643.1799,584192.7933,-325649.5143
2026-01-05,7568.6168,-14194.3224,298451.9207,-614049.2198,-252205.4620,-74970.0422,559844.1661,-130671.7351
2026-01-06,11005.2584,-13041.6131,391947.8810,-469859.8325,-238021.3120,1307.3085,430429.3318,-345454.8998
2026-01-07,12455.1627,-11609.0587,498452.5325,-372251.4052,-226244.3694,54121.2167,318136.3238,-507660.3980
2026-01-08,14148.2908,-11433.6374,503918.4530,-370944.8416,-238608.5856,72911.6239,317149.6229,-494612.1776
2026-01-09,14329.6465,-10528.0775,546360.7615,-334297.4461,-250626.7021,112330.4246,288427.7178,-507979.6327
2026-01-12,14687.0670,-12584.1392,490579.5398,-410054.3729,-435210.1792,201863.7347,246050.7160,-422310.8900
2026-01-13,13309.4748,-15738.9592,418605.7719,-487468.0257,-631407.5323,169194.6221,375761.5191,-351030.2880
2026-01-14,8967.4474,-17734.4005,341283.6393,-600573.0688,-974092.7398,134107.3461,388941.5138,-249939.1721
2026-01-15,10835.4540,-15552.4804,383783.9493,-508684.5346,-1679904.4469,760020.2574,318843.8199,-315997.4126
2026-01-16,14827.9876,-12157.0486,431584.0612,-457518.1125,-5255565.5326,4529734.7865,184264.9723,-351094.5890
2026-01-20,6002.9092,-6158.2664,373226.6207,-361326.9648,-40700.3914,-21948.4907,80705.3060,-207394.1972
2026-01-21,7569.5931,-6150.9874,419956.8278,-357360.7119,-50664.5764,-20828.1297,94617.8404,-216997.1667
2026-01-22,6874.4412,-6630.7313,397217.2837,-377677.3262,-49934.9278,-23115.5514,120343.2583,-234076.4760
2026-01-23,6585.2131,-7313.4478,364630.9130,-432320.0723,-55294.1480,-29697.9180,181130.5801,-204554.4842
2026-01-26,6759.7683,-7609.7276,358428.7115,-440345.4529,-60967.6309,-31424.4053,184341.7665,-205167.7129
2026-01-27,6931.2705,-7980.0467,364982.9410,-450359.6740,-62372.1787,-32320.0416,184824.9648,-212461.1032
2026-01-28,6701.4592,-8287.8869,347518.3509,-480283.8766,-66009.2261,-36415.2924,209949.3950,-216203.5596
2026-01-29,7527.3654,-8050.8760,389834.1521,-434198.6776,-68360.6434,-32823.2338,188933.2419,-204765.3362
2026-01-30,11594.8750,-9337.8117,510064.1388,-376372.0234,-82766.0197,-17025.7877,127142.7732,-391494.8412
2026-02-02,11362.3133,-10858.1947,487406.6755,-409241.7505,-86651.8629,-9905.3073,133331.0113,-466554.5184
2026-02-03,12811.2921,-10312.9962,513191.2423,-368430.7116,-89007.5855,644.1876,82625.3828,-515416.5302
2026-02-04,9898.6406,-13129.7084,424802.7010,-495231.9768,-103915.3911,-22820.4091,248829.6242,-457713.6724
2026-02-05,10983.7990,-11621.0566,471844.0608,-432105.5610,-104817.5704,-8873.3282,223108.9797,-418091.3513
2026-02-06,11120.8306,-12722.5981,433829.0571,-453529.6850,-120184.6696,-10374.3918,270624.1323,-455441.8384
2026-02-09,8770.6237,-14171.9523,350135.0047,-588286.6257,-162980.2295,-49990.6605,396494.3991,-245476.4224
2026-02-10,12650.0117,-12094.8687,430282.0133,-434825.8244,-152814.7117,7298.9916,255517.8137,-378263.1284
2026-02-11,10957.5307,-14089.2719,397327.7482,-498004.4320,-165588.3562,-9623.3834,279572.7923,-359853.4562
2026-02-12,13617.8396,-11569.9953,498311.6092,-376443.3990,-147270.7349,39680.3000,188975.3875,-429197.1190
2026-02-13,14368.3771,-9225.6249,600992.4158,-314692.1002,-115830.5535,78009.8026,106546.0613,-426570.2501
2026-02-17,15167.1872,-9987.0008,563052.3464,-336290.4038,-208819.6891,224763.3786,137600.3660,-337927.9158
2026-02-18,16107.6625,-11759.4772,535492.2911,-370555.2068,-336951.6698,393380.5040,185881.8489,-318097.4927
2026-02-19,17035.9197,-9364.7153,626700.6534,-308814.4620,-270838.3101,1227221.5078,28315.9673,-374811.2992
2026-02-20,17659.9287,-11071.4258,594944.7682,-314930.9062,-963764.3245,4506221.8751,107808.2860,-368382.5546
2026-02-23,7825.8026,-4722.7435,550698.5753,-231826.5502,-49528.5539,-3011.6097,53463.5100,-313695.5137
2026-02-24,9256.5124,-4643.5355,569980.0307,-236468.7864,-64183.4903,-4899.7829,95863.6350,-261055.9931
2026-02-25,9997.7863,-4855.1805,569194.1309,-247973.2212,-64426.8793,-2152.6101,31896.7958,-303612.0444
2026-02-26,9550.2930,-4884.1592,579275.3073,-241078.4837,-62458.4006,311.6718,36956.6216,-341300.4990
2026-02-27,9598.1241,-5121.7350,565021.3292,-246826.6144,-67549.5977,260.7269,70088.9131,-341863.7320
2026-03-02,9729.0814,-5000.9959,569043.8363,-247622.3181,-73149.8789,3850.6942,75688.6738,-308113.1485
2026-03-03,9121.8360,-5734.4772,532251.4176,-272842.2230,-81942.8442,254.2920,149207.5835,-307203.7983
2026-03-04,9506.5900,-5458.9571,538855.3092,-263242.7947,-83455.3463,4958.9141,125216.4150,-310124.4591
2026-03-05,9314.8309,-6010.1851,484609.7348,-292267.7913,-99754.8540,1823.3127,175073.8396,-279162.7235
2026-03-06,6975.8577,-7923.2508,375162.9759,-398818.0745,-125250.4466,-18382.1011,337665.6419,-229570.4691
2026-03-09,6705.4855,-7968.4256,353966.0451,-405316.0493,-153290.0552,-18046.8490,345502.8900,-186711.7357
2026-03-10,7306.3181,-7891.7633,372340.9780,-390433.0306,-156232.2563,-11236.1977,291582.7216,-204860.2702
2026-03-11,6736.1740,-8466.1040,341405.7631,-446050.8888,-177920.0410,-31076.0382,319720.1517,-153898.9346
2026-03-12,5830.0821,-10582.1427,281526.6507,-629036.6080,-221536.2867,-78709.4258,380376.1367,-29371.1261
2026-03-13,6397.1721,-11271.0976,313928.4217,-603890.1576,-251733.7399,-62127.8813,412010.2534,-30612.2817
2026-03-16,6656.5419,-12676.6492,330129.3862,-588423.0964,-419334.2941,-20328.2445,427345.2234,-82660.9739
2026-03-17,8775.1201,-10692.7887,388300.3046,-479342.4360,-465864.8182,146382.7438,315210.2434,-177850.8978
2026-03-18,7467.0402,-12978.5255,340116.8098,-556974.5510,-759390.2854,113084.8621,356140.9137,-119395.5549
2026-03-19,6751.8124,-13283.8022,327925.8610,-591467.9603,-1447515.0387,329191.0510,395555.6644,-110978.3990
2026-03-20,5693.6095,-13870.4348,289970.8924,-655910.4566,-5633795.5252,603877.5968,389294.9193,-66055.3011
2026-03-23,5171.1903,-5620.2916,279799.2707,-473274.2318,-56962.8620,-27282.6195,369143.1689,-52423.2980
2026-03-24,5392.3641,-6207.0513,253797.2703,-514353.8383,-70628.5820,-30896.4448,441728.1997,-32288.9330
2026-03-25,5295.6228,-6704.8117,259506.1864,-536367.4039,-72294.0652,-34073.1360,457109.7799,-43622.7300
2026-03-26,5436.9596,-7259.4583,239676.4314,-562219.1399,-79879.5702,-34728.5191,487792.3523,-7784.7787
2026-03-27,5901.0582,-7161.6913,284034.8178,-535920.9333,-79396.6529,-32296.7921,479250.7846,-41413.2861
2026-03-30,5642.9702,-7573.1450,268934.3676,-568543.1318,-87132.9311,-35243.9784,484781.0209,-13688.7065
2026-03-31,5714.0477,-7715.7119,263832.8288,-580849.3293,-94856.0340,-38877.6982,514218.9736,7344.5919
2026-04-01,5772.7605,-8003.0565,273361.1876,-568600.9780,-99419.4809,-38450.7222,532652.4546,-41297.9471
2026-04-02,5941.9916,-8279.4394,268545.9330,-576888.7711,-105116.9018,-38598.5450,521197.2938,-7353.7133
2026-04-06,6476.0362,-8034.4691,297864.1585,-524654.8747,-119017.5105,-27946.8905,484145.7258,-47041.0899
2026-04-07,6311.6926,-8669.9195,281410.1207,-551136.4731,-130190.7976,-32560.6077,506478.3303,-34624.2260
2026-04-08,7097.0157,-8206.0391,326995.6789,-489399.9400,-130757.2881,-11725.4984,471363.8390,-124385.7053
2026-04-09,7375.5502,-8755.9521,320744.4062,-512087.8578,-140170.0173,-16359.5541,442910.2426,-119324.8106
2026-04-10,8492.2900,-7708.9576,379759.4670,-443691.2298,-139252.4602,10195.0108,395986.2899,-157602.2998
2026-04-13,8586.5556,-8227.6505,360812.9083,-471089.6990,-216196.9451,18334.8802,417851.9966,-109748.5376
2026-04-14,9226.1839,-7119.6673,447638.8905,-399674.4986,-181378.4811,116972.0288,292535.4129,-193010.0260
2026-04-15,9800.8714,-8102.7367,407170.8469,-431149.6398,-303211.5858,162673.8867,356836.2407,-187444.6379
2026-04-16,10099.1425,-9471.7556,359309.3798,-485333.3084,-642445.2554,307327.9497,397995.4662,-156205.8260
2026-04-17,11110.8548,-8015.3521,396403.0273,-434582.1986,-1942921.9729,2132985.3089,314195.9249,-195899.8587
2026-04-20,6536.3386,-5990.7272,332563.1651,-426327.4956,-63512.9386,-23166.1152,324379.6786,-147885.3422
2026-04-21,6799.5181,-6527.6373,325159.5273,-475868.2423,-72798.6791,-26865.5522,400108.9887,-159258.7833
2026-04-22,6241.0353,-7035.2280,265865.5160,-539088.2439,-86347.0023,-33354.5693,477664.7936,-95793.5776
2026-04-23,6427.1620,-6862.7627,284963.7820,-531914.8189,-88403.6404,-33289.1603,499161.0870,-86024.0840
2026-04-24,6645.1160,-6878.1465,277158.0868,-508588.6457,-92360.5398,-30667.6237,517929.2042,-49222.9558
2026-04-27,7086.1061,-7040.9419,289477.9542,-542383.6321,-101136.4170,-34276.1484,495703.3095,-39391.9596
2026-04-28,7464.1187,-6997.0096,314503.2468,-527255.2446,-103847.9361,-31860.7378,487620.4336,-83862.2575
2026-04-29,5978.5233,-7617.9992,230958.0720,-652296.5809,-128141.5227,-52141.5562,621893.1827,29947.9542
2026-04-30,6400.6553,-7695.1685,237769.5746,-665751.8970,-138722.6749,-53402.9638,639111.0724,45520.1827
2026-05-01,6397.6224,-10010.3103,185598.4366,-758096.2189,-186528.6852,-64951.0127,799873.0833,71064.7760
2026-05-04,5268.7607,-8954.9896,149260.3466,-858561.7095,-262391.8310,-95973.7322,911485.9089,204446.2210
2026-05-05,5846.2008,-8313.2814,168904.1228,-865135.6137,-291723.9682,-111030.7754,969106.3710,266804.3626
2026-05-06,6176.8537,-9134.3417,183500.7885,-837568.1933,-316741.5214,-103801.2640,984309.9496,214990.2596
2026-05-07,7661.4929,-9229.3173,211336.1944,-847705.3526,-332923.9409,-120012.3101,946821.8194,238365.9720
2026-05-08,6980.6037,-9093.1201,198141.2097,-873145.5059,-373426.8016,-135370.8915,953404.9875,261982.9490
2026-05-11,5455.9112,-8573.3875,161307.5328,-886875.3779,-572815.8497,-178276.3819,1060777.2615,279429.7831
2026-05-12,7380.4820,-9246.6781,242879.8080,-749225.9472,-714108.5084,-170093.7753,1042696.3154,164703.6134
2026-05-13,8140.7601,-9661.6905,283589.2537,-752956.1273,-1007797.8287,-240360.7652,1019848.7339,206709.2177
2026-05-14,9424.3548,-13423.2648,371452.7042,-644273.8989,-1445056.5747,-176360.7952,893528.7347,71025.8689
2026-05-15,12036.2764,-12731.2328,462001.5677,-521279.9863,-4815308.8812,597211.8997,798418.3530,7809.8785
2026-05-18,8310.9669,-6600.3189,427063.0117,-479917.6634,-110892.5469,-35936.2220,742537.8887,44824.2901
2026-05-19,9207.4743,-6605.5547,463804.1893,-453646.8642,-114992.8059,-29556.5934,661788.8070,-18321.9365
2026-05-20,9212.5263,-6998.2844,490831.1535,-459008.9447,-118035.3388,-32567.7382,682112.5522,-26120.6916
2026-05-21,9842.2103,-6655.5685,519410.2323,-428587.2938,-119631.9966,-28359.1681,627560.5825,-49099.7824
2026-05-22,10091.0379,-7006.2150,490416.6204,-446474.8271,-128626.3928,-28557.9409,703127.6382,-40348.5374
2026-05-26,9959.9404,-7554.2028,496816.6964,-461547.0996,-143003.5613,-31500.0348,693522.4722,-59307.1859
2026-05-27,10042.4800,-7269.6967,496787.7893,-458625.9355,-148701.1768,-30990.2788,732263.2281,-42371.8094
2026-05-28,9825.8153,-7776.2083,438373.3264,-527921.3848,-169898.9661,-40538.6073,816268.3614,25081.4180
2026-05-29,10712.9585,-8045.5113,487137.9610,-520889.5415,-172591.2104,-44685.4705,788519.7537,45456.8915
2026-06-01,9103.8975,-8535.9920,410825.7087,-602772.6089,-201066.8672,-58220.3678,928185.8466,87673.0879
2026-06-02,9127.9249,-8469.7357,409418.3183,-673346.7597,-235733.8166,-75671.1697,932311.6517,186556.9020
2026-06-03,10281.5342,-8639.1565,451176.5061,-639012.6253,-242732.0655,-69420.3190,867631.3681,153536.8734
2026-06-04,11493.5759,-8770.4252,514682.9370,-567279.8526,-245802.2642,-54782.9444,828249.8443,81160.2774
2026-06-05,12292.7346,-8960.3217,566769.8541,-524430.5363,-239500.9900,-42356.1908,751891.7820,15730.9768
2026-06-08,11393.8007,-9255.6136,505970.2113,-581875.3214,-301164.4735,-63366.0791,867218.7053,74183.7732
2026-06-09,12173.0480,-9200.4363,528095.2821,-556705.7885,-313407.5240,-54704.6713,841341.8184,49168.5812
2026-06-10,13686.4780,-8795.6729,634360.6177,-489716.8252,-323884.2355,-35465.2363,732074.9591,13546.0130
2026-06-11,12627.9995,-10032.3064,552936.5638,-550408.2944,-392942.1499,-57231.6523,789182.5982,24875.3515
2026-06-12,13358.6976,-10244.5996,575068.6734,-544197.1285,-434569.9228,-58008.6040,750222.4223,40009.3596
2026-06-15,13589.6436,-10950.3181,578811.5908,-538292.6149,-736807.0389,-60868.8345,703490.1901,19351.1095
2026-06-16,13715.7110,-11594.9560,551046.4621,-555376.3612,-1025571.4812,-91140.7651,701055.6414,55744.1503
2026-06-17,15114.6795,-11425.4837,560307.3130,-528641.3116,-1785331.2456,-38382.2938,630654.0670,22774.0862
2026-06-18,11547.9819,-9736.4818,471390.3032,-532584.8514,-6248978.5580,20701.8652,670153.5313,36752.2853
2026-06-22,9167.1591,-5091.8836,477697.5823,-411021.8427,-84533.2566,-22594.8790,605034.9065,22253.1355
2026-06-23,10206.0211,-5397.3491,502686.5236,-413064.2153,-100516.6218,-24217.6350,700013.5070,27672.9826
2026-06-24,10995.2680,-5422.1241,570104.0517,-390579.4524,-94006.3752,-19771.6500,606843.8456,-26527.2536
2026-06-25,13462.2692,-5024.9152,665771.6554,-360793.9321,-109115.8724,-17177.3498,650387.6798,-26593.9062
2026-06-26,14202.4627,-4701.8837,757906.7106,-333612.5504,-100622.8811,-14070.7604,545990.3162,-43594.9301
2026-06-29,13990.2549,-4253.2953,922424.2078,-289179.1825,-89556.7547,-8826.3856,446338.3861,-79909.8885
2026-06-30,13878.2926,-5140.9352,719510.3529,-359751.1176,-123966.2758,-16454.4466,675712.6339,-29719.7630
2026-07-01,13394.8166,-5462.3425,695228.7988,-393801.3994,-136814.3749,-17796.3959,755229.1436,-27105.3182
2026-07-02,13521.9156,-5636.5006,688928.5085,-402106.2508,-142584.9430,-19732.8395,761644.8370,-18725.7753
2026-07-06,14568.4050,-5354.6403,772064.3053,-370460.8489,-151098.2933,-16878.0708,700913.0009,-7366.2752
2026-07-07,15478.0482,-4871.8636,922115.7518,-323014.4132,-124484.9725,-7641.9950,558606.1708,-50187.6915
2026-07-08,15884.5063,-4961.2560,881800.8942,-331333.9509,-137370.0116,-5623.3551,583191.6608,-43289.8096
2026-07-09,16551.8813,-5092.0408,847835.2876,-343144.4166,-151158.2578,-4694.9092,601285.3975,-29256.2263
2026-07-10,16893.1422,-5018.0767,905573.0908,-331085.4004,-148029.5450,-1494.9055,579145.4004,-40048.3832
2026-07-13,17455.1094,-4585.4052,1001354.7205,-306172.6293,-102186.6875,43200.2990,432723.0504,-56434.2190
2026-07-14,15549.7349,-6113.1162,640517.5310,-433988.5136,-429201.6696,9809.3343,845818.2990,32989.8370
2026-07-15,20565.2401,-6626.0505,708914.4223,-423593.7195,-656246.6295,51199.6066,851358.2981,9531.2242
2026-07-16,24193.7332,-4884.1224,1064241.6956,-325388.6726,2138.6554,286742.6394,523524.2809,-51028.5907
2026-07-17,29421.1167,-5052.8911,1010176.4908,-334332.5483,-1096702.9338,1136885.6322,613000.7847,-33102.4766
2026-07-20,11205.5155,-5458.7244,664667.1343,-390417.2723,-112822.2217,-23901.2621,744859.0737,15007.2174
2026-07-21,12195.4796,-5622.3886,658723.8740,-413209.0609,-131509.1344,-26394.1203,832901.2037,45487.4248
2026-07-22,12535.5937,-5862.4754,671794.1909,-413866.7216,-132351.9906,-26124.6626,824263.1504,32082.1772
2026-07-23,11788.6705,-6388.5741,600774.1177,-465515.5882,-142779.7540,-31136.0013,911287.5997,73221.0339
2026-07-24,13356.1460,-5551.1333,795239.5888,-365423.4320,-124680.9117,-22400.4767,726998.1612,2696.5622
2026-07-27,13938.9954,-5028.9751,946675.7767,-316390.6521,-118747.4557,-17348.2056,625192.3349,-35743.6363
2026-07-28,14240.9384,-4611.7712,1124804.0295,-282514.8482,-103261.2039,-13298.1201,482357.6184,-71600.1083
2026-07-29,14549.9174,-4631.3105,1138588.9328,-291496.2257,-105369.5313,-15431.3568,471397.3197,-36831.2312
2026-07-30,14125.9735,-4798.8319,1143298.8418,-297119.9242,-107071.5350,-14999.5586,488481.5999,-52123.3163
2026-07-31,14523.1099,-6886.0031,719154.7440,-452825.3878,-170168.7865,-31273.4586,841566.5957,27304.3412
2026-08-03,15252.6278,-6968.5243,880528.4172,-404793.4485,-153451.7917,-21397.3037,668002.1978,-80351.7092
2026-08-04,16236.6843,-6632.3256,894206.0622,-398293.6864,-162196.5391,-20079.0299,661051.7702,-45683.5068
2026-08-05,16248.9128,-6651.1094,931126.7021,-387460.5284,-160812.1018,-16710.3586,631990.2846,-68684.0072
2026-08-06,16086.0593,-6720.1532,912392.8760,-371029.3034,-158602.4935,-14635.0476,597907.1988,-105369.6466
2026-08-07,16576.9529,-6879.0165,862408.3552,-394239.9812,-173680.7218,-15820.1874,633186.2709,-71701.4256
2026-08-10,16831.7198,-6842.9247,875129.6067,-383711.5919,-195877.2902,-8410.7300,635434.6991,-90961.2879
2026-08-11,18125.8086,-5920.8261,1033925.4127,-317439.0437,-157646.1134,7174.9657,456195.9639,-142054.3146
2026-08-12,18969.0566,-6781.6354,929896.6350,-358070.6235,-193157.4884,-1146.1462,514162.1056,-119052.0512
2026-08-13,18717.5957,-7037.9719,931475.6734,-347916.5012,-220421.5471,927.8473,591267.9001,-162974.8929
2026-08-14,18634.9980,-7499.0502,814071.1102,-394620.2555,-275079.8923,10078.5530,698131.5589,-158111.9907
2026-08-17,19215.6884,-7531.0242,824757.7717,-393393.1425,-407053.8262,44610.4150,735206.1441,-155895.9852
2026-08-18,21046.8480,-7604.6955,777387.2072,-386696.0659,-474260.1474,76447.8381,671401.7652,-131455.7912
2026-08-19,20735.1363,-7715.8240,753547.4305,-398965.2880,-625066.6014,148087.5154,679257.8984,-148757.4027
2026-08-20,22376.7141,-7445.4827,807422.0232,-376077.9407,-984062.9131,290572.1805,660465.8372,-158673.7807
2026-08-21,26260.6991,-7958.4013,654933.9448,-415737.6084,-4659642.0324,1404046.0642,748705.1974,-76470.7372
2026-08-24,11673.4281,-6750.5834,580205.0531,-395606.5250,-147557.4129,-23306.2497,657940.4407,-81580.6591
2026-08-25,11824.1671,-7302.0416,539169.9172,-447065.6446,-167995.0766,-29854.2856,797066.1396,-39731.2880
2026-08-26,15252.1472,-7035.3254,658344.7406,-420745.5754,-187379.2350,-25102.0915,802288.7361,-73218.8563
2026-08-27,14212.4574,-7493.4703,564300.9059,-468984.3154,-212258.6764,-33252.5062,934158.9204,-16041.7001
2026-08-28,14097.2415,-7611.6136,553952.8168,-461145.1398,-209558.4277,-31938.9015,868187.5862,-37414.7701
2026-08-31,14460.0984,-7653.2124,587752.5968,-439684.5713,-225519.6895,-28553.6819,877082.1762,-50463.9538
2026-09-01,14288.4275,-8204.8776,583284.0315,-452506.7819,-233421.2049,-30755.7973,884990.3906,-64277.9432
2026-09-02,13096.5912,-8418.2779,456880.6422,-543745.3442,-273885.4750,-46807.8887,970765.3123,34601.2765
2026-09-03,12648.0747,-8911.4314,446601.8832,-537499.4451,-290900.6023,-43862.8582,1003837.1164,2074.1576
2026-09-04,10306.8224,-8794.3761,350223.2138,-616558.9723,-328082.5757,-61593.8326,1189208.6144,130420.7046
2026-09-08,8120.6783,-9629.9645,281278.2220,-695967.1501,-444611.7999,-84297.2029,1284738.8737,180809.0993
2026-09-09,7327.5514,-8554.3852,220043.9239,-855706.7669,-568966.3213,-125142.9072,1337697.1709,389489.3619
2026-09-10,7044.0331,-9505.1538,217625.3349,-938590.3292,-631668.6218,-148348.1335,1559200.2653,449250.8541
2026-09-11,6835.2601,-10006.3268,209378.5877,-917034.0944,-683888.5023,-135100.3426,1536131.2493,394206.3993
2026-09-14,10287.1446,-10985.1146,350919.7408,-743208.7674,-882008.0043,-74082.9895,1310699.4280,192293.4662
2026-09-15,9312.3667,-11507.2549,300543.3326,-820729.8069,-854392.9486,-154072.0359,1290733.7685,272164.6813
2026-09-16,9958.5346,-11924.6708,314114.9416,-802196.3175,-728645.3605,-182824.5602,1164117.7182,245861.7755
2026-09-17,10696.0445,-12277.1617,338009.8559,-778543.4810,-2083493.2696,-225218.2231,1144688.5775,219804.8916
2026-09-18,10263.6229,-15015.3374,281844.1186,-835858.8568,-6163098.8023,-716589.1698,1096411.2649,310661.7241
2026-09-21,6667.0817,-7486.8216,252440.7974,-769221.2668,-126477.1418,-52890.2672,1024236.9725,282425.3040
2026-09-22,8425.0386,-8327.5888,295046.7714,-751727.5221,-142494.0600,-53605.3108,1111296.0328,241584.0049
2026-09-23,8428.1965,-8329.2763,284677.4479,-762732.9575,-150829.5899,-55332.1091,1161757.1802,260865.1607
2026-09-24,9378.7656,-8275.2157,303354.6638,-770594.7952,-156514.4647,-58431.4289,1131288.7713,299166.6383
2026-09-25,8286.3461,-8813.1043,270959.2436,-802860.1284,-168820.5430,-60127.8005,1238278.1558,281457.1225
2026-09-28,9015.1249,-8979.4915,297186.0988,-781269.8399,-178263.7900,-59395.2308,1188345.5969,253698.1202
